Date;Code Région;Nom Région;Max Conso totale gaz (KWh 0°C PCS)
21/01/2019;84;Auvergne-Rhône-Alpes;14168
31/01/2019;84;Auvergne-Rhône-Alpes;14428
07/02/2019;84;Auvergne-Rhône-Alpes;13802
12/02/2019;84;Auvergne-Rhône-Alpes;14065
19/02/2019;84;Auvergne-Rhône-Alpes;12208
21/02/2019;84;Auvergne-Rhône-Alpes;11920
28/02/2019;84;Auvergne-Rhône-Alpes;10434
03/05/2020;84;Auvergne-Rhône-Alpes;3952
07/05/2020;84;Auvergne-Rhône-Alpes;4244
11/05/2020;84;Auvergne-Rhône-Alpes;4039
14/05/2020;84;Auvergne-Rhône-Alpes;5389
19/05/2020;84;Auvergne-Rhône-Alpes;4130
20/05/2020;84;Auvergne-Rhône-Alpes;4205
24/05/2020;84;Auvergne-Rhône-Alpes;2715
25/05/2020;84;Auvergne-Rhône-Alpes;3502
12/06/2020;84;Auvergne-Rhône-Alpes;4204
16/06/2020;84;Auvergne-Rhône-Alpes;4402
21/06/2020;84;Auvergne-Rhône-Alpes;3014
25/06/2020;84;Auvergne-Rhône-Alpes;3869
27/06/2020;84;Auvergne-Rhône-Alpes;2935
06/07/2020;84;Auvergne-Rhône-Alpes;3705
07/07/2020;84;Auvergne-Rhône-Alpes;4205
10/07/2020;84;Auvergne-Rhône-Alpes;3816
13/07/2020;84;Auvergne-Rhône-Alpes;3039
17/07/2020;84;Auvergne-Rhône-Alpes;3915
21/07/2020;84;Auvergne-Rhône-Alpes;3725
26/07/2020;84;Auvergne-Rhône-Alpes;2673
30/07/2020;84;Auvergne-Rhône-Alpes;3541
05/08/2020;84;Auvergne-Rhône-Alpes;3104
09/08/2020;84;Auvergne-Rhône-Alpes;2269
11/08/2020;84;Auvergne-Rhône-Alpes;2770
08/09/2020;84;Auvergne-Rhône-Alpes;4378
13/09/2020;84;Auvergne-Rhône-Alpes;3052
16/09/2020;84;Auvergne-Rhône-Alpes;3999
24/09/2020;84;Auvergne-Rhône-Alpes;4420
30/09/2020;84;Auvergne-Rhône-Alpes;6987
12/11/2019;84;Auvergne-Rhône-Alpes;12218
09/04/2021;84;Auvergne-Rhône-Alpes;10082
12/04/2021;84;Auvergne-Rhône-Alpes;10055
15/04/2021;84;Auvergne-Rhône-Alpes;11397
17/04/2021;84;Auvergne-Rhône-Alpes;9626
02/05/2021;84;Auvergne-Rhône-Alpes;6840
09/07/2018;84;Auvergne-Rhône-Alpes;3011
25/06/2018;84;Auvergne-Rhône-Alpes;3424
27/06/2018;84;Auvergne-Rhône-Alpes;3365
05/07/2018;84;Auvergne-Rhône-Alpes;3872
19/08/2018;84;Auvergne-Rhône-Alpes;1798
26/08/2018;84;Auvergne-Rhône-Alpes;2212
08/04/2020;84;Auvergne-Rhône-Alpes;5534
01/05/2020;84;Auvergne-Rhône-Alpes;4243
28/01/2024;84;Auvergne-Rhône-Alpes;7884
02/02/2024;84;Auvergne-Rhône-Alpes;8576
06/02/2024;84;Auvergne-Rhône-Alpes;10591
10/02/2024;84;Auvergne-Rhône-Alpes;6397
05/12/2019;84;Auvergne-Rhône-Alpes;14578
06/12/2019;84;Auvergne-Rhône-Alpes;14895
08/12/2019;84;Auvergne-Rhône-Alpes;9315
11/12/2019;84;Auvergne-Rhône-Alpes;13573
18/12/2019;84;Auvergne-Rhône-Alpes;8891
29/12/2019;84;Auvergne-Rhône-Alpes;9066
08/01/2020;84;Auvergne-Rhône-Alpes;12144
17/12/2019;84;Auvergne-Rhône-Alpes;9411
05/12/2023;84;Auvergne-Rhône-Alpes;104933
10/12/2023;84;Auvergne-Rhône-Alpes;7142
13/12/2023;84;Auvergne-Rhône-Alpes;8231
14/12/2023;84;Auvergne-Rhône-Alpes;80001
20/12/2023;84;Auvergne-Rhône-Alpes;10034
27/12/2023;84;Auvergne-Rhône-Alpes;91549
28/12/2023;84;Auvergne-Rhône-Alpes;77195
03/01/2024;84;Auvergne-Rhône-Alpes;7936
05/01/2024;84;Auvergne-Rhône-Alpes;8471
06/01/2024;84;Auvergne-Rhône-Alpes;8317
18/02/2018;84;Auvergne-Rhône-Alpes;9766
19/02/2018;84;Auvergne-Rhône-Alpes;13749
21/02/2018;84;Auvergne-Rhône-Alpes;14590
24/02/2018;84;Auvergne-Rhône-Alpes;12719
28/02/2018;84;Auvergne-Rhône-Alpes;18654
05/03/2018;84;Auvergne-Rhône-Alpes;12221
09/03/2018;84;Auvergne-Rhône-Alpes;10221
10/03/2018;84;Auvergne-Rhône-Alpes;7597
12/03/2018;84;Auvergne-Rhône-Alpes;8891
18/03/2018;84;Auvergne-Rhône-Alpes;8876
24/03/2018;84;Auvergne-Rhône-Alpes;10867
22/08/2019;84;Auvergne-Rhône-Alpes;2794
27/08/2019;84;Auvergne-Rhône-Alpes;3494
06/09/2019;84;Auvergne-Rhône-Alpes;4392
10/09/2019;84;Auvergne-Rhône-Alpes;4624
12/09/2019;84;Auvergne-Rhône-Alpes;3929
13/09/2019;84;Auvergne-Rhône-Alpes;3791
15/09/2019;84;Auvergne-Rhône-Alpes;2326
17/09/2019;84;Auvergne-Rhône-Alpes;4084
19/09/2019;84;Auvergne-Rhône-Alpes;4472
20/09/2019;84;Auvergne-Rhône-Alpes;4490
23/09/2019;84;Auvergne-Rhône-Alpes;4260
27/09/2019;84;Auvergne-Rhône-Alpes;3765
18/05/2021;84;Auvergne-Rhône-Alpes;6715
19/05/2021;84;Auvergne-Rhône-Alpes;6740
25/05/2021;84;Auvergne-Rhône-Alpes;6123
11/06/2021;84;Auvergne-Rhône-Alpes;3587
27/06/2021;84;Auvergne-Rhône-Alpes;2998
28/11/2022;84;Auvergne-Rhône-Alpes;9176
03/12/2022;84;Auvergne-Rhône-Alpes;9299
06/12/2022;84;Auvergne-Rhône-Alpes;13011
07/12/2022;84;Auvergne-Rhône-Alpes;12398
09/12/2022;84;Auvergne-Rhône-Alpes;12243
10/12/2022;84;Auvergne-Rhône-Alpes;10839
11/12/2022;84;Auvergne-Rhône-Alpes;11616
17/12/2022;84;Auvergne-Rhône-Alpes;11747
20/12/2022;84;Auvergne-Rhône-Alpes;7931
23/12/2022;84;Auvergne-Rhône-Alpes;6726
21/01/2023;84;Auvergne-Rhône-Alpes;11206
22/01/2023;84;Auvergne-Rhône-Alpes;11505
27/01/2023;84;Auvergne-Rhône-Alpes;13344
30/01/2023;84;Auvergne-Rhône-Alpes;13493
31/01/2023;84;Auvergne-Rhône-Alpes;12349
13/02/2023;84;Auvergne-Rhône-Alpes;2413
15/02/2023;84;Auvergne-Rhône-Alpes;11447
16/02/2023;84;Auvergne-Rhône-Alpes;11434
19/02/2023;84;Auvergne-Rhône-Alpes;6834
20/02/2023;84;Auvergne-Rhône-Alpes;10363
05/03/2019;84;Auvergne-Rhône-Alpes;10629
08/03/2019;84;Auvergne-Rhône-Alpes;10095
29/03/2019;84;Auvergne-Rhône-Alpes;10278
04/04/2019;84;Auvergne-Rhône-Alpes;11128
10/04/2019;84;Auvergne-Rhône-Alpes;8486
11/04/2019;84;Auvergne-Rhône-Alpes;7987
20/04/2019;84;Auvergne-Rhône-Alpes;4215
24/04/2019;84;Auvergne-Rhône-Alpes;4591
04/05/2019;84;Auvergne-Rhône-Alpes;5963
07/05/2019;84;Auvergne-Rhône-Alpes;9950
08/05/2019;84;Auvergne-Rhône-Alpes;5428
09/05/2019;84;Auvergne-Rhône-Alpes;7890
10/05/2019;84;Auvergne-Rhône-Alpes;7497
12/05/2019;84;Auvergne-Rhône-Alpes;5163
27/05/2019;84;Auvergne-Rhône-Alpes;3874
31/05/2019;84;Auvergne-Rhône-Alpes;3375
01/06/2019;84;Auvergne-Rhône-Alpes;2712
06/06/2019;84;Auvergne-Rhône-Alpes;3884
13/06/2019;84;Auvergne-Rhône-Alpes;4383
14/06/2019;84;Auvergne-Rhône-Alpes;4242
19/06/2019;84;Auvergne-Rhône-Alpes;3421
27/06/2019;84;Auvergne-Rhône-Alpes;3892
20/03/2021;84;Auvergne-Rhône-Alpes;10748
22/03/2021;84;Auvergne-Rhône-Alpes;12540
27/03/2021;84;Auvergne-Rhône-Alpes;7441
29/03/2021;84;Auvergne-Rhône-Alpes;10287
13/06/2022;84;Auvergne-Rhône-Alpes;3678
14/06/2022;84;Auvergne-Rhône-Alpes;3755
15/06/2022;84;Auvergne-Rhône-Alpes;3707
21/06/2022;84;Auvergne-Rhône-Alpes;3671
24/06/2022;84;Auvergne-Rhône-Alpes;3632
25/06/2022;84;Auvergne-Rhône-Alpes;2856
26/06/2022;84;Auvergne-Rhône-Alpes;3008
29/06/2022;84;Auvergne-Rhône-Alpes;4041
22/07/2022;84;Auvergne-Rhône-Alpes;3557
27/07/2022;84;Auvergne-Rhône-Alpes;3544
31/07/2022;84;Auvergne-Rhône-Alpes;2716
05/08/2022;84;Auvergne-Rhône-Alpes;2881
11/02/2021;84;Auvergne-Rhône-Alpes;13736
15/02/2021;84;Auvergne-Rhône-Alpes;14193
16/02/2021;84;Auvergne-Rhône-Alpes;13059
20/02/2021;84;Auvergne-Rhône-Alpes;8438
21/02/2021;84;Auvergne-Rhône-Alpes;7898
23/02/2021;84;Auvergne-Rhône-Alpes;9738
24/02/2021;84;Auvergne-Rhône-Alpes;9124
27/02/2021;84;Auvergne-Rhône-Alpes;8265
08/03/2021;84;Auvergne-Rhône-Alpes;10988
11/03/2021;84;Auvergne-Rhône-Alpes;9322
17/09/2022;84;Auvergne-Rhône-Alpes;2491
20/09/2022;84;Auvergne-Rhône-Alpes;4443
12/07/2022;84;Auvergne-Rhône-Alpes;3796
17/07/2022;84;Auvergne-Rhône-Alpes;2987
18/07/2022;84;Auvergne-Rhône-Alpes;4152
17/06/2022;84;Auvergne-Rhône-Alpes;3635
13/03/2021;84;Auvergne-Rhône-Alpes;8414
12/08/2019;84;Auvergne-Rhône-Alpes;2251
19/08/2019;84;Auvergne-Rhône-Alpes;2394
01/04/2018;84;Auvergne-Rhône-Alpes;8231
06/04/2018;84;Auvergne-Rhône-Alpes;9813
08/04/2018;84;Auvergne-Rhône-Alpes;4948
12/04/2018;84;Auvergne-Rhône-Alpes;8037
16/04/2018;84;Auvergne-Rhône-Alpes;6268
20/11/2020;84;Auvergne-Rhône-Alpes;10881
24/11/2020;84;Auvergne-Rhône-Alpes;13707
25/11/2020;84;Auvergne-Rhône-Alpes;12909
29/11/2020;84;Auvergne-Rhône-Alpes;10549
03/12/2020;84;Auvergne-Rhône-Alpes;13341
11/12/2020;84;Auvergne-Rhône-Alpes;13498
12/12/2020;84;Auvergne-Rhône-Alpes;9547
16/12/2020;84;Auvergne-Rhône-Alpes;11566
25/12/2020;84;Auvergne-Rhône-Alpes;9176
01/01/2021;84;Auvergne-Rhône-Alpes;10162
19/07/2018;84;Auvergne-Rhône-Alpes;3103
28/07/2018;84;Auvergne-Rhône-Alpes;2200
29/07/2018;84;Auvergne-Rhône-Alpes;1874
08/08/2018;84;Auvergne-Rhône-Alpes;2005
10/08/2018;84;Auvergne-Rhône-Alpes;2200
16/08/2018;84;Auvergne-Rhône-Alpes;2120
30/04/2018;84;Auvergne-Rhône-Alpes;4981
02/05/2018;84;Auvergne-Rhône-Alpes;6437
03/05/2018;84;Auvergne-Rhône-Alpes;6344
05/05/2018;84;Auvergne-Rhône-Alpes;3886
07/05/2018;84;Auvergne-Rhône-Alpes;3323
12/05/2018;84;Auvergne-Rhône-Alpes;2971
20/05/2018;84;Auvergne-Rhône-Alpes;3114
22/05/2018;84;Auvergne-Rhône-Alpes;4076
23/05/2018;84;Auvergne-Rhône-Alpes;4089
24/05/2018;84;Auvergne-Rhône-Alpes;4308
26/05/2018;84;Auvergne-Rhône-Alpes;2685
05/06/2018;84;Auvergne-Rhône-Alpes;3622
07/09/2018;84;Auvergne-Rhône-Alpes;3573
08/09/2018;84;Auvergne-Rhône-Alpes;2657
31/10/2020;84;Auvergne-Rhône-Alpes;6702
02/11/2020;84;Auvergne-Rhône-Alpes;7122
12/11/2020;84;Auvergne-Rhône-Alpes;9450
02/07/2019;84;Auvergne-Rhône-Alpes;3242
04/07/2019;84;Auvergne-Rhône-Alpes;3323
12/07/2019;84;Auvergne-Rhône-Alpes;3228
15/07/2019;84;Auvergne-Rhône-Alpes;3153
28/07/2019;84;Auvergne-Rhône-Alpes;2632
30/07/2019;84;Auvergne-Rhône-Alpes;2853
31/07/2019;84;Auvergne-Rhône-Alpes;3293
02/08/2019;84;Auvergne-Rhône-Alpes;3460
16/01/2021;84;Auvergne-Rhône-Alpes;13246
19/01/2021;84;Auvergne-Rhône-Alpes;15494
21/01/2021;84;Auvergne-Rhône-Alpes;10794
23/01/2021;84;Auvergne-Rhône-Alpes;10680
27/01/2021;84;Auvergne-Rhône-Alpes;14016
31/01/2021;84;Auvergne-Rhône-Alpes;9044
02/02/2021;84;Auvergne-Rhône-Alpes;10876
01/09/2018;84;Auvergne-Rhône-Alpes;2538
02/09/2018;84;Auvergne-Rhône-Alpes;2417
16/08/2022;84;Auvergne-Rhône-Alpes;2695
17/08/2022;84;Auvergne-Rhône-Alpes;2660
21/08/2022;84;Auvergne-Rhône-Alpes;2551
29/08/2022;84;Auvergne-Rhône-Alpes;3286
02/09/2022;84;Auvergne-Rhône-Alpes;3812
03/09/2022;84;Auvergne-Rhône-Alpes;2952
16/09/2022;84;Auvergne-Rhône-Alpes;3184
19/09/2022;84;Auvergne-Rhône-Alpes;4232
23/09/2022;84;Auvergne-Rhône-Alpes;4596
29/09/2022;84;Auvergne-Rhône-Alpes;4344
03/10/2022;84;Auvergne-Rhône-Alpes;4050
20/10/2022;84;Auvergne-Rhône-Alpes;4254
25/10/2022;84;Auvergne-Rhône-Alpes;4660
28/10/2022;84;Auvergne-Rhône-Alpes;4244
29/10/2022;84;Auvergne-Rhône-Alpes;3627
02/11/2022;84;Auvergne-Rhône-Alpes;4876
21/01/2022;84;Auvergne-Rhône-Alpes;14542
26/01/2022;84;Auvergne-Rhône-Alpes;15225
27/01/2022;84;Auvergne-Rhône-Alpes;15387
30/01/2022;84;Auvergne-Rhône-Alpes;11195
09/02/2022;84;Auvergne-Rhône-Alpes;13965
13/02/2022;84;Auvergne-Rhône-Alpes;9679
17/02/2022;84;Auvergne-Rhône-Alpes;9611
22/02/2022;84;Auvergne-Rhône-Alpes;10963
24/02/2022;84;Auvergne-Rhône-Alpes;10387
25/02/2022;84;Auvergne-Rhône-Alpes;10339
26/02/2022;84;Auvergne-Rhône-Alpes;9866
03/03/2022;84;Auvergne-Rhône-Alpes;11041
04/03/2022;84;Auvergne-Rhône-Alpes;11241
06/03/2022;84;Auvergne-Rhône-Alpes;11030
07/03/2022;84;Auvergne-Rhône-Alpes;13507
08/03/2022;84;Auvergne-Rhône-Alpes;13620
10/03/2022;84;Auvergne-Rhône-Alpes;11751
20/03/2022;84;Auvergne-Rhône-Alpes;7615
23/03/2022;84;Auvergne-Rhône-Alpes;10787
24/03/2022;84;Auvergne-Rhône-Alpes;10595
01/04/2022;84;Auvergne-Rhône-Alpes;10782
06/04/2022;84;Auvergne-Rhône-Alpes;9417
12/04/2022;84;Auvergne-Rhône-Alpes;8076
13/04/2022;84;Auvergne-Rhône-Alpes;7741
27/04/2022;84;Auvergne-Rhône-Alpes;7037
28/04/2022;84;Auvergne-Rhône-Alpes;6426
09/05/2022;84;Auvergne-Rhône-Alpes;4257
10/05/2022;84;Auvergne-Rhône-Alpes;4003
13/05/2022;84;Auvergne-Rhône-Alpes;3517
30/05/2022;84;Auvergne-Rhône-Alpes;3844
31/05/2022;84;Auvergne-Rhône-Alpes;4032
02/06/2022;84;Auvergne-Rhône-Alpes;4090
04/06/2022;84;Auvergne-Rhône-Alpes;2483
07/06/2022;84;Auvergne-Rhône-Alpes;3822
08/06/2022;84;Auvergne-Rhône-Alpes;3946
18/08/2023;84;Auvergne-Rhône-Alpes;1798
19/08/2023;84;Auvergne-Rhône-Alpes;1451
01/09/2023;84;Auvergne-Rhône-Alpes;2725
12/09/2023;84;Auvergne-Rhône-Alpes;2775
15/09/2023;84;Auvergne-Rhône-Alpes;2839
18/09/2023;84;Auvergne-Rhône-Alpes;2557
22/09/2023;84;Auvergne-Rhône-Alpes;3059
23/09/2023;84;Auvergne-Rhône-Alpes;2187
30/09/2023;84;Auvergne-Rhône-Alpes;1984
03/10/2023;84;Auvergne-Rhône-Alpes;2940
14/10/2023;84;Auvergne-Rhône-Alpes;2152
04/11/2023;84;Auvergne-Rhône-Alpes;5488
09/11/2023;84;Auvergne-Rhône-Alpes;7165
18/11/2023;84;Auvergne-Rhône-Alpes;6670
19/11/2023;84;Auvergne-Rhône-Alpes;5860
22/11/2023;84;Auvergne-Rhône-Alpes;8580
08/10/2020;84;Auvergne-Rhône-Alpes;7395
09/10/2020;84;Auvergne-Rhône-Alpes;7428
13/10/2020;84;Auvergne-Rhône-Alpes;9847
15/10/2020;84;Auvergne-Rhône-Alpes;9782
20/10/2020;84;Auvergne-Rhône-Alpes;8280
29/12/2021;84;Auvergne-Rhône-Alpes;8127
04/01/2022;84;Auvergne-Rhône-Alpes;9642
08/01/2022;84;Auvergne-Rhône-Alpes;10353
09/01/2022;84;Auvergne-Rhône-Alpes;10180
14/01/2022;84;Auvergne-Rhône-Alpes;15593
19/10/2023;84;Auvergne-Rhône-Alpes;4018
25/10/2023;84;Auvergne-Rhône-Alpes;4786
30/10/2023;84;Auvergne-Rhône-Alpes;3805
16/03/2022;84;Auvergne-Rhône-Alpes;9680
13/01/2020;84;Auvergne-Rhône-Alpes;12894
14/01/2020;84;Auvergne-Rhône-Alpes;11811
17/01/2020;84;Auvergne-Rhône-Alpes;11051
24/01/2020;84;Auvergne-Rhône-Alpes;14300
26/01/2020;84;Auvergne-Rhône-Alpes;10087
29/01/2020;84;Auvergne-Rhône-Alpes;11902
30/01/2020;84;Auvergne-Rhône-Alpes;13157
04/02/2020;84;Auvergne-Rhône-Alpes;10319
05/02/2020;84;Auvergne-Rhône-Alpes;12043
10/02/2020;84;Auvergne-Rhône-Alpes;9083
12/02/2020;84;Auvergne-Rhône-Alpes;12226
16/02/2020;84;Auvergne-Rhône-Alpes;8106
12/07/2023;84;Auvergne-Rhône-Alpes;2559
19/07/2023;84;Auvergne-Rhône-Alpes;2770
30/07/2023;84;Auvergne-Rhône-Alpes;1632
01/08/2023;84;Auvergne-Rhône-Alpes;2021
02/08/2023;84;Auvergne-Rhône-Alpes;2079
09/08/2023;84;Auvergne-Rhône-Alpes;1885
10/08/2023;84;Auvergne-Rhône-Alpes;1855
20/09/2018;84;Auvergne-Rhône-Alpes;3478
21/09/2018;84;Auvergne-Rhône-Alpes;3397
22/09/2018;84;Auvergne-Rhône-Alpes;2810
23/09/2018;84;Auvergne-Rhône-Alpes;2447
09/10/2018;84;Auvergne-Rhône-Alpes;5873
15/10/2018;84;Auvergne-Rhône-Alpes;4939
16/10/2018;84;Auvergne-Rhône-Alpes;5226
18/05/2023;84;Auvergne-Rhône-Alpes;4004
27/05/2023;84;Auvergne-Rhône-Alpes;2216
28/05/2023;84;Auvergne-Rhône-Alpes;1951
29/05/2023;84;Auvergne-Rhône-Alpes;2140
30/05/2023;84;Auvergne-Rhône-Alpes;2962
31/05/2023;84;Auvergne-Rhône-Alpes;2945
02/06/2023;84;Auvergne-Rhône-Alpes;3038
05/06/2023;84;Auvergne-Rhône-Alpes;3039
06/06/2023;84;Auvergne-Rhône-Alpes;3081
07/06/2023;84;Auvergne-Rhône-Alpes;3088
16/06/2023;84;Auvergne-Rhône-Alpes;2941
17/06/2023;84;Auvergne-Rhône-Alpes;2089
23/06/2023;84;Auvergne-Rhône-Alpes;2973
21/02/2023;84;Auvergne-Rhône-Alpes;10478
22/02/2023;84;Auvergne-Rhône-Alpes;9539
25/02/2023;84;Auvergne-Rhône-Alpes;7848
05/03/2023;84;Auvergne-Rhône-Alpes;9982
11/03/2023;84;Auvergne-Rhône-Alpes;7357
14/03/2023;84;Auvergne-Rhône-Alpes;7057
15/03/2023;84;Auvergne-Rhône-Alpes;9963
20/03/2023;84;Auvergne-Rhône-Alpes;8701
21/03/2023;84;Auvergne-Rhône-Alpes;9382
28/03/2023;84;Auvergne-Rhône-Alpes;11092
30/03/2023;84;Auvergne-Rhône-Alpes;6074
02/04/2023;84;Auvergne-Rhône-Alpes;5797
04/04/2023;84;Auvergne-Rhône-Alpes;10531
10/04/2023;84;Auvergne-Rhône-Alpes;5547
19/04/2023;84;Auvergne-Rhône-Alpes;7609
23/04/2023;84;Auvergne-Rhône-Alpes;4305
03/05/2023;84;Auvergne-Rhône-Alpes;4658
07/05/2023;84;Auvergne-Rhône-Alpes;3043
08/05/2023;84;Auvergne-Rhône-Alpes;3244
10/05/2023;84;Auvergne-Rhône-Alpes;4794
11/05/2023;84;Auvergne-Rhône-Alpes;5123
14/05/2023;84;Auvergne-Rhône-Alpes;3986
16/01/2019;84;Auvergne-Rhône-Alpes;15244
17/01/2019;84;Auvergne-Rhône-Alpes;12797
18/01/2019;84;Auvergne-Rhône-Alpes;14241
22/08/2020;84;Auvergne-Rhône-Alpes;1952
27/08/2020;84;Auvergne-Rhône-Alpes;3027
29/08/2020;84;Auvergne-Rhône-Alpes;2916
23/10/2018;84;Auvergne-Rhône-Alpes;7524
28/10/2018;84;Auvergne-Rhône-Alpes;6890
02/11/2018;84;Auvergne-Rhône-Alpes;9063
10/11/2018;84;Auvergne-Rhône-Alpes;6570
11/11/2018;84;Auvergne-Rhône-Alpes;5948
16/11/2018;84;Auvergne-Rhône-Alpes;9706
23/11/2018;84;Auvergne-Rhône-Alpes;12256
24/11/2018;84;Auvergne-Rhône-Alpes;10423
01/12/2018;84;Auvergne-Rhône-Alpes;9143
06/12/2018;84;Auvergne-Rhône-Alpes;10281
14/12/2018;84;Auvergne-Rhône-Alpes;14746
22/12/2018;84;Auvergne-Rhône-Alpes;8029
01/01/2019;84;Auvergne-Rhône-Alpes;9620
10/01/2019;84;Auvergne-Rhône-Alpes;15285
18/08/2021;84;Auvergne-Rhône-Alpes;2358
19/08/2021;84;Auvergne-Rhône-Alpes;2380
29/08/2021;84;Auvergne-Rhône-Alpes;2724
05/09/2021;84;Auvergne-Rhône-Alpes;2606
06/09/2021;84;Auvergne-Rhône-Alpes;3390
11/09/2021;84;Auvergne-Rhône-Alpes;3119
12/09/2021;84;Auvergne-Rhône-Alpes;3004
17/09/2021;84;Auvergne-Rhône-Alpes;4430
19/09/2021;84;Auvergne-Rhône-Alpes;3235
21/09/2021;84;Auvergne-Rhône-Alpes;4793
25/09/2021;84;Auvergne-Rhône-Alpes;2838
01/10/2021;84;Auvergne-Rhône-Alpes;4855
05/10/2021;84;Auvergne-Rhône-Alpes;5165
07/10/2021;84;Auvergne-Rhône-Alpes;6304
09/10/2021;84;Auvergne-Rhône-Alpes;5052
11/10/2021;84;Auvergne-Rhône-Alpes;7904
12/10/2021;84;Auvergne-Rhône-Alpes;8197
18/10/2021;84;Auvergne-Rhône-Alpes;8875
20/10/2021;84;Auvergne-Rhône-Alpes;6280
24/10/2021;84;Auvergne-Rhône-Alpes;7365
25/10/2021;84;Auvergne-Rhône-Alpes;9235
27/10/2021;84;Auvergne-Rhône-Alpes;8899
29/10/2021;84;Auvergne-Rhône-Alpes;7439
19/11/2021;84;Auvergne-Rhône-Alpes;11397
21/11/2021;84;Auvergne-Rhône-Alpes;9080
25/11/2021;84;Auvergne-Rhône-Alpes;12236
27/11/2021;84;Auvergne-Rhône-Alpes;10290
06/12/2021;84;Auvergne-Rhône-Alpes;13079
11/12/2021;84;Auvergne-Rhône-Alpes;11594
13/02/2024;84;Auvergne-Rhône-Alpes;76161
25/02/2024;84;Auvergne-Rhône-Alpes;7327
01/03/2024;84;Auvergne-Rhône-Alpes;8168
02/03/2024;84;Auvergne-Rhône-Alpes;6658
04/03/2024;84;Auvergne-Rhône-Alpes;9683
08/03/2024;84;Auvergne-Rhône-Alpes;9399
10/03/2024;84;Auvergne-Rhône-Alpes;7085
14/03/2024;84;Auvergne-Rhône-Alpes;8803
18/03/2024;84;Auvergne-Rhône-Alpes;6050
19/03/2024;84;Auvergne-Rhône-Alpes;7119
23/03/2024;84;Auvergne-Rhône-Alpes;4394
24/03/2024;84;Auvergne-Rhône-Alpes;6960
25/03/2024;84;Auvergne-Rhône-Alpes;8707
11/04/2024;84;Auvergne-Rhône-Alpes;7270
14/04/2024;84;Auvergne-Rhône-Alpes;2679
16/04/2024;84;Auvergne-Rhône-Alpes;4432
17/04/2024;84;Auvergne-Rhône-Alpes;5535
18/04/2024;84;Auvergne-Rhône-Alpes;6728
25/04/2024;84;Auvergne-Rhône-Alpes;8979
08/07/2021;84;Auvergne-Rhône-Alpes;4316
13/07/2021;84;Auvergne-Rhône-Alpes;4204
19/07/2021;84;Auvergne-Rhône-Alpes;3191
25/07/2021;84;Auvergne-Rhône-Alpes;2282
13/11/2022;84;Auvergne-Rhône-Alpes;6136
23/11/2022;84;Auvergne-Rhône-Alpes;9399
24/11/2022;84;Auvergne-Rhône-Alpes;10146
17/11/2019;84;Auvergne-Rhône-Alpes;10871
28/11/2019;84;Auvergne-Rhône-Alpes;9967
29/11/2019;84;Auvergne-Rhône-Alpes;10441
24/02/2020;84;Auvergne-Rhône-Alpes;9737
04/03/2020;84;Auvergne-Rhône-Alpes;12042
08/03/2020;84;Auvergne-Rhône-Alpes;9656
09/03/2020;84;Auvergne-Rhône-Alpes;11171
15/03/2020;84;Auvergne-Rhône-Alpes;8479
16/03/2020;84;Auvergne-Rhône-Alpes;9311
19/03/2020;84;Auvergne-Rhône-Alpes;7707
26/03/2020;84;Auvergne-Rhône-Alpes;9053
29/07/2021;84;Auvergne-Rhône-Alpes;3069
01/08/2021;84;Auvergne-Rhône-Alpes;2140
08/08/2021;84;Auvergne-Rhône-Alpes;2063
10/01/2018;84;Auvergne-Rhône-Alpes;11294
16/01/2018;84;Auvergne-Rhône-Alpes;11281
17/01/2018;84;Auvergne-Rhône-Alpes;11709
18/01/2018;84;Auvergne-Rhône-Alpes;11916
30/01/2018;84;Auvergne-Rhône-Alpes;11532
31/01/2018;84;Auvergne-Rhône-Alpes;11173
04/10/2019;84;Auvergne-Rhône-Alpes;5900
08/10/2019;84;Auvergne-Rhône-Alpes;6769
14/10/2019;84;Auvergne-Rhône-Alpes;4962
16/10/2019;84;Auvergne-Rhône-Alpes;6985
18/10/2019;84;Auvergne-Rhône-Alpes;6106
20/10/2019;84;Auvergne-Rhône-Alpes;4391
26/10/2019;84;Auvergne-Rhône-Alpes;5909
27/10/2019;84;Auvergne-Rhône-Alpes;4559
28/10/2019;84;Auvergne-Rhône-Alpes;6219
01/11/2019;84;Auvergne-Rhône-Alpes;5872
05/11/2019;84;Auvergne-Rhône-Alpes;8935
07/11/2019;84;Auvergne-Rhône-Alpes;10087
08/11/2019;84;Auvergne-Rhône-Alpes;11257
12/01/2024;84;Auvergne-Rhône-Alpes;13124
15/01/2024;84;Auvergne-Rhône-Alpes;12112
23/01/2024;84;Auvergne-Rhône-Alpes;10324
25/01/2024;84;Auvergne-Rhône-Alpes;9239
21/06/2021;84;Auvergne-Rhône-Alpes;3165
24/06/2021;84;Auvergne-Rhône-Alpes;4212
28/06/2021;84;Auvergne-Rhône-Alpes;3962
29/06/2021;84;Auvergne-Rhône-Alpes;4249
01/07/2021;84;Auvergne-Rhône-Alpes;4311
29/11/2022;84;Auvergne-Rhône-Alpes;9857
13/12/2022;84;Auvergne-Rhône-Alpes;13421
18/12/2022;84;Auvergne-Rhône-Alpes;11371
03/01/2023;84;Auvergne-Rhône-Alpes;8106
04/01/2023;84;Auvergne-Rhône-Alpes;9277
08/01/2023;84;Auvergne-Rhône-Alpes;6038
09/01/2023;84;Auvergne-Rhône-Alpes;8746
11/01/2023;84;Auvergne-Rhône-Alpes;9183
16/01/2023;84;Auvergne-Rhône-Alpes;10287
17/01/2023;84;Auvergne-Rhône-Alpes;11141
23/01/2023;84;Auvergne-Rhône-Alpes;13438
28/01/2023;84;Auvergne-Rhône-Alpes;11688
29/01/2023;84;Auvergne-Rhône-Alpes;10725
04/02/2023;84;Auvergne-Rhône-Alpes;9423
05/02/2023;84;Auvergne-Rhône-Alpes;6679
10/02/2023;84;Auvergne-Rhône-Alpes;13243
21/03/2018;84;Auvergne-Rhône-Alpes;14975
26/08/2019;84;Auvergne-Rhône-Alpes;3252
28/08/2019;84;Auvergne-Rhône-Alpes;3625
14/09/2019;84;Auvergne-Rhône-Alpes;2535
18/09/2019;84;Auvergne-Rhône-Alpes;4207
04/03/2019;84;Auvergne-Rhône-Alpes;8943
07/03/2019;84;Auvergne-Rhône-Alpes;9618
09/03/2019;84;Auvergne-Rhône-Alpes;7911
15/03/2019;84;Auvergne-Rhône-Alpes;9973
18/03/2019;84;Auvergne-Rhône-Alpes;10482
19/03/2019;84;Auvergne-Rhône-Alpes;12297
22/03/2019;84;Auvergne-Rhône-Alpes;11425
25/03/2019;84;Auvergne-Rhône-Alpes;8512
07/04/2019;84;Auvergne-Rhône-Alpes;6952
19/04/2019;84;Auvergne-Rhône-Alpes;6138
23/04/2019;84;Auvergne-Rhône-Alpes;4269
27/04/2019;84;Auvergne-Rhône-Alpes;5428
29/04/2019;84;Auvergne-Rhône-Alpes;8120
01/05/2019;84;Auvergne-Rhône-Alpes;5995
14/05/2019;84;Auvergne-Rhône-Alpes;7267
28/04/2018;84;Auvergne-Rhône-Alpes;3568
06/05/2018;84;Auvergne-Rhône-Alpes;2982
13/05/2018;84;Auvergne-Rhône-Alpes;4655
17/05/2018;84;Auvergne-Rhône-Alpes;5506
21/05/2018;84;Auvergne-Rhône-Alpes;3037
28/05/2018;84;Auvergne-Rhône-Alpes;3400
02/06/2018;84;Auvergne-Rhône-Alpes;2712
03/06/2018;84;Auvergne-Rhône-Alpes;2627
21/07/2018;84;Auvergne-Rhône-Alpes;2226
25/07/2018;84;Auvergne-Rhône-Alpes;3142
27/07/2018;84;Auvergne-Rhône-Alpes;3045
02/08/2018;84;Auvergne-Rhône-Alpes;2710
03/08/2018;84;Auvergne-Rhône-Alpes;2898
06/08/2018;84;Auvergne-Rhône-Alpes;2421
21/08/2018;84;Auvergne-Rhône-Alpes;3173
22/08/2018;84;Auvergne-Rhône-Alpes;3240
10/09/2018;84;Auvergne-Rhône-Alpes;3415
12/09/2018;84;Auvergne-Rhône-Alpes;3428
22/10/2020;84;Auvergne-Rhône-Alpes;6318
24/10/2020;84;Auvergne-Rhône-Alpes;6210
25/10/2020;84;Auvergne-Rhône-Alpes;5986
26/10/2020;84;Auvergne-Rhône-Alpes;7816
29/10/2020;84;Auvergne-Rhône-Alpes;7431
30/10/2020;84;Auvergne-Rhône-Alpes;7498
04/11/2020;84;Auvergne-Rhône-Alpes;9557
05/11/2020;84;Auvergne-Rhône-Alpes;9584
07/11/2020;84;Auvergne-Rhône-Alpes;6616
08/11/2020;84;Auvergne-Rhône-Alpes;7054
14/11/2020;84;Auvergne-Rhône-Alpes;7145
09/08/2019;84;Auvergne-Rhône-Alpes;2233
10/08/2019;84;Auvergne-Rhône-Alpes;1862
17/08/2019;84;Auvergne-Rhône-Alpes;2015
05/04/2018;84;Auvergne-Rhône-Alpes;8772
07/04/2018;84;Auvergne-Rhône-Alpes;5820
14/04/2018;84;Auvergne-Rhône-Alpes;5689
20/04/2018;84;Auvergne-Rhône-Alpes;4604
23/04/2018;84;Auvergne-Rhône-Alpes;3946
24/04/2018;84;Auvergne-Rhône-Alpes;4441
30/06/2019;84;Auvergne-Rhône-Alpes;2162
01/07/2019;84;Auvergne-Rhône-Alpes;2956
03/07/2019;84;Auvergne-Rhône-Alpes;3216
06/07/2019;84;Auvergne-Rhône-Alpes;2316
21/07/2019;84;Auvergne-Rhône-Alpes;2123
23/07/2019;84;Auvergne-Rhône-Alpes;3666
25/07/2019;84;Auvergne-Rhône-Alpes;3611
07/08/2019;84;Auvergne-Rhône-Alpes;2314
11/11/2019;84;Auvergne-Rhône-Alpes;9692
13/11/2019;84;Auvergne-Rhône-Alpes;12457
11/04/2021;84;Auvergne-Rhône-Alpes;7852
04/07/2018;84;Auvergne-Rhône-Alpes;3326
13/04/2021;84;Auvergne-Rhône-Alpes;11371
07/07/2018;84;Auvergne-Rhône-Alpes;2399
18/04/2021;84;Auvergne-Rhône-Alpes;8183
29/08/2018;84;Auvergne-Rhône-Alpes;3618
27/04/2021;84;Auvergne-Rhône-Alpes;6427
03/05/2021;84;Auvergne-Rhône-Alpes;8698
10/05/2021;84;Auvergne-Rhône-Alpes;4506
13/05/2021;84;Auvergne-Rhône-Alpes;5320
09/10/2019;84;Auvergne-Rhône-Alpes;5536
21/10/2019;84;Auvergne-Rhône-Alpes;5810
22/10/2019;84;Auvergne-Rhône-Alpes;6723
25/10/2019;84;Auvergne-Rhône-Alpes;6730
29/10/2019;84;Auvergne-Rhône-Alpes;6488
03/11/2019;84;Auvergne-Rhône-Alpes;5432
05/09/2019;84;Auvergne-Rhône-Alpes;4136
22/09/2019;84;Auvergne-Rhône-Alpes;2592
24/09/2019;84;Auvergne-Rhône-Alpes;4451
29/09/2019;84;Auvergne-Rhône-Alpes;2701
15/06/2021;84;Auvergne-Rhône-Alpes;4049
26/06/2021;84;Auvergne-Rhône-Alpes;2600
27/02/2018;84;Auvergne-Rhône-Alpes;18320
07/03/2018;84;Auvergne-Rhône-Alpes;12263
11/03/2018;84;Auvergne-Rhône-Alpes;6259
15/03/2018;84;Auvergne-Rhône-Alpes;8927
17/03/2018;84;Auvergne-Rhône-Alpes;8459
19/03/2018;84;Auvergne-Rhône-Alpes;12479
22/03/2018;84;Auvergne-Rhône-Alpes;14979
16/02/2018;84;Auvergne-Rhône-Alpes;11505
23/03/2018;84;Auvergne-Rhône-Alpes;13019
06/01/2018;84;Auvergne-Rhône-Alpes;8136
21/05/2021;84;Auvergne-Rhône-Alpes;5389
22/05/2021;84;Auvergne-Rhône-Alpes;5018
27/05/2021;84;Auvergne-Rhône-Alpes;5839
04/06/2021;84;Auvergne-Rhône-Alpes;4186
06/06/2021;84;Auvergne-Rhône-Alpes;3160
03/07/2021;84;Auvergne-Rhône-Alpes;2967
12/12/2022;84;Auvergne-Rhône-Alpes;14073
27/12/2022;84;Auvergne-Rhône-Alpes;7020
06/01/2023;84;Auvergne-Rhône-Alpes;7776
14/01/2023;84;Auvergne-Rhône-Alpes;7989
25/01/2023;84;Auvergne-Rhône-Alpes;12719
02/02/2023;84;Auvergne-Rhône-Alpes;11805
07/02/2023;84;Auvergne-Rhône-Alpes;12045
16/01/2020;84;Auvergne-Rhône-Alpes;12117
21/01/2020;84;Auvergne-Rhône-Alpes;14754
22/01/2020;84;Auvergne-Rhône-Alpes;14855
23/01/2020;84;Auvergne-Rhône-Alpes;14678
31/01/2020;84;Auvergne-Rhône-Alpes;10815
02/02/2020;84;Auvergne-Rhône-Alpes;7404
13/02/2020;84;Auvergne-Rhône-Alpes;13216
17/02/2020;84;Auvergne-Rhône-Alpes;9160
19/02/2020;84;Auvergne-Rhône-Alpes;11881
28/03/2020;84;Auvergne-Rhône-Alpes;7641
29/03/2020;84;Auvergne-Rhône-Alpes;7374
02/04/2020;84;Auvergne-Rhône-Alpes;9333
28/03/2024;84;Auvergne-Rhône-Alpes;8097
30/03/2024;84;Auvergne-Rhône-Alpes;4690
01/04/2024;84;Auvergne-Rhône-Alpes;5724
04/04/2024;84;Auvergne-Rhône-Alpes;6712
07/04/2024;84;Auvergne-Rhône-Alpes;2783
08/04/2024;84;Auvergne-Rhône-Alpes;3801
09/04/2024;84;Auvergne-Rhône-Alpes;4732
10/04/2024;84;Auvergne-Rhône-Alpes;6511
12/04/2024;84;Auvergne-Rhône-Alpes;6405
20/04/2024;84;Auvergne-Rhône-Alpes;5158
22/04/2024;84;Auvergne-Rhône-Alpes;8248
26/04/2024;84;Auvergne-Rhône-Alpes;7395
30/04/2024;84;Auvergne-Rhône-Alpes;5775
04/07/2021;84;Auvergne-Rhône-Alpes;2555
10/07/2021;84;Auvergne-Rhône-Alpes;2557
16/07/2021;84;Auvergne-Rhône-Alpes;3524
21/07/2021;84;Auvergne-Rhône-Alpes;3469
28/07/2021;84;Auvergne-Rhône-Alpes;3099
11/08/2021;84;Auvergne-Rhône-Alpes;2375
14/08/2021;84;Auvergne-Rhône-Alpes;1853
15/08/2022;84;Auvergne-Rhône-Alpes;2425
04/09/2022;84;Auvergne-Rhône-Alpes;2983
12/09/2022;84;Auvergne-Rhône-Alpes;3830
21/09/2022;84;Auvergne-Rhône-Alpes;4472
30/09/2022;84;Auvergne-Rhône-Alpes;4814
06/10/2022;84;Auvergne-Rhône-Alpes;4028
09/10/2022;84;Auvergne-Rhône-Alpes;3029
11/10/2022;84;Auvergne-Rhône-Alpes;4023
12/10/2022;84;Auvergne-Rhône-Alpes;3969
16/10/2022;84;Auvergne-Rhône-Alpes;3257
19/10/2022;84;Auvergne-Rhône-Alpes;4603
21/10/2022;84;Auvergne-Rhône-Alpes;4138
26/08/2021;84;Auvergne-Rhône-Alpes;3076
30/08/2021;84;Auvergne-Rhône-Alpes;3867
31/08/2021;84;Auvergne-Rhône-Alpes;4059
04/09/2021;84;Auvergne-Rhône-Alpes;2463
13/09/2021;84;Auvergne-Rhône-Alpes;4093
15/09/2021;84;Auvergne-Rhône-Alpes;4012
16/09/2021;84;Auvergne-Rhône-Alpes;4067
22/09/2021;84;Auvergne-Rhône-Alpes;4906
28/09/2021;84;Auvergne-Rhône-Alpes;4889
06/10/2021;84;Auvergne-Rhône-Alpes;5676
19/10/2021;84;Auvergne-Rhône-Alpes;8515
22/10/2021;84;Auvergne-Rhône-Alpes;7398
28/10/2021;84;Auvergne-Rhône-Alpes;9312
30/10/2021;84;Auvergne-Rhône-Alpes;5517
09/11/2021;84;Auvergne-Rhône-Alpes;11359
13/11/2021;84;Auvergne-Rhône-Alpes;9393
17/11/2021;84;Auvergne-Rhône-Alpes;11108
20/11/2021;84;Auvergne-Rhône-Alpes;9855
23/11/2021;84;Auvergne-Rhône-Alpes;11993
24/11/2021;84;Auvergne-Rhône-Alpes;11663
29/11/2021;84;Auvergne-Rhône-Alpes;12688
01/12/2021;84;Auvergne-Rhône-Alpes;12968
13/12/2021;84;Auvergne-Rhône-Alpes;13909
14/12/2021;84;Auvergne-Rhône-Alpes;14294
15/12/2021;84;Auvergne-Rhône-Alpes;14136
19/12/2021;84;Auvergne-Rhône-Alpes;11827
23/02/2023;84;Auvergne-Rhône-Alpes;9238
24/02/2023;84;Auvergne-Rhône-Alpes;9065
13/03/2023;84;Auvergne-Rhône-Alpes;7448
19/03/2023;84;Auvergne-Rhône-Alpes;5822
22/03/2023;84;Auvergne-Rhône-Alpes;8098
25/03/2023;84;Auvergne-Rhône-Alpes;5744
29/03/2023;84;Auvergne-Rhône-Alpes;8658
01/04/2023;84;Auvergne-Rhône-Alpes;5307
13/04/2023;84;Auvergne-Rhône-Alpes;7783
15/04/2023;84;Auvergne-Rhône-Alpes;5906
17/04/2023;84;Auvergne-Rhône-Alpes;7821
24/04/2023;84;Auvergne-Rhône-Alpes;5868
28/04/2023;84;Auvergne-Rhône-Alpes;4128
05/05/2023;84;Auvergne-Rhône-Alpes;3837
21/08/2021;84;Auvergne-Rhône-Alpes;2008
23/08/2021;84;Auvergne-Rhône-Alpes;2509
12/05/2023;84;Auvergne-Rhône-Alpes;5264
14/01/2019;84;Auvergne-Rhône-Alpes;12375
15/01/2019;84;Auvergne-Rhône-Alpes;14030
19/01/2019;84;Auvergne-Rhône-Alpes;13954
20/01/2019;84;Auvergne-Rhône-Alpes;12180
08/05/2020;84;Auvergne-Rhône-Alpes;2721
10/05/2020;84;Auvergne-Rhône-Alpes;2700
13/05/2020;84;Auvergne-Rhône-Alpes;5822
21/05/2020;84;Auvergne-Rhône-Alpes;3012
27/05/2020;84;Auvergne-Rhône-Alpes;3302
29/05/2020;84;Auvergne-Rhône-Alpes;3167
02/06/2020;84;Auvergne-Rhône-Alpes;3296
04/06/2020;84;Auvergne-Rhône-Alpes;3884
08/06/2020;84;Auvergne-Rhône-Alpes;4275
11/06/2020;84;Auvergne-Rhône-Alpes;4851
15/06/2020;84;Auvergne-Rhône-Alpes;4249
24/06/2020;84;Auvergne-Rhône-Alpes;3832
26/06/2020;84;Auvergne-Rhône-Alpes;3711
28/06/2020;84;Auvergne-Rhône-Alpes;2907
29/06/2020;84;Auvergne-Rhône-Alpes;3694
05/07/2020;84;Auvergne-Rhône-Alpes;2361
18/07/2020;84;Auvergne-Rhône-Alpes;3115
25/07/2020;84;Auvergne-Rhône-Alpes;2859
28/07/2020;84;Auvergne-Rhône-Alpes;3381
31/07/2020;84;Auvergne-Rhône-Alpes;3269
08/08/2020;84;Auvergne-Rhône-Alpes;2419
16/08/2020;84;Auvergne-Rhône-Alpes;2583
25/01/2019;84;Auvergne-Rhône-Alpes;16148
30/01/2019;84;Auvergne-Rhône-Alpes;14543
05/02/2019;84;Auvergne-Rhône-Alpes;15534
06/02/2019;84;Auvergne-Rhône-Alpes;15268
08/02/2019;84;Auvergne-Rhône-Alpes;13780
09/02/2019;84;Auvergne-Rhône-Alpes;10035
14/02/2019;84;Auvergne-Rhône-Alpes;14987
20/02/2019;84;Auvergne-Rhône-Alpes;12869
22/02/2019;84;Auvergne-Rhône-Alpes;11853
12/07/2020;84;Auvergne-Rhône-Alpes;2726
20/08/2020;84;Auvergne-Rhône-Alpes;2953
21/08/2020;84;Auvergne-Rhône-Alpes;2994
23/08/2020;84;Auvergne-Rhône-Alpes;2472
28/08/2020;84;Auvergne-Rhône-Alpes;3516
30/08/2020;84;Auvergne-Rhône-Alpes;3028
12/09/2020;84;Auvergne-Rhône-Alpes;3173
22/09/2020;84;Auvergne-Rhône-Alpes;4098
23/09/2020;84;Auvergne-Rhône-Alpes;4308
28/09/2020;84;Auvergne-Rhône-Alpes;5935
04/10/2020;84;Auvergne-Rhône-Alpes;5371
24/01/2022;84;Auvergne-Rhône-Alpes;14778
25/01/2022;84;Auvergne-Rhône-Alpes;15216
28/01/2022;84;Auvergne-Rhône-Alpes;14741
01/02/2022;84;Auvergne-Rhône-Alpes;14345
06/02/2022;84;Auvergne-Rhône-Alpes;10318
10/02/2022;84;Auvergne-Rhône-Alpes;13079
14/02/2022;84;Auvergne-Rhône-Alpes;10395
15/02/2022;84;Auvergne-Rhône-Alpes;11911
23/02/2022;84;Auvergne-Rhône-Alpes;10525
14/03/2022;84;Auvergne-Rhône-Alpes;11188
25/03/2022;84;Auvergne-Rhône-Alpes;9883
26/03/2022;84;Auvergne-Rhône-Alpes;6974
27/03/2022;84;Auvergne-Rhône-Alpes;6981
28/03/2022;84;Auvergne-Rhône-Alpes;9021
04/04/2022;84;Auvergne-Rhône-Alpes;12746
08/04/2022;84;Auvergne-Rhône-Alpes;8264
10/04/2022;84;Auvergne-Rhône-Alpes;8916
29/06/2023;84;Auvergne-Rhône-Alpes;2877
06/07/2023;84;Auvergne-Rhône-Alpes;3357
09/07/2023;84;Auvergne-Rhône-Alpes;1991
14/07/2023;84;Auvergne-Rhône-Alpes;1924
26/07/2023;84;Auvergne-Rhône-Alpes;2735
27/07/2023;84;Auvergne-Rhône-Alpes;2674
28/07/2023;84;Auvergne-Rhône-Alpes;2473
03/08/2023;84;Auvergne-Rhône-Alpes;2085
04/08/2023;84;Auvergne-Rhône-Alpes;1918
06/08/2023;84;Auvergne-Rhône-Alpes;1579
16/09/2018;84;Auvergne-Rhône-Alpes;2437
18/09/2018;84;Auvergne-Rhône-Alpes;3398
19/09/2018;84;Auvergne-Rhône-Alpes;3411
24/09/2018;84;Auvergne-Rhône-Alpes;3564
27/09/2018;84;Auvergne-Rhône-Alpes;4827
01/10/2018;84;Auvergne-Rhône-Alpes;4261
08/10/2018;84;Auvergne-Rhône-Alpes;5332
12/10/2018;84;Auvergne-Rhône-Alpes;5077
06/09/2023;84;Auvergne-Rhône-Alpes;2636
07/09/2023;84;Auvergne-Rhône-Alpes;2833
19/09/2023;84;Auvergne-Rhône-Alpes;2926
21/09/2023;84;Auvergne-Rhône-Alpes;2934
26/09/2023;84;Auvergne-Rhône-Alpes;3265
01/10/2023;84;Auvergne-Rhône-Alpes;2023
02/10/2023;84;Auvergne-Rhône-Alpes;2837
05/10/2023;84;Auvergne-Rhône-Alpes;3197
06/10/2023;84;Auvergne-Rhône-Alpes;3286
18/10/2023;84;Auvergne-Rhône-Alpes;3753
29/11/2023;84;Auvergne-Rhône-Alpes;11756
30/11/2023;84;Auvergne-Rhône-Alpes;10159
02/12/2023;84;Auvergne-Rhône-Alpes;9303
08/12/2023;84;Auvergne-Rhône-Alpes;10092
12/12/2023;84;Auvergne-Rhône-Alpes;7954
15/12/2023;84;Auvergne-Rhône-Alpes;77008
18/12/2023;84;Auvergne-Rhône-Alpes;11830
26/12/2023;84;Auvergne-Rhône-Alpes;8821
29/12/2023;84;Auvergne-Rhône-Alpes;6857
31/12/2023;84;Auvergne-Rhône-Alpes;6209
02/01/2024;84;Auvergne-Rhône-Alpes;7883
05/05/2022;84;Auvergne-Rhône-Alpes;4814
20/05/2022;84;Auvergne-Rhône-Alpes;3976
24/05/2022;84;Auvergne-Rhône-Alpes;4254
14/08/2023;84;Auvergne-Rhône-Alpes;1623
19/05/2023;84;Auvergne-Rhône-Alpes;3759
21/05/2023;84;Auvergne-Rhône-Alpes;2700
24/05/2023;84;Auvergne-Rhône-Alpes;3998
26/05/2023;84;Auvergne-Rhône-Alpes;4266
01/06/2023;84;Auvergne-Rhône-Alpes;3095
04/06/2023;84;Auvergne-Rhône-Alpes;2244
09/06/2023;84;Auvergne-Rhône-Alpes;2853
12/06/2023;84;Auvergne-Rhône-Alpes;2751
13/06/2023;84;Auvergne-Rhône-Alpes;2923
20/06/2023;84;Auvergne-Rhône-Alpes;2951
21/06/2023;84;Auvergne-Rhône-Alpes;2810
22/06/2023;84;Auvergne-Rhône-Alpes;2893
24/06/2023;84;Auvergne-Rhône-Alpes;2032
15/05/2022;84;Auvergne-Rhône-Alpes;2965
28/05/2022;84;Auvergne-Rhône-Alpes;2421
03/06/2022;84;Auvergne-Rhône-Alpes;3830
16/08/2023;84;Auvergne-Rhône-Alpes;1711
21/08/2023;84;Auvergne-Rhône-Alpes;1852
23/08/2023;84;Auvergne-Rhône-Alpes;2008
24/08/2023;84;Auvergne-Rhône-Alpes;2008
27/08/2023;84;Auvergne-Rhône-Alpes;1745
02/09/2023;84;Auvergne-Rhône-Alpes;1922
28/10/2023;84;Auvergne-Rhône-Alpes;3840
01/11/2023;84;Auvergne-Rhône-Alpes;4775
08/11/2023;84;Auvergne-Rhône-Alpes;8398
10/11/2023;84;Auvergne-Rhône-Alpes;7412
20/11/2023;84;Auvergne-Rhône-Alpes;7646
21/11/2023;84;Auvergne-Rhône-Alpes;7777
25/11/2023;84;Auvergne-Rhône-Alpes;7901
21/10/2018;84;Auvergne-Rhône-Alpes;4243
26/10/2018;84;Auvergne-Rhône-Alpes;7366
29/10/2018;84;Auvergne-Rhône-Alpes;9472
31/10/2018;84;Auvergne-Rhône-Alpes;9442
13/11/2018;84;Auvergne-Rhône-Alpes;7692
14/11/2018;84;Auvergne-Rhône-Alpes;8441
17/11/2018;84;Auvergne-Rhône-Alpes;7574
19/11/2018;84;Auvergne-Rhône-Alpes;12133
18/12/2018;84;Auvergne-Rhône-Alpes;14404
29/12/2018;84;Auvergne-Rhône-Alpes;10251
25/01/2020;84;Auvergne-Rhône-Alpes;11598
28/01/2020;84;Auvergne-Rhône-Alpes;11453
06/02/2020;84;Auvergne-Rhône-Alpes;13956
07/02/2020;84;Auvergne-Rhône-Alpes;14369
08/02/2020;84;Auvergne-Rhône-Alpes;10876
09/02/2020;84;Auvergne-Rhône-Alpes;9359
11/02/2020;84;Auvergne-Rhône-Alpes;9637
14/02/2020;84;Auvergne-Rhône-Alpes;11516
15/02/2020;84;Auvergne-Rhône-Alpes;10485
20/02/2020;84;Auvergne-Rhône-Alpes;12846
22/02/2020;84;Auvergne-Rhône-Alpes;10131
26/02/2020;84;Auvergne-Rhône-Alpes;11229
29/02/2020;84;Auvergne-Rhône-Alpes;8058
03/03/2020;84;Auvergne-Rhône-Alpes;12250
14/03/2020;84;Auvergne-Rhône-Alpes;9486
21/03/2020;84;Auvergne-Rhône-Alpes;5712
21/11/2020;84;Auvergne-Rhône-Alpes;10383
28/11/2020;84;Auvergne-Rhône-Alpes;10435
07/12/2020;84;Auvergne-Rhône-Alpes;13384
14/12/2020;84;Auvergne-Rhône-Alpes;12851
15/12/2020;84;Auvergne-Rhône-Alpes;10695
22/12/2020;84;Auvergne-Rhône-Alpes;9554
23/12/2020;84;Auvergne-Rhône-Alpes;8748
27/12/2020;84;Auvergne-Rhône-Alpes;10714
06/01/2021;84;Auvergne-Rhône-Alpes;14488
18/01/2021;84;Auvergne-Rhône-Alpes;14342
22/01/2021;84;Auvergne-Rhône-Alpes;10899
24/01/2021;84;Auvergne-Rhône-Alpes;11046
25/01/2021;84;Auvergne-Rhône-Alpes;13778
02/04/2024;84;Auvergne-Rhône-Alpes;7438
03/04/2024;84;Auvergne-Rhône-Alpes;6152
19/04/2024;84;Auvergne-Rhône-Alpes;7726
24/04/2024;84;Auvergne-Rhône-Alpes;8521
29/04/2024;84;Auvergne-Rhône-Alpes;5958
05/07/2021;84;Auvergne-Rhône-Alpes;3959
07/07/2021;84;Auvergne-Rhône-Alpes;4152
14/07/2021;84;Auvergne-Rhône-Alpes;2898
17/07/2021;84;Auvergne-Rhône-Alpes;2604
24/07/2021;84;Auvergne-Rhône-Alpes;2260
07/08/2021;84;Auvergne-Rhône-Alpes;2137
15/08/2021;84;Auvergne-Rhône-Alpes;1683
16/08/2021;84;Auvergne-Rhône-Alpes;2181
28/08/2021;84;Auvergne-Rhône-Alpes;2423
01/09/2021;84;Auvergne-Rhône-Alpes;3552
03/09/2021;84;Auvergne-Rhône-Alpes;3441
07/09/2021;84;Auvergne-Rhône-Alpes;3463
23/09/2021;84;Auvergne-Rhône-Alpes;4278
24/09/2021;84;Auvergne-Rhône-Alpes;4040
27/09/2021;84;Auvergne-Rhône-Alpes;4419
14/10/2021;84;Auvergne-Rhône-Alpes;9572
21/10/2021;84;Auvergne-Rhône-Alpes;6034
23/10/2021;84;Auvergne-Rhône-Alpes;7787
31/10/2021;84;Auvergne-Rhône-Alpes;4543
02/11/2021;84;Auvergne-Rhône-Alpes;8287
16/12/2021;84;Auvergne-Rhône-Alpes;13925
10/11/2021;84;Auvergne-Rhône-Alpes;11870
15/11/2021;84;Auvergne-Rhône-Alpes;10250
16/11/2021;84;Auvergne-Rhône-Alpes;10759
18/11/2021;84;Auvergne-Rhône-Alpes;11230
22/11/2021;84;Auvergne-Rhône-Alpes;11044
28/11/2021;84;Auvergne-Rhône-Alpes;10502
08/12/2021;84;Auvergne-Rhône-Alpes;11999
18/12/2021;84;Auvergne-Rhône-Alpes;11769
04/08/2021;84;Auvergne-Rhône-Alpes;2719
12/03/2022;84;Auvergne-Rhône-Alpes;7369
13/03/2022;84;Auvergne-Rhône-Alpes;8659
15/03/2022;84;Auvergne-Rhône-Alpes;9295
21/03/2022;84;Auvergne-Rhône-Alpes;9557
30/03/2022;84;Auvergne-Rhône-Alpes;7537
31/03/2022;84;Auvergne-Rhône-Alpes;8382
03/04/2022;84;Auvergne-Rhône-Alpes;10207
05/04/2022;84;Auvergne-Rhône-Alpes;12181
13/09/2023;84;Auvergne-Rhône-Alpes;2618
10/11/2019;84;Auvergne-Rhône-Alpes;8445
16/04/2021;84;Auvergne-Rhône-Alpes;11342
25/04/2021;84;Auvergne-Rhône-Alpes;4348
01/05/2021;84;Auvergne-Rhône-Alpes;5500
08/05/2021;84;Auvergne-Rhône-Alpes;5698
14/05/2021;84;Auvergne-Rhône-Alpes;5445
16/05/2021;84;Auvergne-Rhône-Alpes;4745
19/06/2021;84;Auvergne-Rhône-Alpes;2791
22/06/2021;84;Auvergne-Rhône-Alpes;3644
23/06/2021;84;Auvergne-Rhône-Alpes;4168
25/06/2021;84;Auvergne-Rhône-Alpes;4248
02/07/2023;84;Auvergne-Rhône-Alpes;2142
04/07/2023;84;Auvergne-Rhône-Alpes;3006
08/07/2023;84;Auvergne-Rhône-Alpes;1922
10/07/2023;84;Auvergne-Rhône-Alpes;2567
13/07/2023;84;Auvergne-Rhône-Alpes;2979
20/07/2023;84;Auvergne-Rhône-Alpes;2758
23/07/2023;84;Auvergne-Rhône-Alpes;1800
29/07/2023;84;Auvergne-Rhône-Alpes;1673
31/07/2023;84;Auvergne-Rhône-Alpes;2098
05/10/2018;84;Auvergne-Rhône-Alpes;6145
06/10/2018;84;Auvergne-Rhône-Alpes;3597
17/10/2018;84;Auvergne-Rhône-Alpes;5588
18/10/2018;84;Auvergne-Rhône-Alpes;5703
20/10/2018;84;Auvergne-Rhône-Alpes;4867
16/05/2023;84;Auvergne-Rhône-Alpes;4637
20/05/2023;84;Auvergne-Rhône-Alpes;3113
22/05/2023;84;Auvergne-Rhône-Alpes;3574
23/05/2023;84;Auvergne-Rhône-Alpes;3466
25/05/2023;84;Auvergne-Rhône-Alpes;4317
08/06/2023;84;Auvergne-Rhône-Alpes;3038
10/06/2023;84;Auvergne-Rhône-Alpes;1984
14/06/2023;84;Auvergne-Rhône-Alpes;2930
15/06/2023;84;Auvergne-Rhône-Alpes;3099
19/06/2023;84;Auvergne-Rhône-Alpes;2734
28/02/2023;84;Auvergne-Rhône-Alpes;12729
01/03/2023;84;Auvergne-Rhône-Alpes;12915
02/03/2023;84;Auvergne-Rhône-Alpes;12369
06/03/2023;84;Auvergne-Rhône-Alpes;12767
12/03/2023;84;Auvergne-Rhône-Alpes;6047
17/03/2023;84;Auvergne-Rhône-Alpes;7874
23/03/2023;84;Auvergne-Rhône-Alpes;5642
27/03/2023;84;Auvergne-Rhône-Alpes;8341
31/03/2023;84;Auvergne-Rhône-Alpes;5675
07/04/2023;84;Auvergne-Rhône-Alpes;7760
11/04/2023;84;Auvergne-Rhône-Alpes;5312
29/04/2023;84;Auvergne-Rhône-Alpes;2640
30/04/2023;84;Auvergne-Rhône-Alpes;2827
02/05/2023;84;Auvergne-Rhône-Alpes;5513
02/12/2018;84;Auvergne-Rhône-Alpes;8215
05/12/2018;84;Auvergne-Rhône-Alpes;11730
13/12/2018;84;Auvergne-Rhône-Alpes;14886
20/12/2018;84;Auvergne-Rhône-Alpes;12838
30/12/2018;84;Auvergne-Rhône-Alpes;10139
22/10/2018;84;Auvergne-Rhône-Alpes;6972
24/10/2018;84;Auvergne-Rhône-Alpes;7993
25/10/2018;84;Auvergne-Rhône-Alpes;6944
01/11/2018;84;Auvergne-Rhône-Alpes;7987
05/11/2018;84;Auvergne-Rhône-Alpes;9262
07/11/2018;84;Auvergne-Rhône-Alpes;9011
12/11/2018;84;Auvergne-Rhône-Alpes;7271
18/11/2018;84;Auvergne-Rhône-Alpes;8605
26/11/2018;84;Auvergne-Rhône-Alpes;12161
27/11/2018;84;Auvergne-Rhône-Alpes;12472
03/01/2018;84;Auvergne-Rhône-Alpes;9916
08/01/2018;84;Auvergne-Rhône-Alpes;10728
11/01/2018;84;Auvergne-Rhône-Alpes;12570
12/01/2018;84;Auvergne-Rhône-Alpes;12053
13/01/2018;84;Auvergne-Rhône-Alpes;10778
15/01/2018;84;Auvergne-Rhône-Alpes;12793
19/01/2018;84;Auvergne-Rhône-Alpes;11110
22/01/2018;84;Auvergne-Rhône-Alpes;10658
25/01/2018;84;Auvergne-Rhône-Alpes;10243
05/02/2018;84;Auvergne-Rhône-Alpes;13864
06/02/2018;84;Auvergne-Rhône-Alpes;14237
09/02/2018;84;Auvergne-Rhône-Alpes;15042
10/02/2018;84;Auvergne-Rhône-Alpes;11910
14/08/2022;84;Auvergne-Rhône-Alpes;2377
18/08/2022;84;Auvergne-Rhône-Alpes;2853
19/08/2022;84;Auvergne-Rhône-Alpes;3080
22/08/2022;84;Auvergne-Rhône-Alpes;2994
09/09/2022;84;Auvergne-Rhône-Alpes;4013
10/09/2022;84;Auvergne-Rhône-Alpes;3128
11/09/2022;84;Auvergne-Rhône-Alpes;3007
14/09/2022;84;Auvergne-Rhône-Alpes;3550
24/09/2022;84;Auvergne-Rhône-Alpes;3469
07/10/2022;84;Auvergne-Rhône-Alpes;4088
08/10/2022;84;Auvergne-Rhône-Alpes;2948
13/10/2022;84;Auvergne-Rhône-Alpes;4244
23/10/2022;84;Auvergne-Rhône-Alpes;3202
24/10/2022;84;Auvergne-Rhône-Alpes;3963
01/11/2022;84;Auvergne-Rhône-Alpes;3710
08/07/2022;84;Auvergne-Rhône-Alpes;3908
13/07/2022;84;Auvergne-Rhône-Alpes;3686
15/07/2022;84;Auvergne-Rhône-Alpes;2997
16/07/2022;84;Auvergne-Rhône-Alpes;2824
20/07/2022;84;Auvergne-Rhône-Alpes;3514
08/08/2022;84;Auvergne-Rhône-Alpes;2725
10/08/2022;84;Auvergne-Rhône-Alpes;2864
05/11/2022;84;Auvergne-Rhône-Alpes;6034
09/11/2022;84;Auvergne-Rhône-Alpes;6111
11/11/2022;84;Auvergne-Rhône-Alpes;6556
19/11/2022;84;Auvergne-Rhône-Alpes;6843
22/11/2022;84;Auvergne-Rhône-Alpes;9558
25/11/2019;84;Auvergne-Rhône-Alpes;11532
27/11/2019;84;Auvergne-Rhône-Alpes;9467
30/11/2019;84;Auvergne-Rhône-Alpes;9044
01/12/2019;84;Auvergne-Rhône-Alpes;9072
21/03/2021;84;Auvergne-Rhône-Alpes;10203
05/04/2021;84;Auvergne-Rhône-Alpes;7389
06/04/2021;84;Auvergne-Rhône-Alpes;10314
18/06/2022;84;Auvergne-Rhône-Alpes;2792
20/06/2022;84;Auvergne-Rhône-Alpes;3394
23/06/2022;84;Auvergne-Rhône-Alpes;3726
28/06/2022;84;Auvergne-Rhône-Alpes;3973
30/06/2022;84;Auvergne-Rhône-Alpes;4020
01/07/2022;84;Auvergne-Rhône-Alpes;4151
24/07/2022;84;Auvergne-Rhône-Alpes;2737
25/07/2022;84;Auvergne-Rhône-Alpes;3373
11/09/2023;84;Auvergne-Rhône-Alpes;2631
16/09/2023;84;Auvergne-Rhône-Alpes;1955
20/09/2023;84;Auvergne-Rhône-Alpes;3066
25/09/2023;84;Auvergne-Rhône-Alpes;3121
27/09/2023;84;Auvergne-Rhône-Alpes;3220
07/10/2023;84;Auvergne-Rhône-Alpes;2300
08/10/2023;84;Auvergne-Rhône-Alpes;2125
09/10/2023;84;Auvergne-Rhône-Alpes;2985
11/10/2023;84;Auvergne-Rhône-Alpes;3352
13/10/2023;84;Auvergne-Rhône-Alpes;3488
20/10/2023;84;Auvergne-Rhône-Alpes;3967
21/10/2023;84;Auvergne-Rhône-Alpes;2745
23/10/2023;84;Auvergne-Rhône-Alpes;4187
27/10/2023;84;Auvergne-Rhône-Alpes;5204
29/10/2023;84;Auvergne-Rhône-Alpes;2898
03/11/2023;84;Auvergne-Rhône-Alpes;6432
06/11/2023;84;Auvergne-Rhône-Alpes;6546
07/11/2023;84;Auvergne-Rhône-Alpes;7359
12/11/2023;84;Auvergne-Rhône-Alpes;5739
17/11/2023;84;Auvergne-Rhône-Alpes;7209
19/05/2019;84;Auvergne-Rhône-Alpes;4489
20/05/2019;84;Auvergne-Rhône-Alpes;5997
22/05/2019;84;Auvergne-Rhône-Alpes;5666
23/05/2019;84;Auvergne-Rhône-Alpes;5322
25/05/2019;84;Auvergne-Rhône-Alpes;2945
26/05/2019;84;Auvergne-Rhône-Alpes;2750
30/05/2019;84;Auvergne-Rhône-Alpes;3722
07/06/2019;84;Auvergne-Rhône-Alpes;3724
08/06/2019;84;Auvergne-Rhône-Alpes;2714
21/06/2019;84;Auvergne-Rhône-Alpes;4110
26/06/2019;84;Auvergne-Rhône-Alpes;3919
03/09/2018;84;Auvergne-Rhône-Alpes;3848
05/09/2018;84;Auvergne-Rhône-Alpes;4273
03/11/2020;84;Auvergne-Rhône-Alpes;7528
09/11/2020;84;Auvergne-Rhône-Alpes;9095
10/11/2020;84;Auvergne-Rhône-Alpes;9114
09/02/2021;84;Auvergne-Rhône-Alpes;12507
10/02/2021;84;Auvergne-Rhône-Alpes;11996
12/02/2021;84;Auvergne-Rhône-Alpes;14156
03/03/2021;84;Auvergne-Rhône-Alpes;10782
10/03/2021;84;Auvergne-Rhône-Alpes;12812
12/03/2021;84;Auvergne-Rhône-Alpes;10190
14/03/2021;84;Auvergne-Rhône-Alpes;8576
31/08/2018;84;Auvergne-Rhône-Alpes;4049
18/03/2021;84;Auvergne-Rhône-Alpes;12977
11/04/2020;84;Auvergne-Rhône-Alpes;3627
19/04/2020;84;Auvergne-Rhône-Alpes;3178
29/01/2024;84;Auvergne-Rhône-Alpes;8996
01/02/2024;84;Auvergne-Rhône-Alpes;9338
03/02/2024;84;Auvergne-Rhône-Alpes;8090
05/02/2024;84;Auvergne-Rhône-Alpes;10151
20/02/2024;84;Auvergne-Rhône-Alpes;8396
28/02/2024;84;Auvergne-Rhône-Alpes;9558
09/03/2024;84;Auvergne-Rhône-Alpes;7272
13/03/2024;84;Auvergne-Rhône-Alpes;8246
20/03/2024;84;Auvergne-Rhône-Alpes;6918
18/02/2023;84;Auvergne-Rhône-Alpes;6642
13/03/2019;84;Auvergne-Rhône-Alpes;10767
24/03/2019;84;Auvergne-Rhône-Alpes;7246
27/03/2019;84;Auvergne-Rhône-Alpes;10920
31/03/2019;84;Auvergne-Rhône-Alpes;7015
01/04/2019;84;Auvergne-Rhône-Alpes;8303
06/04/2019;84;Auvergne-Rhône-Alpes;7478
08/04/2019;84;Auvergne-Rhône-Alpes;9090
09/04/2019;84;Auvergne-Rhône-Alpes;9739
13/04/2019;84;Auvergne-Rhône-Alpes;8090
26/04/2019;84;Auvergne-Rhône-Alpes;7421
28/04/2019;84;Auvergne-Rhône-Alpes;5624
05/05/2019;84;Auvergne-Rhône-Alpes;7176
11/05/2019;84;Auvergne-Rhône-Alpes;4204
16/05/2019;84;Auvergne-Rhône-Alpes;7385
17/05/2019;84;Auvergne-Rhône-Alpes;6068
04/12/2019;84;Auvergne-Rhône-Alpes;14583
14/12/2019;84;Auvergne-Rhône-Alpes;9280
22/12/2019;84;Auvergne-Rhône-Alpes;7169
24/12/2019;84;Auvergne-Rhône-Alpes;8983
10/01/2020;84;Auvergne-Rhône-Alpes;10836
24/03/2020;84;Auvergne-Rhône-Alpes;8356
27/03/2020;84;Auvergne-Rhône-Alpes;9060
01/04/2020;84;Auvergne-Rhône-Alpes;9930
27/11/2023;84;Auvergne-Rhône-Alpes;10941
28/11/2023;84;Auvergne-Rhône-Alpes;10256
07/12/2023;84;Auvergne-Rhône-Alpes;11976
09/12/2023;84;Auvergne-Rhône-Alpes;7759
11/12/2023;84;Auvergne-Rhône-Alpes;7671
16/12/2023;84;Auvergne-Rhône-Alpes;79978
30/12/2023;84;Auvergne-Rhône-Alpes;69055
14/01/2024;84;Auvergne-Rhône-Alpes;10789
17/01/2024;84;Auvergne-Rhône-Alpes;10143
21/01/2024;84;Auvergne-Rhône-Alpes;76341
22/01/2024;84;Auvergne-Rhône-Alpes;11229
11/07/2019;84;Auvergne-Rhône-Alpes;3993
14/07/2019;84;Auvergne-Rhône-Alpes;2164
18/07/2019;84;Auvergne-Rhône-Alpes;3996
01/08/2019;84;Auvergne-Rhône-Alpes;3789
03/08/2019;84;Auvergne-Rhône-Alpes;2083
05/08/2019;84;Auvergne-Rhône-Alpes;2162
08/08/2019;84;Auvergne-Rhône-Alpes;2366
23/07/2018;84;Auvergne-Rhône-Alpes;2972
04/08/2018;84;Auvergne-Rhône-Alpes;1758
05/08/2018;84;Auvergne-Rhône-Alpes;1528
09/08/2018;84;Auvergne-Rhône-Alpes;2089
14/06/2018;84;Auvergne-Rhône-Alpes;3999
16/06/2018;84;Auvergne-Rhône-Alpes;2678
21/06/2018;84;Auvergne-Rhône-Alpes;3510
06/07/2018;84;Auvergne-Rhône-Alpes;3357
08/07/2018;84;Auvergne-Rhône-Alpes;2186
11/07/2018;84;Auvergne-Rhône-Alpes;3277
12/07/2018;84;Auvergne-Rhône-Alpes;3358
13/07/2018;84;Auvergne-Rhône-Alpes;3232
17/07/2018;84;Auvergne-Rhône-Alpes;3097
30/09/2019;84;Auvergne-Rhône-Alpes;4083
01/10/2019;84;Auvergne-Rhône-Alpes;4700
03/10/2019;84;Auvergne-Rhône-Alpes;5427
07/10/2019;84;Auvergne-Rhône-Alpes;6073
12/10/2019;84;Auvergne-Rhône-Alpes;4101
04/11/2019;84;Auvergne-Rhône-Alpes;7895
23/08/2018;84;Auvergne-Rhône-Alpes;2570
12/06/2018;84;Auvergne-Rhône-Alpes;3643
13/01/2019;84;Auvergne-Rhône-Alpes;10553
23/01/2019;84;Auvergne-Rhône-Alpes;14968
27/01/2019;84;Auvergne-Rhône-Alpes;10861
03/02/2019;84;Auvergne-Rhône-Alpes;11699
15/02/2019;84;Auvergne-Rhône-Alpes;14291
16/02/2019;84;Auvergne-Rhône-Alpes;10908
17/02/2019;84;Auvergne-Rhône-Alpes;9723
24/02/2019;84;Auvergne-Rhône-Alpes;9292
25/02/2019;84;Auvergne-Rhône-Alpes;11350
02/03/2019;84;Auvergne-Rhône-Alpes;8372
09/05/2020;84;Auvergne-Rhône-Alpes;2476
26/05/2020;84;Auvergne-Rhône-Alpes;3448
31/05/2020;84;Auvergne-Rhône-Alpes;2216
01/06/2020;84;Auvergne-Rhône-Alpes;2361
09/06/2020;84;Auvergne-Rhône-Alpes;4449
17/06/2020;84;Auvergne-Rhône-Alpes;4335
22/06/2020;84;Auvergne-Rhône-Alpes;3815
02/07/2020;84;Auvergne-Rhône-Alpes;3871
04/07/2020;84;Auvergne-Rhône-Alpes;2404
11/07/2020;84;Auvergne-Rhône-Alpes;2988
24/08/2020;84;Auvergne-Rhône-Alpes;3201
05/09/2020;84;Auvergne-Rhône-Alpes;2959
11/09/2020;84;Auvergne-Rhône-Alpes;4076
17/09/2020;84;Auvergne-Rhône-Alpes;4126
18/09/2020;84;Auvergne-Rhône-Alpes;3813
05/10/2020;84;Auvergne-Rhône-Alpes;6976
14/08/2019;84;Auvergne-Rhône-Alpes;2367
31/03/2018;84;Auvergne-Rhône-Alpes;9266
17/04/2018;84;Auvergne-Rhône-Alpes;6751
21/04/2018;84;Auvergne-Rhône-Alpes;3129
25/04/2018;84;Auvergne-Rhône-Alpes;4284
27/04/2018;84;Auvergne-Rhône-Alpes;5555
29/04/2018;84;Auvergne-Rhône-Alpes;3746
09/05/2018;84;Auvergne-Rhône-Alpes;3377
10/05/2018;84;Auvergne-Rhône-Alpes;3215
15/05/2018;84;Auvergne-Rhône-Alpes;6049
27/05/2018;84;Auvergne-Rhône-Alpes;2600
01/06/2018;84;Auvergne-Rhône-Alpes;3755
17/05/2021;84;Auvergne-Rhône-Alpes;6270
20/05/2021;84;Auvergne-Rhône-Alpes;7078
24/05/2021;84;Auvergne-Rhône-Alpes;4764
26/05/2021;84;Auvergne-Rhône-Alpes;6779
29/05/2021;84;Auvergne-Rhône-Alpes;3001
01/06/2021;84;Auvergne-Rhône-Alpes;3942
03/06/2021;84;Auvergne-Rhône-Alpes;3850
07/06/2021;84;Auvergne-Rhône-Alpes;4425
10/06/2021;84;Auvergne-Rhône-Alpes;4466
12/06/2021;84;Auvergne-Rhône-Alpes;2467
13/06/2021;84;Auvergne-Rhône-Alpes;2564
30/11/2022;84;Auvergne-Rhône-Alpes;10159
01/12/2022;84;Auvergne-Rhône-Alpes;10596
04/12/2022;84;Auvergne-Rhône-Alpes;9754
05/12/2022;84;Auvergne-Rhône-Alpes;12129
16/12/2022;84;Auvergne-Rhône-Alpes;12020
19/12/2022;84;Auvergne-Rhône-Alpes;10171
21/12/2022;84;Auvergne-Rhône-Alpes;7745
24/12/2022;84;Auvergne-Rhône-Alpes;5062
26/12/2022;84;Auvergne-Rhône-Alpes;6247
29/12/2022;84;Auvergne-Rhône-Alpes;6914
31/12/2022;84;Auvergne-Rhône-Alpes;5482
01/01/2023;84;Auvergne-Rhône-Alpes;4976
02/01/2023;84;Auvergne-Rhône-Alpes;5973
07/01/2023;84;Auvergne-Rhône-Alpes;7096
13/01/2023;84;Auvergne-Rhône-Alpes;8910
18/01/2023;84;Auvergne-Rhône-Alpes;11362
20/01/2023;84;Auvergne-Rhône-Alpes;13152
01/02/2023;84;Auvergne-Rhône-Alpes;11795
03/02/2023;84;Auvergne-Rhône-Alpes;8651
08/02/2023;84;Auvergne-Rhône-Alpes;12997
09/02/2023;84;Auvergne-Rhône-Alpes;13245
11/02/2023;84;Auvergne-Rhône-Alpes;10217
12/02/2023;84;Auvergne-Rhône-Alpes;2189
14/02/2018;84;Auvergne-Rhône-Alpes;14196
23/02/2018;84;Auvergne-Rhône-Alpes;14862
03/03/2018;84;Auvergne-Rhône-Alpes;10811
26/03/2018;84;Auvergne-Rhône-Alpes;11090
21/08/2019;84;Auvergne-Rhône-Alpes;2830
23/08/2019;84;Auvergne-Rhône-Alpes;2831
24/08/2019;84;Auvergne-Rhône-Alpes;2196
01/09/2019;84;Auvergne-Rhône-Alpes;2928
04/09/2019;84;Auvergne-Rhône-Alpes;4164
21/09/2019;84;Auvergne-Rhône-Alpes;2551
25/09/2019;84;Auvergne-Rhône-Alpes;4521
28/09/2019;84;Auvergne-Rhône-Alpes;2755
15/04/2022;84;Auvergne-Rhône-Alpes;5584
17/04/2022;84;Auvergne-Rhône-Alpes;4336
19/04/2022;84;Auvergne-Rhône-Alpes;6540
21/04/2022;84;Auvergne-Rhône-Alpes;5999
22/04/2022;84;Auvergne-Rhône-Alpes;6361
25/04/2022;84;Auvergne-Rhône-Alpes;6366
29/04/2022;84;Auvergne-Rhône-Alpes;5796
30/04/2022;84;Auvergne-Rhône-Alpes;3754
06/05/2022;84;Auvergne-Rhône-Alpes;5277
16/05/2022;84;Auvergne-Rhône-Alpes;3654
22/05/2022;84;Auvergne-Rhône-Alpes;2960
23/05/2022;84;Auvergne-Rhône-Alpes;3738
26/05/2022;84;Auvergne-Rhône-Alpes;2713
01/06/2022;84;Auvergne-Rhône-Alpes;4012
11/08/2023;84;Auvergne-Rhône-Alpes;1821
12/08/2023;84;Auvergne-Rhône-Alpes;1509
15/08/2023;84;Auvergne-Rhône-Alpes;1568
22/08/2023;84;Auvergne-Rhône-Alpes;1933
03/09/2023;84;Auvergne-Rhône-Alpes;1935
04/09/2023;84;Auvergne-Rhône-Alpes;2656
01/02/2019;84;Auvergne-Rhône-Alpes;13000
02/02/2019;84;Auvergne-Rhône-Alpes;11131
14/07/2020;84;Auvergne-Rhône-Alpes;3045
15/07/2020;84;Auvergne-Rhône-Alpes;3607
23/07/2020;84;Auvergne-Rhône-Alpes;3858
24/07/2020;84;Auvergne-Rhône-Alpes;3682
01/08/2020;84;Auvergne-Rhône-Alpes;2528
02/08/2020;84;Auvergne-Rhône-Alpes;2464
04/08/2020;84;Auvergne-Rhône-Alpes;3197
06/08/2020;84;Auvergne-Rhône-Alpes;3067
10/08/2020;84;Auvergne-Rhône-Alpes;2600
29/01/2022;84;Auvergne-Rhône-Alpes;12083
31/01/2022;84;Auvergne-Rhône-Alpes;12880
02/02/2022;84;Auvergne-Rhône-Alpes;12594
05/02/2022;84;Auvergne-Rhône-Alpes;9761
11/02/2022;84;Auvergne-Rhône-Alpes;11374
12/02/2022;84;Auvergne-Rhône-Alpes;11902
16/02/2022;84;Auvergne-Rhône-Alpes;10805
21/02/2022;84;Auvergne-Rhône-Alpes;9409
27/02/2022;84;Auvergne-Rhône-Alpes;10281
02/03/2022;84;Auvergne-Rhône-Alpes;11911
12/10/2020;84;Auvergne-Rhône-Alpes;8702
18/10/2020;84;Auvergne-Rhône-Alpes;7734
22/12/2021;84;Auvergne-Rhône-Alpes;14342
23/12/2021;84;Auvergne-Rhône-Alpes;12876
26/12/2021;84;Auvergne-Rhône-Alpes;7945
27/12/2021;84;Auvergne-Rhône-Alpes;9194
06/01/2022;84;Auvergne-Rhône-Alpes;13002
07/01/2022;84;Auvergne-Rhône-Alpes;13519
11/01/2022;84;Auvergne-Rhône-Alpes;13745
06/09/2022;84;Auvergne-Rhône-Alpes;3721
07/09/2022;84;Auvergne-Rhône-Alpes;4019
08/09/2022;84;Auvergne-Rhône-Alpes;3816
13/09/2022;84;Auvergne-Rhône-Alpes;3781
15/09/2022;84;Auvergne-Rhône-Alpes;3855
18/09/2022;84;Auvergne-Rhône-Alpes;3033
22/09/2022;84;Auvergne-Rhône-Alpes;4717
28/09/2022;84;Auvergne-Rhône-Alpes;4663
01/10/2022;84;Auvergne-Rhône-Alpes;3760
04/10/2022;84;Auvergne-Rhône-Alpes;5147
10/10/2022;84;Auvergne-Rhône-Alpes;4047
15/10/2022;84;Auvergne-Rhône-Alpes;2918
26/10/2022;84;Auvergne-Rhône-Alpes;4473
27/10/2022;84;Auvergne-Rhône-Alpes;4554
30/10/2022;84;Auvergne-Rhône-Alpes;3223
20/01/2020;84;Auvergne-Rhône-Alpes;14381
03/02/2020;84;Auvergne-Rhône-Alpes;9160
18/02/2020;84;Auvergne-Rhône-Alpes;11513
25/02/2020;84;Auvergne-Rhône-Alpes;9441
28/02/2020;84;Auvergne-Rhône-Alpes;13159
22/03/2020;84;Auvergne-Rhône-Alpes;5905
25/03/2020;84;Auvergne-Rhône-Alpes;9234
03/04/2020;84;Auvergne-Rhône-Alpes;8306
04/04/2020;84;Auvergne-Rhône-Alpes;7419
06/04/2020;84;Auvergne-Rhône-Alpes;6299
10/04/2020;84;Auvergne-Rhône-Alpes;4762
13/04/2020;84;Auvergne-Rhône-Alpes;3954
14/04/2020;84;Auvergne-Rhône-Alpes;4874
15/04/2020;84;Auvergne-Rhône-Alpes;6009
16/04/2020;84;Auvergne-Rhône-Alpes;4618
17/04/2020;84;Auvergne-Rhône-Alpes;4379
23/04/2020;84;Auvergne-Rhône-Alpes;3955
24/04/2020;84;Auvergne-Rhône-Alpes;3687
28/04/2020;84;Auvergne-Rhône-Alpes;3924
29/04/2020;84;Auvergne-Rhône-Alpes;4872
31/01/2024;84;Auvergne-Rhône-Alpes;10628
04/02/2024;84;Auvergne-Rhône-Alpes;7965
16/02/2024;84;Auvergne-Rhône-Alpes;7283
18/02/2024;84;Auvergne-Rhône-Alpes;5821
19/02/2024;84;Auvergne-Rhône-Alpes;52639
26/02/2024;84;Auvergne-Rhône-Alpes;8879
05/03/2024;84;Auvergne-Rhône-Alpes;10443
06/03/2024;84;Auvergne-Rhône-Alpes;10551
17/03/2024;84;Auvergne-Rhône-Alpes;5232
13/08/2019;84;Auvergne-Rhône-Alpes;2258
15/08/2019;84;Auvergne-Rhône-Alpes;2017
16/08/2019;84;Auvergne-Rhône-Alpes;2250
03/04/2018;84;Auvergne-Rhône-Alpes;8835
13/04/2018;84;Auvergne-Rhône-Alpes;7900
18/04/2018;84;Auvergne-Rhône-Alpes;5701
19/04/2018;84;Auvergne-Rhône-Alpes;4899
22/04/2018;84;Auvergne-Rhône-Alpes;2743
29/05/2018;84;Auvergne-Rhône-Alpes;3799
31/05/2018;84;Auvergne-Rhône-Alpes;3837
04/06/2018;84;Auvergne-Rhône-Alpes;3359
05/09/2023;84;Auvergne-Rhône-Alpes;2681
10/09/2023;84;Auvergne-Rhône-Alpes;2009
28/09/2023;84;Auvergne-Rhône-Alpes;2978
29/09/2023;84;Auvergne-Rhône-Alpes;2895
15/10/2023;84;Auvergne-Rhône-Alpes;2584
16/10/2023;84;Auvergne-Rhône-Alpes;3856
17/10/2023;84;Auvergne-Rhône-Alpes;3948
22/10/2023;84;Auvergne-Rhône-Alpes;2953
11/11/2023;84;Auvergne-Rhône-Alpes;6264
15/11/2023;84;Auvergne-Rhône-Alpes;6705
24/11/2023;84;Auvergne-Rhône-Alpes;8730
20/07/2018;84;Auvergne-Rhône-Alpes;3080
22/07/2018;84;Auvergne-Rhône-Alpes;2124
26/07/2018;84;Auvergne-Rhône-Alpes;3173
31/07/2018;84;Auvergne-Rhône-Alpes;2704
01/08/2018;84;Auvergne-Rhône-Alpes;2732
13/08/2018;84;Auvergne-Rhône-Alpes;2153
15/08/2018;84;Auvergne-Rhône-Alpes;1968
20/08/2018;84;Auvergne-Rhône-Alpes;2909
24/08/2018;84;Auvergne-Rhône-Alpes;2557
25/08/2018;84;Auvergne-Rhône-Alpes;2271
27/08/2018;84;Auvergne-Rhône-Alpes;2954
28/08/2018;84;Auvergne-Rhône-Alpes;3617
24/01/2019;84;Auvergne-Rhône-Alpes;15488
26/01/2019;84;Auvergne-Rhône-Alpes;12624
28/01/2019;84;Auvergne-Rhône-Alpes;14287
10/02/2019;84;Auvergne-Rhône-Alpes;8991
13/02/2019;84;Auvergne-Rhône-Alpes;14821
18/02/2019;84;Auvergne-Rhône-Alpes;11847
26/02/2019;84;Auvergne-Rhône-Alpes;11392
04/05/2020;84;Auvergne-Rhône-Alpes;4435
05/05/2020;84;Auvergne-Rhône-Alpes;3593
16/05/2020;84;Auvergne-Rhône-Alpes;4344
22/05/2020;84;Auvergne-Rhône-Alpes;2593
28/05/2020;84;Auvergne-Rhône-Alpes;3341
03/06/2020;84;Auvergne-Rhône-Alpes;3895
03/08/2020;84;Auvergne-Rhône-Alpes;2959
12/08/2020;84;Auvergne-Rhône-Alpes;2658
13/08/2020;84;Auvergne-Rhône-Alpes;2842
14/08/2020;84;Auvergne-Rhône-Alpes;2931
15/08/2020;84;Auvergne-Rhône-Alpes;2559
17/08/2020;84;Auvergne-Rhône-Alpes;2908
18/08/2020;84;Auvergne-Rhône-Alpes;2933
19/08/2020;84;Auvergne-Rhône-Alpes;2990
02/09/2020;84;Auvergne-Rhône-Alpes;4099
03/09/2020;84;Auvergne-Rhône-Alpes;4269
06/09/2020;84;Auvergne-Rhône-Alpes;3179
07/09/2020;84;Auvergne-Rhône-Alpes;4127
09/09/2020;84;Auvergne-Rhône-Alpes;4237
14/09/2020;84;Auvergne-Rhône-Alpes;3821
15/09/2020;84;Auvergne-Rhône-Alpes;4054
21/09/2020;84;Auvergne-Rhône-Alpes;3872
03/10/2020;84;Auvergne-Rhône-Alpes;6356
06/10/2020;84;Auvergne-Rhône-Alpes;6976
07/10/2020;84;Auvergne-Rhône-Alpes;7416
14/02/2023;84;Auvergne-Rhône-Alpes;2381
17/02/2023;84;Auvergne-Rhône-Alpes;10363
10/03/2019;84;Auvergne-Rhône-Alpes;6742
11/03/2019;84;Auvergne-Rhône-Alpes;9907
23/03/2019;84;Auvergne-Rhône-Alpes;8205
28/03/2019;84;Auvergne-Rhône-Alpes;11209
02/04/2019;84;Auvergne-Rhône-Alpes;8041
03/04/2019;84;Auvergne-Rhône-Alpes;8513
14/04/2019;84;Auvergne-Rhône-Alpes;8318
18/04/2019;84;Auvergne-Rhône-Alpes;6911
22/04/2019;84;Auvergne-Rhône-Alpes;4083
02/05/2019;84;Auvergne-Rhône-Alpes;6316
03/05/2019;84;Auvergne-Rhône-Alpes;6842
06/05/2019;84;Auvergne-Rhône-Alpes;10254
13/05/2019;84;Auvergne-Rhône-Alpes;7569
15/05/2019;84;Auvergne-Rhône-Alpes;7363
09/01/2018;84;Auvergne-Rhône-Alpes;11627
20/01/2018;84;Auvergne-Rhône-Alpes;10205
26/01/2018;84;Auvergne-Rhône-Alpes;10953
03/02/2018;84;Auvergne-Rhône-Alpes;11127
04/02/2018;84;Auvergne-Rhône-Alpes;11041
29/05/2019;84;Auvergne-Rhône-Alpes;4801
03/06/2019;84;Auvergne-Rhône-Alpes;3760
04/06/2019;84;Auvergne-Rhône-Alpes;4238
09/06/2019;84;Auvergne-Rhône-Alpes;2648
15/06/2019;84;Auvergne-Rhône-Alpes;2796
02/07/2022;84;Auvergne-Rhône-Alpes;2860
04/07/2022;84;Auvergne-Rhône-Alpes;3941
05/07/2022;84;Auvergne-Rhône-Alpes;3866
19/07/2022;84;Auvergne-Rhône-Alpes;3487
01/08/2022;84;Auvergne-Rhône-Alpes;3115
02/08/2022;84;Auvergne-Rhône-Alpes;2845
03/08/2022;84;Auvergne-Rhône-Alpes;3089
04/08/2022;84;Auvergne-Rhône-Alpes;2966
06/04/2024;84;Auvergne-Rhône-Alpes;3536
13/04/2024;84;Auvergne-Rhône-Alpes;3697
15/04/2024;84;Auvergne-Rhône-Alpes;3311
21/04/2024;84;Auvergne-Rhône-Alpes;6441
28/04/2024;84;Auvergne-Rhône-Alpes;4385
06/07/2021;84;Auvergne-Rhône-Alpes;3159
11/07/2021;84;Auvergne-Rhône-Alpes;2470
23/07/2021;84;Auvergne-Rhône-Alpes;3191
31/07/2021;84;Auvergne-Rhône-Alpes;2105
03/08/2021;84;Auvergne-Rhône-Alpes;2744
12/08/2021;84;Auvergne-Rhône-Alpes;2336
13/08/2021;84;Auvergne-Rhône-Alpes;2237
28/03/2021;84;Auvergne-Rhône-Alpes;8318
04/04/2021;84;Auvergne-Rhône-Alpes;6809
07/04/2021;84;Auvergne-Rhône-Alpes;11847
10/06/2022;84;Auvergne-Rhône-Alpes;4210
27/06/2023;84;Auvergne-Rhône-Alpes;2934
28/06/2023;84;Auvergne-Rhône-Alpes;2865
30/06/2023;84;Auvergne-Rhône-Alpes;2748
03/07/2023;84;Auvergne-Rhône-Alpes;2812
07/07/2023;84;Auvergne-Rhône-Alpes;2841
18/07/2023;84;Auvergne-Rhône-Alpes;3357
24/07/2023;84;Auvergne-Rhône-Alpes;2784
25/07/2023;84;Auvergne-Rhône-Alpes;2583
05/08/2023;84;Auvergne-Rhône-Alpes;1528
07/08/2023;84;Auvergne-Rhône-Alpes;1977
08/08/2023;84;Auvergne-Rhône-Alpes;1929
17/09/2018;84;Auvergne-Rhône-Alpes;4003
26/09/2018;84;Auvergne-Rhône-Alpes;4386
30/09/2018;84;Auvergne-Rhône-Alpes;2860
03/10/2018;84;Auvergne-Rhône-Alpes;5987
11/10/2018;84;Auvergne-Rhône-Alpes;5406
13/10/2018;84;Auvergne-Rhône-Alpes;3351
20/01/2022;84;Auvergne-Rhône-Alpes;13806
22/01/2022;84;Auvergne-Rhône-Alpes;13055
03/02/2022;84;Auvergne-Rhône-Alpes;12580
04/02/2022;84;Auvergne-Rhône-Alpes;12493
07/02/2022;84;Auvergne-Rhône-Alpes;11540
20/02/2022;84;Auvergne-Rhône-Alpes;8424
01/03/2022;84;Auvergne-Rhône-Alpes;12996
05/03/2022;84;Auvergne-Rhône-Alpes;9688
11/03/2022;84;Auvergne-Rhône-Alpes;9361
29/06/2019;84;Auvergne-Rhône-Alpes;2372
05/07/2019;84;Auvergne-Rhône-Alpes;3206
08/07/2019;84;Auvergne-Rhône-Alpes;3040
16/07/2019;84;Auvergne-Rhône-Alpes;3389
22/07/2019;84;Auvergne-Rhône-Alpes;3429
24/07/2019;84;Auvergne-Rhône-Alpes;3691
26/07/2019;84;Auvergne-Rhône-Alpes;3458
29/07/2019;84;Auvergne-Rhône-Alpes;3679
11/04/2018;84;Auvergne-Rhône-Alpes;7976
18/05/2018;84;Auvergne-Rhône-Alpes;5218
19/05/2018;84;Auvergne-Rhône-Alpes;3656
30/08/2018;84;Auvergne-Rhône-Alpes;3908
06/09/2018;84;Auvergne-Rhône-Alpes;4039
11/09/2018;84;Auvergne-Rhône-Alpes;3514
21/10/2020;84;Auvergne-Rhône-Alpes;6933
27/10/2020;84;Auvergne-Rhône-Alpes;8217
28/10/2020;84;Auvergne-Rhône-Alpes;7630
01/11/2020;84;Auvergne-Rhône-Alpes;6092
11/11/2020;84;Auvergne-Rhône-Alpes;7402
09/06/2018;84;Auvergne-Rhône-Alpes;2587
18/06/2018;84;Auvergne-Rhône-Alpes;3363
24/06/2018;84;Auvergne-Rhône-Alpes;2576
26/06/2018;84;Auvergne-Rhône-Alpes;3404
28/06/2018;84;Auvergne-Rhône-Alpes;3494
29/06/2018;84;Auvergne-Rhône-Alpes;3596
30/06/2018;84;Auvergne-Rhône-Alpes;2435
01/07/2018;84;Auvergne-Rhône-Alpes;2268
10/07/2018;84;Auvergne-Rhône-Alpes;3184
16/07/2018;84;Auvergne-Rhône-Alpes;2933
10/01/2024;84;Auvergne-Rhône-Alpes;94429
13/01/2024;84;Auvergne-Rhône-Alpes;11825
16/01/2024;84;Auvergne-Rhône-Alpes;13074
18/01/2024;84;Auvergne-Rhône-Alpes;9315
19/01/2024;84;Auvergne-Rhône-Alpes;12165
24/01/2024;84;Auvergne-Rhône-Alpes;9102
26/02/2023;84;Auvergne-Rhône-Alpes;9842
27/02/2023;84;Auvergne-Rhône-Alpes;12560
04/03/2023;84;Auvergne-Rhône-Alpes;9226
07/03/2023;84;Auvergne-Rhône-Alpes;12021
09/03/2023;84;Auvergne-Rhône-Alpes;9898
26/03/2023;84;Auvergne-Rhône-Alpes;5140
03/04/2023;84;Auvergne-Rhône-Alpes;7963
09/04/2023;84;Auvergne-Rhône-Alpes;5693
20/04/2023;84;Auvergne-Rhône-Alpes;6271
21/04/2023;84;Auvergne-Rhône-Alpes;7341
04/05/2023;84;Auvergne-Rhône-Alpes;4242
06/05/2023;84;Auvergne-Rhône-Alpes;3284
26/10/2021;84;Auvergne-Rhône-Alpes;7986
07/11/2021;84;Auvergne-Rhône-Alpes;8352
12/11/2021;84;Auvergne-Rhône-Alpes;10595
14/11/2021;84;Auvergne-Rhône-Alpes;8027
02/12/2021;84;Auvergne-Rhône-Alpes;12186
04/12/2021;84;Auvergne-Rhône-Alpes;10649
05/12/2021;84;Auvergne-Rhône-Alpes;10561
07/12/2021;84;Auvergne-Rhône-Alpes;13398
09/12/2021;84;Auvergne-Rhône-Alpes;13093
10/12/2021;84;Auvergne-Rhône-Alpes;13261
12/12/2021;84;Auvergne-Rhône-Alpes;11169
16/03/2024;84;Auvergne-Rhône-Alpes;5246
21/03/2024;84;Auvergne-Rhône-Alpes;5954
22/03/2024;84;Auvergne-Rhône-Alpes;5600
13/02/2021;84;Auvergne-Rhône-Alpes;13748
14/02/2021;84;Auvergne-Rhône-Alpes;13488
03/11/2021;84;Auvergne-Rhône-Alpes;8705
18/02/2021;84;Auvergne-Rhône-Alpes;11607
04/03/2021;84;Auvergne-Rhône-Alpes;11667
19/03/2021;84;Auvergne-Rhône-Alpes;13063
10/11/2022;84;Auvergne-Rhône-Alpes;7303
14/11/2022;84;Auvergne-Rhône-Alpes;7599
21/11/2022;84;Auvergne-Rhône-Alpes;9309
25/11/2022;84;Auvergne-Rhône-Alpes;9611
26/11/2022;84;Auvergne-Rhône-Alpes;8321
27/11/2022;84;Auvergne-Rhône-Alpes;7570
14/11/2019;84;Auvergne-Rhône-Alpes;12195
21/11/2019;84;Auvergne-Rhône-Alpes;13203
18/11/2019;84;Auvergne-Rhône-Alpes;12984
20/11/2019;84;Auvergne-Rhône-Alpes;13512
24/11/2019;84;Auvergne-Rhône-Alpes;7831
22/08/2021;84;Auvergne-Rhône-Alpes;1964
24/08/2021;84;Auvergne-Rhône-Alpes;2737
27/08/2021;84;Auvergne-Rhône-Alpes;3032
08/09/2021;84;Auvergne-Rhône-Alpes;3384
10/09/2021;84;Auvergne-Rhône-Alpes;4279
14/09/2021;84;Auvergne-Rhône-Alpes;4202
20/09/2021;84;Auvergne-Rhône-Alpes;4274
30/09/2021;84;Auvergne-Rhône-Alpes;4584
02/10/2021;84;Auvergne-Rhône-Alpes;3264
04/10/2021;84;Auvergne-Rhône-Alpes;4927
08/10/2021;84;Auvergne-Rhône-Alpes;7023
13/10/2021;84;Auvergne-Rhône-Alpes;8091
15/10/2021;84;Auvergne-Rhône-Alpes;9895
16/10/2021;84;Auvergne-Rhône-Alpes;7101
17/10/2021;84;Auvergne-Rhône-Alpes;6606
27/11/2020;84;Auvergne-Rhône-Alpes;11725
01/12/2020;84;Auvergne-Rhône-Alpes;13513
04/12/2020;84;Auvergne-Rhône-Alpes;11843
24/12/2020;84;Auvergne-Rhône-Alpes;7970
06/06/2020;84;Auvergne-Rhône-Alpes;2474
10/06/2020;84;Auvergne-Rhône-Alpes;4779
20/06/2020;84;Auvergne-Rhône-Alpes;3266
23/06/2020;84;Auvergne-Rhône-Alpes;4043
08/07/2020;84;Auvergne-Rhône-Alpes;4024
19/07/2020;84;Auvergne-Rhône-Alpes;2994
27/07/2020;84;Auvergne-Rhône-Alpes;3470
17/11/2020;84;Auvergne-Rhône-Alpes;10512
09/12/2020;84;Auvergne-Rhône-Alpes;13525
02/12/2019;84;Auvergne-Rhône-Alpes;11847
03/06/2023;84;Auvergne-Rhône-Alpes;2246
25/06/2023;84;Auvergne-Rhône-Alpes;1958
12/12/2019;84;Auvergne-Rhône-Alpes;13633
16/12/2019;84;Auvergne-Rhône-Alpes;10359
20/12/2019;84;Auvergne-Rhône-Alpes;7649
28/12/2019;84;Auvergne-Rhône-Alpes;8193
30/12/2019;84;Auvergne-Rhône-Alpes;10768
31/12/2019;84;Auvergne-Rhône-Alpes;11386
02/01/2020;84;Auvergne-Rhône-Alpes;12597
03/12/2018;84;Auvergne-Rhône-Alpes;9148
04/12/2018;84;Auvergne-Rhône-Alpes;10002
08/12/2018;84;Auvergne-Rhône-Alpes;8722
15/12/2018;84;Auvergne-Rhône-Alpes;13027
16/12/2018;84;Auvergne-Rhône-Alpes;10347
17/12/2018;84;Auvergne-Rhône-Alpes;12782
21/12/2018;84;Auvergne-Rhône-Alpes;11053
23/12/2018;84;Auvergne-Rhône-Alpes;7521
25/12/2018;84;Auvergne-Rhône-Alpes;8994
27/12/2018;84;Auvergne-Rhône-Alpes;11521
05/01/2019;84;Auvergne-Rhône-Alpes;12763
06/01/2019;84;Auvergne-Rhône-Alpes;11168
09/01/2019;84;Auvergne-Rhône-Alpes;13868
27/10/2018;84;Auvergne-Rhône-Alpes;6830
30/10/2018;84;Auvergne-Rhône-Alpes;10188
09/11/2018;84;Auvergne-Rhône-Alpes;9379
21/11/2018;84;Auvergne-Rhône-Alpes;12864
29/11/2018;84;Auvergne-Rhône-Alpes;12514
18/04/2022;84;Auvergne-Rhône-Alpes;5138
23/04/2022;84;Auvergne-Rhône-Alpes;4000
25/05/2022;84;Auvergne-Rhône-Alpes;4235
29/05/2022;84;Auvergne-Rhône-Alpes;3057
06/06/2022;84;Auvergne-Rhône-Alpes;2898
09/06/2022;84;Auvergne-Rhône-Alpes;4078
26/08/2023;84;Auvergne-Rhône-Alpes;1707
29/08/2023;84;Auvergne-Rhône-Alpes;2625
30/12/2020;84;Auvergne-Rhône-Alpes;10367
03/01/2021;84;Auvergne-Rhône-Alpes;11284
08/01/2021;84;Auvergne-Rhône-Alpes;14893
11/01/2021;84;Auvergne-Rhône-Alpes;15946
12/01/2021;84;Auvergne-Rhône-Alpes;15708
13/01/2021;84;Auvergne-Rhône-Alpes;13789
14/01/2021;84;Auvergne-Rhône-Alpes;12943
20/01/2021;84;Auvergne-Rhône-Alpes;13294
26/01/2021;84;Auvergne-Rhône-Alpes;14941
01/12/2023;84;Auvergne-Rhône-Alpes;83176
03/12/2023;84;Auvergne-Rhône-Alpes;10076
06/12/2023;84;Auvergne-Rhône-Alpes;11537
22/12/2023;84;Auvergne-Rhône-Alpes;7875
24/12/2023;84;Auvergne-Rhône-Alpes;7027
04/01/2024;84;Auvergne-Rhône-Alpes;72784
10/10/2020;84;Auvergne-Rhône-Alpes;5406
11/10/2020;84;Auvergne-Rhône-Alpes;6538
14/10/2020;84;Auvergne-Rhône-Alpes;9101
28/12/2021;84;Auvergne-Rhône-Alpes;8501
03/01/2022;84;Auvergne-Rhône-Alpes;9838
10/01/2022;84;Auvergne-Rhône-Alpes;12694
12/01/2022;84;Auvergne-Rhône-Alpes;14202
13/01/2022;84;Auvergne-Rhône-Alpes;15016
17/01/2022;84;Auvergne-Rhône-Alpes;14917
19/01/2022;84;Auvergne-Rhône-Alpes;15082
01/05/2022;84;Auvergne-Rhône-Alpes;4006
02/05/2022;84;Auvergne-Rhône-Alpes;5242
07/05/2022;84;Auvergne-Rhône-Alpes;3705
14/05/2022;84;Auvergne-Rhône-Alpes;2463
17/05/2022;84;Auvergne-Rhône-Alpes;4245
18/05/2022;84;Auvergne-Rhône-Alpes;4003
22/03/2022;84;Auvergne-Rhône-Alpes;10523
29/03/2022;84;Auvergne-Rhône-Alpes;7853
07/04/2022;84;Auvergne-Rhône-Alpes;8596
12/04/2020;84;Auvergne-Rhône-Alpes;3454
21/04/2020;84;Auvergne-Rhône-Alpes;3721
30/04/2020;84;Auvergne-Rhône-Alpes;4282
02/05/2020;84;Auvergne-Rhône-Alpes;4053
30/01/2024;84;Auvergne-Rhône-Alpes;10024
07/02/2024;84;Auvergne-Rhône-Alpes;78825
16/11/2020;84;Auvergne-Rhône-Alpes;8388
22/11/2020;84;Auvergne-Rhône-Alpes;11127
30/11/2020;84;Auvergne-Rhône-Alpes;13055
06/12/2020;84;Auvergne-Rhône-Alpes;11401
31/12/2020;84;Auvergne-Rhône-Alpes;10876
04/01/2021;84;Auvergne-Rhône-Alpes;13966
05/01/2021;84;Auvergne-Rhône-Alpes;14485
09/01/2021;84;Auvergne-Rhône-Alpes;13777
17/01/2021;84;Auvergne-Rhône-Alpes;12124
12/08/2022;84;Auvergne-Rhône-Alpes;2869
13/08/2022;84;Auvergne-Rhône-Alpes;2429
20/08/2022;84;Auvergne-Rhône-Alpes;2651
23/08/2022;84;Auvergne-Rhône-Alpes;3203
25/08/2022;84;Auvergne-Rhône-Alpes;3261
27/08/2022;84;Auvergne-Rhône-Alpes;2958
30/08/2022;84;Auvergne-Rhône-Alpes;3448
01/09/2022;84;Auvergne-Rhône-Alpes;3754
05/09/2022;84;Auvergne-Rhône-Alpes;3727
25/09/2022;84;Auvergne-Rhône-Alpes;3536
08/11/2022;84;Auvergne-Rhône-Alpes;6591
15/11/2022;84;Auvergne-Rhône-Alpes;7495
16/11/2022;84;Auvergne-Rhône-Alpes;6990
20/11/2022;84;Auvergne-Rhône-Alpes;7160
19/11/2019;84;Auvergne-Rhône-Alpes;13023
23/11/2019;84;Auvergne-Rhône-Alpes;7981
26/11/2019;84;Auvergne-Rhône-Alpes;11522
15/02/2024;84;Auvergne-Rhône-Alpes;8819
21/02/2024;84;Auvergne-Rhône-Alpes;8981
22/02/2024;84;Auvergne-Rhône-Alpes;58330
27/02/2024;84;Auvergne-Rhône-Alpes;9025
07/03/2024;84;Auvergne-Rhône-Alpes;11668
04/01/2018;84;Auvergne-Rhône-Alpes;10114
24/01/2018;84;Auvergne-Rhône-Alpes;10747
28/01/2018;84;Auvergne-Rhône-Alpes;9581
29/01/2018;84;Auvergne-Rhône-Alpes;11036
07/02/2018;84;Auvergne-Rhône-Alpes;14756
02/10/2019;84;Auvergne-Rhône-Alpes;4624
05/10/2019;84;Auvergne-Rhône-Alpes;4476
13/10/2019;84;Auvergne-Rhône-Alpes;3306
19/10/2019;84;Auvergne-Rhône-Alpes;4944
24/10/2019;84;Auvergne-Rhône-Alpes;6904
30/10/2019;84;Auvergne-Rhône-Alpes;6887
02/11/2019;84;Auvergne-Rhône-Alpes;5081
11/02/2018;84;Auvergne-Rhône-Alpes;11358
12/02/2018;84;Auvergne-Rhône-Alpes;14126
15/02/2018;84;Auvergne-Rhône-Alpes;13078
17/02/2018;84;Auvergne-Rhône-Alpes;8774
25/02/2018;84;Auvergne-Rhône-Alpes;12433
26/02/2018;84;Auvergne-Rhône-Alpes;16382
01/03/2018;84;Auvergne-Rhône-Alpes;15661
04/03/2018;84;Auvergne-Rhône-Alpes;10349
06/03/2018;84;Auvergne-Rhône-Alpes;11632
13/03/2018;84;Auvergne-Rhône-Alpes;10208
16/03/2018;84;Auvergne-Rhône-Alpes;10630
20/03/2018;84;Auvergne-Rhône-Alpes;13711
14/04/2021;84;Auvergne-Rhône-Alpes;11413
20/04/2021;84;Auvergne-Rhône-Alpes;9729
21/04/2021;84;Auvergne-Rhône-Alpes;7819
28/04/2021;84;Auvergne-Rhône-Alpes;5467
29/04/2021;84;Auvergne-Rhône-Alpes;6568
30/04/2021;84;Auvergne-Rhône-Alpes;6484
04/05/2021;84;Auvergne-Rhône-Alpes;7562
06/05/2021;84;Auvergne-Rhône-Alpes;7446
09/05/2021;84;Auvergne-Rhône-Alpes;3268
15/05/2021;84;Auvergne-Rhône-Alpes;4875
30/05/2021;84;Auvergne-Rhône-Alpes;3222
31/05/2021;84;Auvergne-Rhône-Alpes;4047
02/06/2021;84;Auvergne-Rhône-Alpes;3742
05/06/2021;84;Auvergne-Rhône-Alpes;2708
09/06/2021;84;Auvergne-Rhône-Alpes;4365
14/06/2021;84;Auvergne-Rhône-Alpes;3514
16/06/2021;84;Auvergne-Rhône-Alpes;4009
25/03/2021;84;Auvergne-Rhône-Alpes;11115
26/03/2021;84;Auvergne-Rhône-Alpes;10165
30/03/2021;84;Auvergne-Rhône-Alpes;9449
31/03/2021;84;Auvergne-Rhône-Alpes;8029
03/04/2021;84;Auvergne-Rhône-Alpes;5781
13/12/2020;84;Auvergne-Rhône-Alpes;9707
17/12/2020;84;Auvergne-Rhône-Alpes;11433
02/01/2021;84;Auvergne-Rhône-Alpes;10930
23/02/2020;84;Auvergne-Rhône-Alpes;9097
01/03/2020;84;Auvergne-Rhône-Alpes;8271
05/03/2020;84;Auvergne-Rhône-Alpes;10441
06/03/2020;84;Auvergne-Rhône-Alpes;11400
10/03/2020;84;Auvergne-Rhône-Alpes;10977
11/03/2020;84;Auvergne-Rhône-Alpes;9666
10/12/2019;84;Auvergne-Rhône-Alpes;13219
15/12/2019;84;Auvergne-Rhône-Alpes;8056
27/12/2019;84;Auvergne-Rhône-Alpes;9065
01/01/2020;84;Auvergne-Rhône-Alpes;10833
04/01/2020;84;Auvergne-Rhône-Alpes;9309
10/07/2022;84;Auvergne-Rhône-Alpes;2769
14/07/2022;84;Auvergne-Rhône-Alpes;2889
30/07/2022;84;Auvergne-Rhône-Alpes;2765
11/08/2022;84;Auvergne-Rhône-Alpes;3013
02/03/2021;84;Auvergne-Rhône-Alpes;11741
05/03/2021;84;Auvergne-Rhône-Alpes;10241
06/03/2021;84;Auvergne-Rhône-Alpes;9141
17/03/2021;84;Auvergne-Rhône-Alpes;11863
29/01/2021;84;Auvergne-Rhône-Alpes;10205
03/02/2021;84;Auvergne-Rhône-Alpes;9463
04/02/2021;84;Auvergne-Rhône-Alpes;11672
05/02/2021;84;Auvergne-Rhône-Alpes;11350
06/02/2021;84;Auvergne-Rhône-Alpes;8473
07/07/2022;84;Auvergne-Rhône-Alpes;4514
11/06/2022;84;Auvergne-Rhône-Alpes;2841
22/06/2022;84;Auvergne-Rhône-Alpes;3524
27/06/2022;84;Auvergne-Rhône-Alpes;3748
24/05/2019;84;Auvergne-Rhône-Alpes;4438
28/05/2019;84;Auvergne-Rhône-Alpes;4170
10/06/2019;84;Auvergne-Rhône-Alpes;3021
12/06/2019;84;Auvergne-Rhône-Alpes;5164
20/06/2019;84;Auvergne-Rhône-Alpes;3487
24/06/2019;84;Auvergne-Rhône-Alpes;3378
25/06/2019;84;Auvergne-Rhône-Alpes;4030
07/06/2018;84;Auvergne-Rhône-Alpes;3722
08/06/2018;84;Auvergne-Rhône-Alpes;3649
10/06/2018;84;Auvergne-Rhône-Alpes;2532
21/05/2019;84;Auvergne-Rhône-Alpes;6055
17/06/2018;84;Auvergne-Rhône-Alpes;2532
19/06/2018;84;Auvergne-Rhône-Alpes;3575
22/06/2018;84;Auvergne-Rhône-Alpes;3552
03/07/2018;84;Auvergne-Rhône-Alpes;3214
12/08/2018;84;Auvergne-Rhône-Alpes;1769
14/08/2018;84;Auvergne-Rhône-Alpes;2181
06/06/2018;84;Auvergne-Rhône-Alpes;3599
09/01/2024;84;Auvergne-Rhône-Alpes;13065
11/01/2024;84;Auvergne-Rhône-Alpes;12731
26/01/2024;84;Auvergne-Rhône-Alpes;8615
24/12/2021;84;Auvergne-Rhône-Alpes;10999
31/12/2021;84;Auvergne-Rhône-Alpes;8372
01/01/2022;84;Auvergne-Rhône-Alpes;8304
15/01/2022;84;Auvergne-Rhône-Alpes;13549
16/01/2022;84;Auvergne-Rhône-Alpes;13077
18/01/2022;84;Auvergne-Rhône-Alpes;14402
16/10/2020;84;Auvergne-Rhône-Alpes;9600
17/10/2020;84;Auvergne-Rhône-Alpes;7526
05/04/2020;84;Auvergne-Rhône-Alpes;6207
07/04/2020;84;Auvergne-Rhône-Alpes;6134
09/04/2020;84;Auvergne-Rhône-Alpes;5271
18/04/2020;84;Auvergne-Rhône-Alpes;3353
20/04/2020;84;Auvergne-Rhône-Alpes;3852
22/04/2020;84;Auvergne-Rhône-Alpes;4192
25/04/2020;84;Auvergne-Rhône-Alpes;2799
26/04/2020;84;Auvergne-Rhône-Alpes;3232
27/04/2020;84;Auvergne-Rhône-Alpes;3886
08/02/2024;84;Auvergne-Rhône-Alpes;8138
09/02/2024;84;Auvergne-Rhône-Alpes;7106
11/02/2024;84;Auvergne-Rhône-Alpes;7908
12/02/2024;84;Auvergne-Rhône-Alpes;10240
14/02/2024;84;Auvergne-Rhône-Alpes;86605
17/02/2024;84;Auvergne-Rhône-Alpes;58219
23/02/2024;84;Auvergne-Rhône-Alpes;75451
24/02/2024;84;Auvergne-Rhône-Alpes;79749
29/02/2024;84;Auvergne-Rhône-Alpes;9635
03/03/2024;84;Auvergne-Rhône-Alpes;7561
11/03/2024;84;Auvergne-Rhône-Alpes;8897
12/03/2024;84;Auvergne-Rhône-Alpes;9730
26/03/2024;84;Auvergne-Rhône-Alpes;7005
27/03/2024;84;Auvergne-Rhône-Alpes;8457
29/03/2024;84;Auvergne-Rhône-Alpes;6022
31/03/2024;84;Auvergne-Rhône-Alpes;5040
05/04/2024;84;Auvergne-Rhône-Alpes;5413
23/04/2024;84;Auvergne-Rhône-Alpes;9526
27/04/2024;84;Auvergne-Rhône-Alpes;5089
09/07/2021;84;Auvergne-Rhône-Alpes;4317
12/07/2021;84;Auvergne-Rhône-Alpes;3689
15/07/2021;84;Auvergne-Rhône-Alpes;3481
18/07/2021;84;Auvergne-Rhône-Alpes;2423
20/07/2021;84;Auvergne-Rhône-Alpes;3232
22/07/2021;84;Auvergne-Rhône-Alpes;3333
26/07/2021;84;Auvergne-Rhône-Alpes;2996
27/07/2021;84;Auvergne-Rhône-Alpes;3098
30/07/2021;84;Auvergne-Rhône-Alpes;2835
02/08/2021;84;Auvergne-Rhône-Alpes;2667
05/08/2021;84;Auvergne-Rhône-Alpes;2945
06/08/2021;84;Auvergne-Rhône-Alpes;2742
09/08/2021;84;Auvergne-Rhône-Alpes;2348
10/08/2021;84;Auvergne-Rhône-Alpes;2490
17/08/2021;84;Auvergne-Rhône-Alpes;2362
20/08/2021;84;Auvergne-Rhône-Alpes;2450
25/08/2021;84;Auvergne-Rhône-Alpes;2764
02/09/2021;84;Auvergne-Rhône-Alpes;3687
09/09/2021;84;Auvergne-Rhône-Alpes;3935
18/09/2021;84;Auvergne-Rhône-Alpes;2686
26/09/2021;84;Auvergne-Rhône-Alpes;3202
29/09/2021;84;Auvergne-Rhône-Alpes;4140
03/10/2021;84;Auvergne-Rhône-Alpes;3502
10/10/2021;84;Auvergne-Rhône-Alpes;5784
01/11/2021;84;Auvergne-Rhône-Alpes;6407
04/11/2021;84;Auvergne-Rhône-Alpes;9839
08/11/2021;84;Auvergne-Rhône-Alpes;10472
26/11/2021;84;Auvergne-Rhône-Alpes;12176
30/11/2021;84;Auvergne-Rhône-Alpes;13927
03/12/2021;84;Auvergne-Rhône-Alpes;14302
17/12/2021;84;Auvergne-Rhône-Alpes;13330
20/12/2021;84;Auvergne-Rhône-Alpes;13800
05/11/2021;84;Auvergne-Rhône-Alpes;10110
06/11/2021;84;Auvergne-Rhône-Alpes;8276
11/11/2021;84;Auvergne-Rhône-Alpes;10158
15/03/2024;84;Auvergne-Rhône-Alpes;6906
14/06/2020;84;Auvergne-Rhône-Alpes;3409
18/06/2020;84;Auvergne-Rhône-Alpes;4473
19/06/2020;84;Auvergne-Rhône-Alpes;4383
30/06/2020;84;Auvergne-Rhône-Alpes;3908
01/07/2020;84;Auvergne-Rhône-Alpes;3732
03/07/2020;84;Auvergne-Rhône-Alpes;4018
09/07/2020;84;Auvergne-Rhône-Alpes;3928
16/07/2020;84;Auvergne-Rhône-Alpes;3903
20/07/2020;84;Auvergne-Rhône-Alpes;3646
22/07/2020;84;Auvergne-Rhône-Alpes;3786
29/07/2020;84;Auvergne-Rhône-Alpes;3494
07/08/2020;84;Auvergne-Rhône-Alpes;2923
25/08/2020;84;Auvergne-Rhône-Alpes;3360
26/08/2020;84;Auvergne-Rhône-Alpes;2698
31/08/2020;84;Auvergne-Rhône-Alpes;3837
01/09/2020;84;Auvergne-Rhône-Alpes;4120
04/09/2020;84;Auvergne-Rhône-Alpes;4100
10/09/2020;84;Auvergne-Rhône-Alpes;4102
19/09/2020;84;Auvergne-Rhône-Alpes;3094
20/09/2020;84;Auvergne-Rhône-Alpes;3111
25/09/2020;84;Auvergne-Rhône-Alpes;4380
26/09/2020;84;Auvergne-Rhône-Alpes;3458
27/09/2020;84;Auvergne-Rhône-Alpes;4936
29/09/2020;84;Auvergne-Rhône-Alpes;6912
01/10/2020;84;Auvergne-Rhône-Alpes;6587
02/10/2020;84;Auvergne-Rhône-Alpes;6089
12/01/2019;84;Auvergne-Rhône-Alpes;11991
22/01/2019;84;Auvergne-Rhône-Alpes;15505
29/01/2019;84;Auvergne-Rhône-Alpes;15141
04/02/2019;84;Auvergne-Rhône-Alpes;15358
11/02/2019;84;Auvergne-Rhône-Alpes;12847
23/02/2019;84;Auvergne-Rhône-Alpes;8922
27/02/2019;84;Auvergne-Rhône-Alpes;11113
01/03/2019;84;Auvergne-Rhône-Alpes;9031
06/05/2020;84;Auvergne-Rhône-Alpes;3807
12/05/2020;84;Auvergne-Rhône-Alpes;5198
15/05/2020;84;Auvergne-Rhône-Alpes;5520
17/05/2020;84;Auvergne-Rhône-Alpes;3632
18/05/2020;84;Auvergne-Rhône-Alpes;4245
23/05/2020;84;Auvergne-Rhône-Alpes;2507
30/05/2020;84;Auvergne-Rhône-Alpes;2315
05/06/2020;84;Auvergne-Rhône-Alpes;3465
07/06/2020;84;Auvergne-Rhône-Alpes;3381
13/06/2020;84;Auvergne-Rhône-Alpes;2862
26/06/2023;84;Auvergne-Rhône-Alpes;2605
01/07/2023;84;Auvergne-Rhône-Alpes;2181
05/07/2023;84;Auvergne-Rhône-Alpes;3294
11/07/2023;84;Auvergne-Rhône-Alpes;2554
15/07/2023;84;Auvergne-Rhône-Alpes;1761
16/07/2023;84;Auvergne-Rhône-Alpes;2024
17/07/2023;84;Auvergne-Rhône-Alpes;3106
21/07/2023;84;Auvergne-Rhône-Alpes;2606
22/07/2023;84;Auvergne-Rhône-Alpes;1775
14/09/2018;84;Auvergne-Rhône-Alpes;3466
15/09/2018;84;Auvergne-Rhône-Alpes;2758
25/09/2018;84;Auvergne-Rhône-Alpes;4131
28/09/2018;84;Auvergne-Rhône-Alpes;3974
29/09/2018;84;Auvergne-Rhône-Alpes;2987
02/10/2018;84;Auvergne-Rhône-Alpes;6028
04/10/2018;84;Auvergne-Rhône-Alpes;6009
07/10/2018;84;Auvergne-Rhône-Alpes;3527
10/10/2018;84;Auvergne-Rhône-Alpes;5830
14/10/2018;84;Auvergne-Rhône-Alpes;2951
19/10/2018;84;Auvergne-Rhône-Alpes;6077
03/03/2023;84;Auvergne-Rhône-Alpes;12279
08/03/2023;84;Auvergne-Rhône-Alpes;10926
10/03/2023;84;Auvergne-Rhône-Alpes;8725
16/03/2023;84;Auvergne-Rhône-Alpes;9898
18/03/2023;84;Auvergne-Rhône-Alpes;6116
24/03/2023;84;Auvergne-Rhône-Alpes;5714
05/04/2023;84;Auvergne-Rhône-Alpes;10534
06/04/2023;84;Auvergne-Rhône-Alpes;9977
08/04/2023;84;Auvergne-Rhône-Alpes;6563
12/04/2023;84;Auvergne-Rhône-Alpes;5637
14/04/2023;84;Auvergne-Rhône-Alpes;7949
16/04/2023;84;Auvergne-Rhône-Alpes;6250
18/04/2023;84;Auvergne-Rhône-Alpes;7809
22/04/2023;84;Auvergne-Rhône-Alpes;4278
25/04/2023;84;Auvergne-Rhône-Alpes;6421
26/04/2023;84;Auvergne-Rhône-Alpes;7127
27/04/2023;84;Auvergne-Rhône-Alpes;5203
01/05/2023;84;Auvergne-Rhône-Alpes;3862
09/05/2023;84;Auvergne-Rhône-Alpes;4200
13/05/2023;84;Auvergne-Rhône-Alpes;3841
15/05/2023;84;Auvergne-Rhône-Alpes;5188
17/05/2023;84;Auvergne-Rhône-Alpes;5184
11/06/2023;84;Auvergne-Rhône-Alpes;2033
18/06/2023;84;Auvergne-Rhône-Alpes;2035
07/12/2018;84;Auvergne-Rhône-Alpes;9605
09/12/2018;84;Auvergne-Rhône-Alpes;7867
10/12/2018;84;Auvergne-Rhône-Alpes;10937
11/12/2018;84;Auvergne-Rhône-Alpes;12456
12/12/2018;84;Auvergne-Rhône-Alpes;14294
19/12/2018;84;Auvergne-Rhône-Alpes;11727
24/12/2018;84;Auvergne-Rhône-Alpes;7574
26/12/2018;84;Auvergne-Rhône-Alpes;10741
28/12/2018;84;Auvergne-Rhône-Alpes;11635
31/12/2018;84;Auvergne-Rhône-Alpes;10817
02/01/2019;84;Auvergne-Rhône-Alpes;11488
03/01/2019;84;Auvergne-Rhône-Alpes;13970
04/01/2019;84;Auvergne-Rhône-Alpes;14552
07/01/2019;84;Auvergne-Rhône-Alpes;14089
08/01/2019;84;Auvergne-Rhône-Alpes;13947
03/11/2018;84;Auvergne-Rhône-Alpes;8208
04/11/2018;84;Auvergne-Rhône-Alpes;7580
06/11/2018;84;Auvergne-Rhône-Alpes;8213
08/11/2018;84;Auvergne-Rhône-Alpes;10226
15/11/2018;84;Auvergne-Rhône-Alpes;9235
20/11/2018;84;Auvergne-Rhône-Alpes;12852
22/11/2018;84;Auvergne-Rhône-Alpes;12771
25/11/2018;84;Auvergne-Rhône-Alpes;9509
28/11/2018;84;Auvergne-Rhône-Alpes;13381
30/11/2018;84;Auvergne-Rhône-Alpes;10984
11/01/2019;84;Auvergne-Rhône-Alpes;15549
24/08/2022;84;Auvergne-Rhône-Alpes;3271
26/08/2022;84;Auvergne-Rhône-Alpes;3385
28/08/2022;84;Auvergne-Rhône-Alpes;2679
31/08/2022;84;Auvergne-Rhône-Alpes;3517
26/09/2022;84;Auvergne-Rhône-Alpes;4523
27/09/2022;84;Auvergne-Rhône-Alpes;4511
02/10/2022;84;Auvergne-Rhône-Alpes;3176
05/10/2022;84;Auvergne-Rhône-Alpes;4555
14/10/2022;84;Auvergne-Rhône-Alpes;4064
17/10/2022;84;Auvergne-Rhône-Alpes;4156
18/10/2022;84;Auvergne-Rhône-Alpes;4410
22/10/2022;84;Auvergne-Rhône-Alpes;3542
31/10/2022;84;Auvergne-Rhône-Alpes;3605
03/11/2022;84;Auvergne-Rhône-Alpes;5589
15/01/2020;84;Auvergne-Rhône-Alpes;10985
18/01/2020;84;Auvergne-Rhône-Alpes;10992
19/01/2020;84;Auvergne-Rhône-Alpes;11944
27/01/2020;84;Auvergne-Rhône-Alpes;12717
01/02/2020;84;Auvergne-Rhône-Alpes;8293
27/02/2020;84;Auvergne-Rhône-Alpes;12375
02/03/2020;84;Auvergne-Rhône-Alpes;9988
07/03/2020;84;Auvergne-Rhône-Alpes;9103
12/03/2020;84;Auvergne-Rhône-Alpes;9079
13/03/2020;84;Auvergne-Rhône-Alpes;9599
17/03/2020;84;Auvergne-Rhône-Alpes;8724
18/03/2020;84;Auvergne-Rhône-Alpes;8272
20/03/2020;84;Auvergne-Rhône-Alpes;6473
23/03/2020;84;Auvergne-Rhône-Alpes;7146
30/03/2020;84;Auvergne-Rhône-Alpes;9016
31/03/2020;84;Auvergne-Rhône-Alpes;10139
21/02/2020;84;Auvergne-Rhône-Alpes;10687
03/12/2019;84;Auvergne-Rhône-Alpes;13826
07/12/2019;84;Auvergne-Rhône-Alpes;10826
09/12/2019;84;Auvergne-Rhône-Alpes;11060
13/12/2019;84;Auvergne-Rhône-Alpes;12216
19/12/2019;84;Auvergne-Rhône-Alpes;8848
21/12/2019;84;Auvergne-Rhône-Alpes;7701
23/12/2019;84;Auvergne-Rhône-Alpes;8943
25/12/2019;84;Auvergne-Rhône-Alpes;9012
26/12/2019;84;Auvergne-Rhône-Alpes;9956
03/01/2020;84;Auvergne-Rhône-Alpes;12390
05/01/2020;84;Auvergne-Rhône-Alpes;11053
06/01/2020;84;Auvergne-Rhône-Alpes;13863
07/01/2020;84;Auvergne-Rhône-Alpes;13153
09/01/2020;84;Auvergne-Rhône-Alpes;12331
11/01/2020;84;Auvergne-Rhône-Alpes;9408
12/01/2020;84;Auvergne-Rhône-Alpes;10464
04/11/2022;84;Auvergne-Rhône-Alpes;6250
06/11/2022;84;Auvergne-Rhône-Alpes;6135
07/11/2022;84;Auvergne-Rhône-Alpes;7879
12/11/2022;84;Auvergne-Rhône-Alpes;6383
17/11/2022;84;Auvergne-Rhône-Alpes;6430
18/11/2022;84;Auvergne-Rhône-Alpes;7724
15/11/2019;84;Auvergne-Rhône-Alpes;12952
16/11/2019;84;Auvergne-Rhône-Alpes;11406
22/11/2019;84;Auvergne-Rhône-Alpes;12357
23/05/2021;84;Auvergne-Rhône-Alpes;4617
28/05/2021;84;Auvergne-Rhône-Alpes;5467
08/06/2021;84;Auvergne-Rhône-Alpes;4605
17/06/2021;84;Auvergne-Rhône-Alpes;4043
18/06/2021;84;Auvergne-Rhône-Alpes;4008
30/06/2021;84;Auvergne-Rhône-Alpes;4344
02/07/2021;84;Auvergne-Rhône-Alpes;4115
02/12/2022;84;Auvergne-Rhône-Alpes;11056
08/12/2022;84;Auvergne-Rhône-Alpes;12965
14/12/2022;84;Auvergne-Rhône-Alpes;12446
15/12/2022;84;Auvergne-Rhône-Alpes;11460
22/12/2022;84;Auvergne-Rhône-Alpes;7557
25/12/2022;84;Auvergne-Rhône-Alpes;5578
28/12/2022;84;Auvergne-Rhône-Alpes;8347
30/12/2022;84;Auvergne-Rhône-Alpes;6935
05/01/2023;84;Auvergne-Rhône-Alpes;8167
10/01/2023;84;Auvergne-Rhône-Alpes;10651
12/01/2023;84;Auvergne-Rhône-Alpes;9902
15/01/2023;84;Auvergne-Rhône-Alpes;7561
19/01/2023;84;Auvergne-Rhône-Alpes;12556
24/01/2023;84;Auvergne-Rhône-Alpes;13267
26/01/2023;84;Auvergne-Rhône-Alpes;12775
06/02/2023;84;Auvergne-Rhône-Alpes;2333
11/08/2019;84;Auvergne-Rhône-Alpes;1872
18/08/2019;84;Auvergne-Rhône-Alpes;1824
20/08/2019;84;Auvergne-Rhône-Alpes;2715
27/03/2018;84;Auvergne-Rhône-Alpes;11646
28/03/2018;84;Auvergne-Rhône-Alpes;10527
29/03/2018;84;Auvergne-Rhône-Alpes;10638
30/03/2018;84;Auvergne-Rhône-Alpes;10230
02/04/2018;84;Auvergne-Rhône-Alpes;8895
26/04/2018;84;Auvergne-Rhône-Alpes;4648
01/05/2018;84;Auvergne-Rhône-Alpes;4749
04/05/2018;84;Auvergne-Rhône-Alpes;6085
08/05/2018;84;Auvergne-Rhône-Alpes;2938
14/05/2018;84;Auvergne-Rhône-Alpes;6144
25/05/2018;84;Auvergne-Rhône-Alpes;4005
30/05/2018;84;Auvergne-Rhône-Alpes;3709
03/03/2019;84;Auvergne-Rhône-Alpes;9042
06/03/2019;84;Auvergne-Rhône-Alpes;10002
12/03/2019;84;Auvergne-Rhône-Alpes;12608
14/03/2019;84;Auvergne-Rhône-Alpes;10622
16/03/2019;84;Auvergne-Rhône-Alpes;8180
17/03/2019;84;Auvergne-Rhône-Alpes;7159
20/03/2019;84;Auvergne-Rhône-Alpes;12605
21/03/2019;84;Auvergne-Rhône-Alpes;11633
26/03/2019;84;Auvergne-Rhône-Alpes;10572
30/03/2019;84;Auvergne-Rhône-Alpes;7912
05/04/2019;84;Auvergne-Rhône-Alpes;12375
12/04/2019;84;Auvergne-Rhône-Alpes;10208
15/04/2019;84;Auvergne-Rhône-Alpes;10660
16/04/2019;84;Auvergne-Rhône-Alpes;8410
17/04/2019;84;Auvergne-Rhône-Alpes;9387
21/04/2019;84;Auvergne-Rhône-Alpes;3576
25/04/2019;84;Auvergne-Rhône-Alpes;5515
30/04/2019;84;Auvergne-Rhône-Alpes;8401
18/05/2019;84;Auvergne-Rhône-Alpes;5249
02/06/2019;84;Auvergne-Rhône-Alpes;2492
05/06/2019;84;Auvergne-Rhône-Alpes;4215
11/06/2019;84;Auvergne-Rhône-Alpes;4590
16/06/2019;84;Auvergne-Rhône-Alpes;2574
17/06/2019;84;Auvergne-Rhône-Alpes;3637
18/06/2019;84;Auvergne-Rhône-Alpes;3526
22/06/2019;84;Auvergne-Rhône-Alpes;2674
23/06/2019;84;Auvergne-Rhône-Alpes;2437
28/06/2019;84;Auvergne-Rhône-Alpes;3671
07/07/2019;84;Auvergne-Rhône-Alpes;2226
09/07/2019;84;Auvergne-Rhône-Alpes;3167
10/07/2019;84;Auvergne-Rhône-Alpes;3994
13/07/2019;84;Auvergne-Rhône-Alpes;2331
17/07/2019;84;Auvergne-Rhône-Alpes;3993
19/07/2019;84;Auvergne-Rhône-Alpes;3857
20/07/2019;84;Auvergne-Rhône-Alpes;2405
27/07/2019;84;Auvergne-Rhône-Alpes;2833
04/04/2018;84;Auvergne-Rhône-Alpes;7578
09/04/2018;84;Auvergne-Rhône-Alpes;6317
10/04/2018;84;Auvergne-Rhône-Alpes;7667
15/04/2018;84;Auvergne-Rhône-Alpes;5592
11/05/2018;84;Auvergne-Rhône-Alpes;4023
16/05/2018;84;Auvergne-Rhône-Alpes;5856
04/08/2019;84;Auvergne-Rhône-Alpes;1874
06/08/2019;84;Auvergne-Rhône-Alpes;2166
23/03/2021;84;Auvergne-Rhône-Alpes;12916
24/03/2021;84;Auvergne-Rhône-Alpes;12420
01/04/2021;84;Auvergne-Rhône-Alpes;7424
02/04/2021;84;Auvergne-Rhône-Alpes;6353
08/04/2021;84;Auvergne-Rhône-Alpes;12716
12/06/2022;84;Auvergne-Rhône-Alpes;2864
16/06/2022;84;Auvergne-Rhône-Alpes;3625
19/06/2022;84;Auvergne-Rhône-Alpes;2591
28/12/2020;84;Auvergne-Rhône-Alpes;9838
29/12/2020;84;Auvergne-Rhône-Alpes;9961
10/01/2021;84;Auvergne-Rhône-Alpes;13397
15/01/2021;84;Auvergne-Rhône-Alpes;12974
28/01/2021;84;Auvergne-Rhône-Alpes;12480
30/01/2021;84;Auvergne-Rhône-Alpes;9082
01/02/2021;84;Auvergne-Rhône-Alpes;10809
11/07/2022;84;Auvergne-Rhône-Alpes;3496
21/07/2022;84;Auvergne-Rhône-Alpes;3758
23/07/2022;84;Auvergne-Rhône-Alpes;2722
26/07/2022;84;Auvergne-Rhône-Alpes;3588
28/07/2022;84;Auvergne-Rhône-Alpes;3565
29/07/2022;84;Auvergne-Rhône-Alpes;3474
06/08/2022;84;Auvergne-Rhône-Alpes;2347
07/08/2022;84;Auvergne-Rhône-Alpes;2290
09/08/2022;84;Auvergne-Rhône-Alpes;2807
07/02/2021;84;Auvergne-Rhône-Alpes;9922
08/02/2021;84;Auvergne-Rhône-Alpes;12253
17/02/2021;84;Auvergne-Rhône-Alpes;11881
19/02/2021;84;Auvergne-Rhône-Alpes;10945
22/02/2021;84;Auvergne-Rhône-Alpes;9419
25/02/2021;84;Auvergne-Rhône-Alpes;9465
26/02/2021;84;Auvergne-Rhône-Alpes;10592
28/02/2021;84;Auvergne-Rhône-Alpes;9521
01/03/2021;84;Auvergne-Rhône-Alpes;12044
07/03/2021;84;Auvergne-Rhône-Alpes;8894
09/03/2021;84;Auvergne-Rhône-Alpes;12394
15/03/2021;84;Auvergne-Rhône-Alpes;10574
16/03/2021;84;Auvergne-Rhône-Alpes;12328
03/07/2022;84;Auvergne-Rhône-Alpes;2912
06/07/2022;84;Auvergne-Rhône-Alpes;3929
09/07/2022;84;Auvergne-Rhône-Alpes;2656
07/01/2021;84;Auvergne-Rhône-Alpes;15019
04/05/2022;84;Auvergne-Rhône-Alpes;4777
08/05/2022;84;Auvergne-Rhône-Alpes;3201
11/05/2022;84;Auvergne-Rhône-Alpes;3547
12/05/2022;84;Auvergne-Rhône-Alpes;3643
19/05/2022;84;Auvergne-Rhône-Alpes;4009
21/05/2022;84;Auvergne-Rhône-Alpes;2758
27/05/2022;84;Auvergne-Rhône-Alpes;2684
05/06/2022;84;Auvergne-Rhône-Alpes;1969
13/08/2023;84;Auvergne-Rhône-Alpes;1453
17/08/2023;84;Auvergne-Rhône-Alpes;1722
20/08/2023;84;Auvergne-Rhône-Alpes;1498
25/08/2023;84;Auvergne-Rhône-Alpes;2052
28/08/2023;84;Auvergne-Rhône-Alpes;2308
30/08/2023;84;Auvergne-Rhône-Alpes;2850
31/08/2023;84;Auvergne-Rhône-Alpes;2887
23/01/2022;84;Auvergne-Rhône-Alpes;12232
08/02/2022;84;Auvergne-Rhône-Alpes;14223
18/02/2022;84;Auvergne-Rhône-Alpes;9460
19/02/2022;84;Auvergne-Rhône-Alpes;8151
28/02/2022;84;Auvergne-Rhône-Alpes;13132
09/03/2022;84;Auvergne-Rhône-Alpes;12362
17/03/2022;84;Auvergne-Rhône-Alpes;8934
18/03/2022;84;Auvergne-Rhône-Alpes;9643
19/03/2022;84;Auvergne-Rhône-Alpes;7882
08/09/2023;84;Auvergne-Rhône-Alpes;2867
09/09/2023;84;Auvergne-Rhône-Alpes;1972
14/09/2023;84;Auvergne-Rhône-Alpes;2897
17/09/2023;84;Auvergne-Rhône-Alpes;1952
24/10/2023;84;Auvergne-Rhône-Alpes;4262
26/10/2023;84;Auvergne-Rhône-Alpes;4756
31/10/2023;84;Auvergne-Rhône-Alpes;4839
02/11/2023;84;Auvergne-Rhône-Alpes;5139
05/11/2023;84;Auvergne-Rhône-Alpes;5095
13/11/2023;84;Auvergne-Rhône-Alpes;6675
14/11/2023;84;Auvergne-Rhône-Alpes;5600
16/11/2023;84;Auvergne-Rhône-Alpes;7492
23/11/2023;84;Auvergne-Rhône-Alpes;9835
26/11/2023;84;Auvergne-Rhône-Alpes;8597
04/12/2023;84;Auvergne-Rhône-Alpes;11511
17/12/2023;84;Auvergne-Rhône-Alpes;8829
19/12/2023;84;Auvergne-Rhône-Alpes;12086
21/12/2023;84;Auvergne-Rhône-Alpes;9382
23/12/2023;84;Auvergne-Rhône-Alpes;6656
25/12/2023;84;Auvergne-Rhône-Alpes;7704
01/01/2024;84;Auvergne-Rhône-Alpes;7442
07/01/2024;84;Auvergne-Rhône-Alpes;9534
19/10/2020;84;Auvergne-Rhône-Alpes;10241
21/12/2021;84;Auvergne-Rhône-Alpes;14005
25/12/2021;84;Auvergne-Rhône-Alpes;8268
30/12/2021;84;Auvergne-Rhône-Alpes;7366
02/01/2022;84;Auvergne-Rhône-Alpes;8425
05/01/2022;84;Auvergne-Rhône-Alpes;11089
24/09/2023;84;Auvergne-Rhône-Alpes;2251
04/10/2023;84;Auvergne-Rhône-Alpes;3015
10/10/2023;84;Auvergne-Rhône-Alpes;3042
12/10/2023;84;Auvergne-Rhône-Alpes;3209
14/04/2022;84;Auvergne-Rhône-Alpes;7291
16/04/2022;84;Auvergne-Rhône-Alpes;3908
20/04/2022;84;Auvergne-Rhône-Alpes;6300
24/04/2022;84;Auvergne-Rhône-Alpes;4784
26/04/2022;84;Auvergne-Rhône-Alpes;6671
03/05/2022;84;Auvergne-Rhône-Alpes;4841
08/01/2024;84;Auvergne-Rhône-Alpes;12208
20/01/2024;84;Auvergne-Rhône-Alpes;11732
27/01/2024;84;Auvergne-Rhône-Alpes;7210
02/04/2022;84;Auvergne-Rhône-Alpes;10691
09/04/2022;84;Auvergne-Rhône-Alpes;8119
11/04/2022;84;Auvergne-Rhône-Alpes;9828
01/01/2018;84;Auvergne-Rhône-Alpes;9072
05/01/2018;84;Auvergne-Rhône-Alpes;9095
07/01/2018;84;Auvergne-Rhône-Alpes;8278
14/01/2018;84;Auvergne-Rhône-Alpes;10012
21/01/2018;84;Auvergne-Rhône-Alpes;8795
23/01/2018;84;Auvergne-Rhône-Alpes;10618
27/01/2018;84;Auvergne-Rhône-Alpes;9778
01/02/2018;84;Auvergne-Rhône-Alpes;11406
02/02/2018;84;Auvergne-Rhône-Alpes;13599
08/02/2018;84;Auvergne-Rhône-Alpes;15264
02/01/2018;84;Auvergne-Rhône-Alpes;10264
18/11/2020;84;Auvergne-Rhône-Alpes;11136
19/11/2020;84;Auvergne-Rhône-Alpes;8894
23/11/2020;84;Auvergne-Rhône-Alpes;13540
26/11/2020;84;Auvergne-Rhône-Alpes;12313
02/12/2020;84;Auvergne-Rhône-Alpes;13137
05/12/2020;84;Auvergne-Rhône-Alpes;11758
08/12/2020;84;Auvergne-Rhône-Alpes;13110
10/12/2020;84;Auvergne-Rhône-Alpes;14454
18/12/2020;84;Auvergne-Rhône-Alpes;10972
19/12/2020;84;Auvergne-Rhône-Alpes;8218
20/12/2020;84;Auvergne-Rhône-Alpes;8288
21/12/2020;84;Auvergne-Rhône-Alpes;10528
26/12/2020;84;Auvergne-Rhône-Alpes;10079
18/07/2018;84;Auvergne-Rhône-Alpes;3143
24/07/2018;84;Auvergne-Rhône-Alpes;3332
30/07/2018;84;Auvergne-Rhône-Alpes;2549
07/08/2018;84;Auvergne-Rhône-Alpes;2591
11/08/2018;84;Auvergne-Rhône-Alpes;1902
17/08/2018;84;Auvergne-Rhône-Alpes;2566
18/08/2018;84;Auvergne-Rhône-Alpes;2087
04/09/2018;84;Auvergne-Rhône-Alpes;4216
09/09/2018;84;Auvergne-Rhône-Alpes;2470
13/09/2018;84;Auvergne-Rhône-Alpes;3431
23/10/2020;84;Auvergne-Rhône-Alpes;6071
06/11/2020;84;Auvergne-Rhône-Alpes;10494
13/11/2020;84;Auvergne-Rhône-Alpes;9425
11/06/2018;84;Auvergne-Rhône-Alpes;3262
13/06/2018;84;Auvergne-Rhône-Alpes;3721
15/06/2018;84;Auvergne-Rhône-Alpes;3762
20/06/2018;84;Auvergne-Rhône-Alpes;3502
23/06/2018;84;Auvergne-Rhône-Alpes;2710
02/07/2018;84;Auvergne-Rhône-Alpes;3177
14/07/2018;84;Auvergne-Rhône-Alpes;2204
15/07/2018;84;Auvergne-Rhône-Alpes;2162
15/11/2020;84;Auvergne-Rhône-Alpes;6239
25/03/2018;84;Auvergne-Rhône-Alpes;8316
25/08/2019;84;Auvergne-Rhône-Alpes;1970
29/08/2019;84;Auvergne-Rhône-Alpes;3735
02/09/2019;84;Auvergne-Rhône-Alpes;3817
03/09/2019;84;Auvergne-Rhône-Alpes;4243
07/09/2019;84;Auvergne-Rhône-Alpes;3354
08/09/2019;84;Auvergne-Rhône-Alpes;2701
09/09/2019;84;Auvergne-Rhône-Alpes;4590
11/09/2019;84;Auvergne-Rhône-Alpes;3992
16/09/2019;84;Auvergne-Rhône-Alpes;3899
26/09/2019;84;Auvergne-Rhône-Alpes;4387
06/10/2019;84;Auvergne-Rhône-Alpes;3583
10/10/2019;84;Auvergne-Rhône-Alpes;6505
11/10/2019;84;Auvergne-Rhône-Alpes;6829
15/10/2019;84;Auvergne-Rhône-Alpes;5251
17/10/2019;84;Auvergne-Rhône-Alpes;6336
23/10/2019;84;Auvergne-Rhône-Alpes;6559
31/10/2019;84;Auvergne-Rhône-Alpes;6675
06/11/2019;84;Auvergne-Rhône-Alpes;9306
09/11/2019;84;Auvergne-Rhône-Alpes;8490
10/04/2021;84;Auvergne-Rhône-Alpes;7303
19/04/2021;84;Auvergne-Rhône-Alpes;9980
22/04/2021;84;Auvergne-Rhône-Alpes;8260
23/04/2021;84;Auvergne-Rhône-Alpes;7677
24/04/2021;84;Auvergne-Rhône-Alpes;5237
26/04/2021;84;Auvergne-Rhône-Alpes;5713
05/05/2021;84;Auvergne-Rhône-Alpes;6704
07/05/2021;84;Auvergne-Rhône-Alpes;6875
11/05/2021;84;Auvergne-Rhône-Alpes;5868
12/05/2021;84;Auvergne-Rhône-Alpes;6987
13/02/2018;84;Auvergne-Rhône-Alpes;15177
20/02/2018;84;Auvergne-Rhône-Alpes;13130
22/02/2018;84;Auvergne-Rhône-Alpes;14645
02/03/2018;84;Auvergne-Rhône-Alpes;13206
08/03/2018;84;Auvergne-Rhône-Alpes;12636
14/03/2018;84;Auvergne-Rhône-Alpes;11805
20/06/2021;84;Auvergne-Rhône-Alpes;2355
30/08/2019;84;Auvergne-Rhône-Alpes;3809
31/08/2019;84;Auvergne-Rhône-Alpes;2240
