ann√©e,NUM_POSTE,LAT,LON,ALTI,RR,RRAB,NBJRR1,NBJRR5,NBJRR10,NBJRR30,NBJRR50,NBJRR100,TX,TXAB,TXMIN,NBJTX0,NBJTX25,NBJTX30,NBJTX35,NBJTXI20,NBJTXI27,NBJTXS32,TN,TNAB,TNMAX,NBJTN5,NBJTN10,NBJTNI10,NBJTNI15,NBJTNI20,NBJTNS20,NBJTNS25,NBJGELEE,TAMPLIM,TAMPLIAB,TM,TMMIN,TMMAX
1950,69148945.12676056,45.879981366197185,4.681370915492958,329.9718309859155,66.32957746478873,25.345774647887325,8.316901408450704,4.056338028169014,1.880281690140845,0.2605633802816901,0.13380281690140844,0.0,16.513380281690143,24.03943661971831,8.76549295774648,1.528169014084507,7.119718309859155,2.795774647887324,0.6056338028169014,19.049295774647888,25.640845070422536,1.5774647887323943,6.6070422535211275,0.02112676056338027,12.959154929577466,1.4788732394366197,0.13380281690140844,19.943661971830984,26.908450704225352,30.197183098591548,0.31690140845070425,0.0,6.133802816901408,9.906338028169014,16.72887323943662,11.555633802816901,5.24718309859155,17.715492957746477
1951,69149193.52980132,45.87490522516556,4.6892936622516554,336.19867549668874,81.81920529801324,25.64105960264901,9.350993377483444,4.8344370860927155,2.5099337748344372,0.423841059602649,0.07947019867549669,0.0,15.333112582781458,22.20794701986755,7.994039735099337,0.15894039735099338,4.145695364238411,0.7218543046357616,0.0,21.158940397350992,27.794701986754966,0.1456953642384106,6.496688741721854,1.166225165562914,12.370860927152318,0.4105960264900662,0.0,20.920529801324502,28.278145695364238,30.264900662251655,0.033112582781456956,0.0,4.8344370860927155,8.833112582781457,15.343046357615895,10.91456953642384,5.578145695364238,16.629139072847682
1952,69146989.97701149,45.88358631034483,4.679137977011495,340.98850574712645,69.68275862068965,18.4316091954023,9.833333333333334,4.948275862068965,2.160919540229885,0.13793103448275862,0.011494252873563218,0.0,16.410919540229884,23.57816091954023,9.296551724137931,0.8448275862068966,6.551724137931035,2.7701149425287355,0.6896551724137931,19.32758620689655,25.982758620689655,1.7298850574712643,6.5201149425287355,-0.15632183908045974,12.62471264367816,1.396551724137931,0.10344827586206896,20.655172413793103,27.25287356321839,30.00574712643678,0.4942528735632184,0.005747126436781609,6.580459770114943,9.89080459770115,16.54597701149425,11.46551724137931,5.592528735632184,17.395977011494253
1953,69147251.51219513,45.87809967073171,4.680550835365853,351.7621951219512,49.80670731707317,15.84390243902439,6.414634146341464,3.0548780487804876,1.670731707317073,0.16463414634146342,0.024390243902439025,0.0,15.821951219512195,23.4359756097561,8.132317073170732,1.603658536585366,5.475609756097561,1.6341463414634145,0.006097560975609756,19.49390243902439,26.774390243902438,0.6829268292682927,6.1640243902439025,-0.15060975609756103,12.347560975609756,1.524390243902439,0.10365853658536585,20.036585365853657,27.390243902439025,30.23170731707317,0.018292682926829267,0.0,6.512195121951219,9.65731707317073,16.73658536585366,10.99329268292683,5.014024390243902,17.11280487804878
1954,69148847.6923077,45.87838469230769,4.683,357.7692307692308,67.46730769230768,21.73974358974359,8.685897435897436,4.032051282051282,2.019230769230769,0.22435897435897437,0.09615384615384616,0.0,15.2,22.960256410256413,6.573717948717949,1.4679487179487178,4.333333333333333,1.1025641025641026,0.019230769230769232,21.141025641025642,27.82051282051282,0.5,6.0070512820512825,-0.21730769230769234,12.20897435897436,1.4487179487179487,0.5641025641025641,21.57051282051282,28.83974358974359,30.403846153846153,0.02564102564102564,0.0,4.75,9.190384615384616,16.04423076923077,10.60448717948718,4.269871794871795,16.847435897435897
1955,69148847.6923077,45.87838469230769,4.683,357.7692307692308,66.58910256410256,19.868589743589745,8.378205128205128,4.346153846153846,2.1474358974358974,0.21153846153846154,0.0641025641025641,0.0,15.808333333333334,23.56153846153846,8.263461538461538,0.3974358974358974,5.134615384615385,0.5448717948717948,0.00641025641025641,19.865384615384617,28.076923076923077,0.11538461538461539,6.271153846153846,-0.5762820512820513,12.831410256410257,1.0256410256410255,0.00641025641025641,20.66025641025641,27.96794871794872,30.41025641025641,0.019230769230769232,0.0,6.083333333333333,9.533333333333333,15.806410256410258,11.037820512820513,4.608333333333333,17.546794871794873
1956,69148103.44585988,45.87817205095541,4.68237049044586,357.2738853503185,81.04394904458599,25.6828025477707,8.94267515923567,4.643312101910828,2.4713375796178343,0.4713375796178344,0.11464968152866242,0.0,13.904458598726114,21.75859872611465,5.5662420382165605,2.038216560509554,3.4140127388535033,0.40764331210191085,0.0,21.24203821656051,29.21656050955414,0.1337579617834395,5.028662420382165,-1.0936305732484077,10.963694267515923,2.7643312101910826,1.1656050955414012,21.445859872611464,29.49044585987261,30.496815286624205,0.0,0.0,7.012738853503185,8.873885350318472,15.687261146496816,9.468789808917197,3.0101910828025478,15.79235668789809
1957,69145218.91304348,45.87734790062112,4.679930652173913,355.35403726708074,52.57950310559006,18.78447204968944,6.950310559006211,3.372670807453416,1.5838509316770186,0.17391304347826086,0.018633540372670808,0.0,15.870186335403726,23.798757763975154,8.224223602484471,0.7515527950310559,4.080745341614906,1.4161490683229814,0.06832298136645963,20.366459627329192,27.96894409937888,0.6583850931677019,6.1695652173913045,0.009316770186335453,12.690062111801241,1.0745341614906831,0.19254658385093168,22.043478260869566,28.490683229813666,30.341614906832298,0.13043478260869565,0.0,5.304347826086956,9.694409937888198,16.335403726708076,11.01552795031056,4.8329192546583855,17.599378881987576
1958,69142184.90506329,45.88261401898734,4.6662267974683544,356.2151898734177,80.60696202531645,27.406962025316457,9.670886075949367,4.7215189873417724,2.2911392405063293,0.35443037974683544,0.0949367088607595,0.02531645569620253,14.935443037974684,22.963291139240503,7.330379746835443,0.6518987341772152,4.658227848101266,0.8354430379746836,0.05063291139240506,20.341772151898734,27.78481012658228,0.3291139240506329,6.218987341772152,-0.10379746835443035,12.623417721518987,1.2088607594936709,0.0189873417721519,21.0126582278481,27.943037974683545,30.341772151898734,0.10126582278481013,0.0,5.746835443037975,8.715822784810126,15.673417721518987,10.579113924050633,4.488607594936709,17.15
1959,69135723.05347593,45.85568990374331,4.662906454545455,343.71122994652404,54.518716577540104,18.783957219251338,7.385026737967914,3.4705882352941178,1.6844919786096257,0.1711229946524064,0.0106951871657754,0.0,17.233155080213905,23.351336898395722,9.3427807486631,0.20855614973262032,6.775401069518717,1.9251336898395721,0.11764705882352941,17.796791443850267,26.165775401069517,0.8556149732620321,6.810160427807487,0.9053475935828876,12.650267379679144,0.6631016042780749,0.0106951871657754,20.149732620320854,27.497326203208555,30.197860962566846,0.17647058823529413,0.0,4.737967914438503,10.423529411764706,17.159358288770054,12.022459893048127,6.310695187165775,17.20855614973262
1960,69135771.16042781,45.84971664705882,4.668267422459893,339.5668449197861,88.9042780748663,25.946524064171122,10.240641711229946,5.44385026737968,2.7540106951871657,0.3850267379679144,0.0748663101604278,0.0,15.510160427807486,22.925668449197865,8.20374331550802,1.3850267379679144,3.9251336898395723,0.44919786096256686,0.0053475935828877,20.128342245989305,28.342245989304814,0.1657754010695187,6.229411764705882,-0.6010695187165775,12.47379679144385,1.3315508021390374,0.39037433155080214,21.005347593582886,28.834224598930483,30.32620320855615,0.053475935828877004,0.0,5.06951871657754,9.29625668449198,16.180748663101607,10.862566844919785,4.767379679144385,16.633155080213903
1961,69120773.80519481,45.82084642207792,4.666132090909091,343.18831168831167,59.36753246753247,19.02857142857143,8.37012987012987,3.8766233766233764,1.7077922077922079,0.23376623376623376,0.012987012987012988,0.0,17.01298701298701,24.435064935064936,9.78961038961039,0.7077922077922078,5.584415584415584,2.4155844155844157,0.09740259740259741,19.324675324675326,26.51298701298701,1.3181818181818181,6.651948051948053,0.6642857142857143,13.257792207792209,0.6428571428571429,0.17532467532467533,20.805194805194805,27.81168831168831,30.38961038961039,0.045454545454545456,0.0,4.811688311688312,10.366233766233767,17.75064935064935,11.834415584415584,6.530519480519481,17.995454545454546
1962,69119981.72258064,45.818405477419354,4.668147361290323,340.5870967741935,53.721935483870965,17.413548387096775,8.212903225806452,3.52258064516129,1.4903225806451612,0.10967741935483871,0.03225806451612903,0.0,14.983870967741936,23.70258064516129,6.064516129032258,1.4064516129032258,5.451612903225806,2.0193548387096776,0.15483870967741936,20.503225806451614,26.73548387096774,1.135483870967742,4.921935483870968,-2.366451612903226,12.496774193548386,2.0838709677419356,0.5161290322580645,22.81290322580645,28.55483870967742,30.348387096774193,0.0967741935483871,0.0,7.819354838709677,10.061935483870966,17.539354838709677,9.951612903225806,3.0361290322580645,17.34258064516129
1963,69124019.5925926,45.83266677777778,4.664280888888889,338.55555555555554,76.48148148148148,21.893827160493828,9.790123456790123,4.790123456790123,2.1728395061728394,0.3333333333333333,0.08024691358024691,0.0,14.275925925925925,21.29074074074074,6.604320987654321,3.037037037037037,3.111111111111111,0.42592592592592593,0.006172839506172839,21.320987654320987,28.969135802469136,0.09259259259259259,4.799382716049383,-2.3364197530864197,11.542592592592593,3.993827160493827,1.9382716049382716,21.82716049382716,28.64814814814815,30.228395061728396,0.018518518518518517,0.0,6.950617283950617,9.45432098765432,17.588271604938274,9.530864197530864,3.2969135802469136,15.580246913580247
1964,69125501.07142857,45.845488214285716,4.6600119285714285,342.0,52.535714285714285,16.38154761904762,7.851190476190476,3.6964285714285716,1.630952380952381,0.05357142857142857,0.0,0.0,15.39642857142857,23.225,8.014880952380953,1.2738095238095237,5.654761904761905,1.6845238095238095,0.3273809523809524,19.202380952380953,26.875,0.8928571428571429,6.007142857142857,-0.45952380952380956,12.647023809523809,1.3869047619047619,0.1488095238095238,21.00595238095238,28.297619047619047,30.30952380952381,0.125,0.0,6.148809523809524,9.392261904761906,16.95357142857143,10.701785714285714,4.873214285714286,17.02202380952381
1965,69125429.65476191,45.842934642857145,4.66172125,340.0654761904762,89.34404761904761,23.107142857142858,11.047619047619047,5.238095238095238,2.7976190476190474,0.3630952380952381,0.05952380952380952,0.0,14.834523809523809,22.90952380952381,7.4523809523809526,0.44642857142857145,3.5416666666666665,0.8333333333333334,0.017857142857142856,21.928571428571427,28.339285714285715,0.2857142857142857,5.711904761904762,-0.6041666666666666,11.983333333333334,1.3571428571428572,0.05357142857142857,22.916666666666668,28.75,30.285714285714285,0.02976190476190476,0.0,5.767857142857143,9.125,16.545238095238094,10.275,4.598214285714286,16.589880952380952
1966,69133386.54189944,45.83374873743017,4.646776536312849,361.0446927374302,69.43519553072626,20.275977653631287,9.849162011173185,4.4860335195530725,1.988826815642458,0.2681564245810056,0.00558659217877095,0.0,15.593296089385474,23.50558659217877,7.158659217877095,0.7374301675977654,4.100558659217877,0.9162011173184358,0.11173184357541899,20.07262569832402,28.273743016759777,0.441340782122905,6.204469273743016,-0.23743016759776536,12.64804469273743,1.100558659217877,0.5139664804469274,21.01675977653631,28.83240223463687,30.363128491620113,0.0670391061452514,0.0,5.324022346368715,9.392178770949721,17.345251396648045,10.896648044692737,4.593854748603352,17.1463687150838
1967,69133001.06666666,45.83170013333333,4.647433333333334,359.8666666666667,61.483333333333334,19.846111111111114,7.855555555555555,3.861111111111111,1.9388888888888889,0.22777777777777777,0.016666666666666666,0.0,15.681666666666665,23.681666666666665,7.73,1.2055555555555555,4.772222222222222,1.2,0.027777777777777776,20.166666666666668,27.47222222222222,0.43333333333333335,5.947222222222222,-1.1694444444444445,12.662222222222221,1.538888888888889,0.4722222222222222,21.55,28.177777777777777,30.372222222222224,0.08888888888888889,0.005555555555555556,5.738888888888889,9.73111111111111,17.467777777777776,10.810555555555556,4.517777777777778,17.27777777777778
1968,69133001.06666666,45.83170013333333,4.647433333333334,359.8666666666667,76.0788888888889,25.220555555555556,8.816666666666666,4.483333333333333,2.388888888888889,0.4166666666666667,0.08333333333333333,0.0,14.771666666666667,22.951666666666668,7.346666666666668,1.1277777777777778,2.6277777777777778,0.7833333333333333,0.044444444444444446,21.872222222222224,28.744444444444444,0.3388888888888889,5.831666666666667,-0.7972222222222223,12.360000000000001,1.0555555555555556,0.1388888888888889,21.994444444444444,28.97222222222222,30.266666666666666,0.06111111111111111,0.0,6.288888888888889,8.945555555555556,16.225,10.303888888888888,4.483888888888889,16.79
1969,69133001.06666666,45.83170013333333,4.647433333333334,359.8666666666667,66.57277777777777,20.67222222222222,8.96111111111111,4.261111111111111,2.1055555555555556,0.18333333333333332,0.011111111111111112,0.0,14.70111111111111,21.618333333333336,6.63111111111111,1.8111111111111111,3.7333333333333334,0.7833333333333333,0.0,21.41111111111111,28.016666666666666,0.20555555555555555,5.725,-0.9166666666666666,11.786666666666665,2.2944444444444443,0.17777777777777778,21.711111111111112,28.27777777777778,30.238888888888887,0.06666666666666667,0.0,6.716666666666667,8.971666666666668,16.19888888888889,10.210555555555556,3.55,15.783333333333333
1970,69133001.06666666,45.83170013333333,4.647433333333334,359.8666666666667,74.02166666666666,24.015555555555558,9.488888888888889,4.45,2.2888888888888888,0.28888888888888886,0.05,0.0,14.969444444444445,22.85222222222222,7.313888888888889,1.3611111111111112,4.488888888888889,0.8944444444444445,0.011111111111111112,20.355555555555554,27.822222222222223,0.3111111111111111,5.832777777777778,-1.1605555555555556,12.347222222222221,1.6333333333333333,0.23333333333333334,21.272222222222222,28.127777777777776,30.4,0.016666666666666666,0.0,6.572222222222222,9.132777777777779,16.267222222222223,10.39611111111111,4.242777777777778,16.863888888888887
1971,69133386.54189944,45.83374873743017,4.646776536312849,361.0446927374302,59.83854748603352,19.639664804469273,7.318435754189944,3.910614525139665,2.106145251396648,0.1452513966480447,0.00558659217877095,0.0,14.973184357541898,22.085474860335196,6.931843575418994,1.329608938547486,4.581005586592179,1.223463687150838,0.0,19.921787709497206,27.88826815642458,0.3128491620111732,5.38268156424581,-1.6659217877094972,11.391620111731843,1.9553072625698324,0.776536312849162,21.52513966480447,28.363128491620113,30.379888268156424,0.0782122905027933,0.0,7.100558659217877,9.588268156424581,16.99217877094972,10.177094972067039,3.515083798882682,15.649162011173184
1972,69127369.48421052,45.83508433684211,4.644042105263158,355.4,59.78631578947368,19.91263157894737,8.0,3.4894736842105263,1.7789473684210526,0.30526315789473685,0.021052631578947368,0.0,15.06578947368421,22.486842105263158,7.564736842105263,0.7473684210526316,2.889473684210526,0.6210526315789474,0.0,22.46842105263158,28.94736842105263,0.08421052631578947,5.482105263157894,-0.6136842105263157,11.97578947368421,0.5894736842105263,0.0,24.142105263157895,29.21578947368421,30.49473684210526,0.005263157894736842,0.0,5.042105263157895,9.582105263157894,17.040526315789474,10.273684210526316,4.615263157894737,16.355263157894736
1973,69124667.8888889,45.84157416666667,4.657277777777778,341.27777777777777,51.535185185185185,17.28101851851852,7.296296296296297,3.3518518518518516,1.787037037037037,0.1111111111111111,0.009259259259259259,0.0,15.069444444444445,22.16712962962963,6.891203703703703,1.0416666666666667,5.62962962962963,1.6342592592592593,0.0,20.324074074074073,26.930555555555557,0.39351851851851855,5.540277777777778,-0.952314814814815,11.939814814814815,1.4212962962962963,0.10185185185185185,20.98611111111111,27.87037037037037,30.40740740740741,0.023148148148148147,0.0,8.027777777777779,9.524074074074074,16.962500000000002,10.304166666666665,4.090277777777778,16.326851851851853
1974,69124667.8888889,45.84157416666667,4.657277777777778,341.27777777777777,67.09074074074074,20.864814814814817,10.11111111111111,4.143518518518518,1.9722222222222223,0.20833333333333334,0.009259259259259259,0.0,15.455092592592594,22.497685185185187,7.914351851851852,0.0787037037037037,4.425925925925926,1.0787037037037037,0.13425925925925927,21.587962962962962,28.15277777777778,0.6296296296296297,6.333333333333333,0.3819444444444444,12.118055555555555,0.11574074074074074,0.0,22.73148148148148,28.75,30.38425925925926,0.037037037037037035,0.0,3.2453703703703702,9.118981481481482,16.42824074074074,10.899074074074074,5.213425925925925,16.329166666666666
1975,69143373.31007752,45.82813895348837,4.702110488372093,315.031007751938,71.93023255813954,20.501550387596897,9.05813953488372,4.7015503875969,2.364341085271318,0.21705426356589147,0.023255813953488372,0.0,15.13062015503876,22.49263565891473,7.199224806201551,0.5193798449612403,4.4147286821705425,1.2364341085271318,0.046511627906976744,20.709302325581394,27.573643410852714,0.6666666666666666,6.337209302325581,0.4503875968992248,12.237596899224807,0.5465116279069767,0.015503875968992248,21.12015503875969,27.44573643410853,30.093023255813954,0.15891472868217055,0.0,5.507751937984496,8.7984496124031,15.522868217054263,10.736434108527131,4.642635658914728,16.49651162790698
1976,69161122.95652173,45.83529573913044,4.713649260869565,317.60869565217394,59.439565217391305,21.660869565217393,7.01304347826087,3.247826086956522,1.9521739130434783,0.2956521739130435,0.0391304347826087,0.0,15.88,22.843478260869563,7.923043478260869,0.691304347826087,6.252173913043478,2.3130434782608695,0.05217391304347826,19.969565217391306,25.904347826086955,1.1652173913043478,6.4082608695652175,0.029130434782608693,12.207391304347825,0.8869565217391304,0.034782608695652174,20.682608695652174,26.98695652173913,30.204347826086956,0.24347826086956523,0.0,5.969565217391304,9.471739130434782,16.598260869565216,11.146521739130433,4.980869565217391,16.468695652173913
1977,69162369.63157895,45.83288605263158,4.713359631578947,318.6842105263158,91.03508771929825,26.4469298245614,11.00438596491228,5.574561403508772,2.8508771929824563,0.4473684210526316,0.06140350877192982,0.0,15.365789473684211,22.49780701754386,7.289912280701754,0.34210526315789475,2.4078947368421053,0.09649122807017543,0.0,21.36842105263158,29.236842105263158,0.0,6.665350877192982,0.6697368421052631,12.661842105263158,0.4605263157894737,0.0,20.95614035087719,29.04824561403509,30.285087719298247,0.008771929824561403,0.0,3.8640350877192984,8.697807017543859,15.460964912280701,11.018421052631577,5.025438596491228,16.619298245614033
1978,69163793.53846154,45.84360779615385,4.718449365384616,303.8269230769231,56.181538461538466,16.34653846153846,8.996153846153845,3.703846153846154,1.5384615384615385,0.13076923076923078,0.04230769230769231,0.0,14.955769230769231,22.143076923076922,7.3,0.5769230769230769,3.6192307692307693,0.4846153846153846,0.0,21.107692307692307,28.442307692307693,0.2,6.096153846153846,0.17538461538461536,11.967307692307692,0.6384615384615384,0.05,21.83076923076923,28.46923076923077,30.18846153846154,0.011538461538461539,0.0,5.0115384615384615,8.866538461538463,15.996923076923077,10.52576923076923,4.73423076923077,16.083846153846153
1979,69173501.22580644,45.839669467741935,4.722134403225806,306.96774193548384,76.59637096774195,20.793145161290322,10.528225806451612,4.830645161290323,2.4233870967741935,0.17338709677419356,0.04838709677419355,0.0,15.237903225806452,22.579435483870967,7.354838709677419,0.8064516129032258,4.741935483870968,0.7701612903225806,0.028225806451612902,20.350806451612904,28.004032258064516,0.21774193548387097,6.680645161290323,0.3379032258064516,12.743145161290323,1.064516129032258,0.1814516129032258,20.036290322580644,27.443548387096776,30.298387096774192,0.07258064516129033,0.0,5.217741935483871,8.565725806451614,15.48266129032258,10.963306451612903,4.795967741935484,17.00201612903226
1980,69176659.43037975,45.82664567088607,4.717660367088608,312.1518987341772,73.18354430379746,22.842616033755274,9.649789029535865,4.29957805907173,2.1434599156118144,0.3459915611814346,0.0970464135021097,0.0,14.549789029535866,21.634177215189876,7.839240506329114,1.1181434599156117,3.3544303797468356,0.5611814345991561,0.0,21.839662447257385,28.890295358649787,0.29535864978902954,6.029113924050633,0.15147679324894517,12.20464135021097,1.0253164556962024,0.12658227848101267,21.544303797468356,28.41350210970464,30.443037974683545,0.06751054852320675,0.004219409282700422,5.843881856540085,8.519831223628692,16.129957805907175,10.289873417721518,5.247679324894515,16.08607594936709
1981,69175017.9372385,45.825233711297074,4.716798497907949,310.8577405857741,79.2213389121339,25.435564853556485,9.899581589958158,4.690376569037657,2.1129707112970713,0.4811715481171548,0.14225941422594143,0.0,15.207531380753137,23.012133891213388,8.056485355648535,0.40585774058577406,3.707112970711297,0.49372384937238495,0.0,20.251046025104603,28.347280334728033,0.09205020920502092,6.341841004184101,0.09665271966527196,12.682845188284517,1.4728033472803348,0.012552301255230125,20.292887029288703,27.824267782426777,30.334728033472803,0.058577405857740586,0.0,5.870292887029288,8.868619246861924,15.423849372384938,10.778661087866109,5.009623430962343,17.307112970711295
1982,69174851.2,45.8268751,4.7159917,311.75,75.30166666666668,27.682916666666664,8.608333333333333,4.141666666666667,2.220833333333333,0.42916666666666664,0.11666666666666667,0.0,16.295833333333334,22.53125,8.97,0.23333333333333334,5.679166666666666,1.1375,0.07083333333333333,19.816666666666666,27.1625,0.5416666666666666,7.182083333333334,1.5433333333333332,12.662083333333333,0.30833333333333335,0.0,19.595833333333335,26.5375,30.283333333333335,0.16666666666666666,0.0,3.8041666666666667,9.113750000000001,15.432500000000001,11.740833333333335,6.1274999999999995,16.835
1983,69175101.20416667,45.8242751,4.716284754166667,312.0625,73.33083333333335,20.07875,8.195833333333333,4.1875,2.341666666666667,0.4166666666666667,0.0125,0.0,15.895416666666668,23.045416666666664,8.304583333333333,0.7333333333333333,6.245833333333334,2.2291666666666665,0.4583333333333333,20.0875,25.9375,1.425,6.923333333333333,0.6291666666666667,13.295833333333333,1.0416666666666667,0.029166666666666667,20.029166666666665,25.6375,29.5875,0.7708333333333334,0.029166666666666667,5.908333333333333,8.970416666666667,16.22416666666667,11.4125,5.381666666666666,17.317083333333336
1984,69174576.8235294,45.82632573109244,4.715737428571428,312.20588235294116,66.21176470588235,21.238235294117647,9.105042016806722,4.23109243697479,2.0126050420168067,0.22268907563025211,0.029411764705882353,0.0,15.049159663865545,22.02983193277311,7.876050420168068,0.226890756302521,4.03781512605042,1.004201680672269,0.07142857142857142,22.180672268907564,28.016806722689076,0.47478991596638653,6.267647058823529,0.7592436974789916,12.522689075630252,0.5294117647058824,0.008403361344537815,21.50420168067227,28.27310924369748,30.399159663865547,0.11764705882352941,0.008403361344537815,5.239495798319328,8.776050420168067,15.783193277310925,10.659243697478992,5.410924369747899,16.560924369747898
1985,69171185.90769231,45.83428218461538,4.704394876923077,329.2769230769231,53.83,17.005384615384614,7.615384615384615,3.4153846153846152,1.6,0.15,0.03076923076923077,0.0,15.206538461538461,23.92423076923077,6.180769230769231,2.223076923076923,6.1923076923076925,1.2884615384615385,0.05,19.726923076923075,26.35,0.46923076923076923,5.766538461538461,-1.0065384615384616,13.168846153846154,2.123076923076923,1.0038461538461538,20.573076923076922,27.611538461538462,30.15,0.09615384615384616,0.0,6.7153846153846155,9.440384615384616,16.618076923076924,10.482307692307693,3.4423076923076925,17.71769230769231
1986,69167607.16058394,45.8397811459854,4.70079806569343,330.64963503649636,65.79014598540147,16.657299270072993,10.10948905109489,4.4489051094890515,1.9744525547445255,0.13503649635036497,0.0,0.0,15.336496350364962,22.895985401459853,7.487956204379562,1.0255474452554745,5.660583941605839,1.7116788321167884,0.16058394160583941,19.7992700729927,26.291970802919707,0.8357664233576643,6.538686131386861,-0.4007299270072993,12.835766423357665,1.1094890510948905,0.24817518248175183,19.6021897810219,26.514598540145986,29.704379562043794,0.35766423357664234,0.0,5.740875912408759,8.799999999999999,16.178102189781022,10.936131386861314,4.42007299270073,17.07116788321168
1987,69162524.852349,45.84813324161074,4.70751122147651,330.3422818791946,74.32281879194632,21.53489932885906,10.006711409395972,4.432885906040268,2.3624161073825505,0.2651006711409396,0.026845637583892617,0.0,15.03523489932886,23.11711409395973,6.961744966442953,1.6946308724832215,4.855704697986577,1.6375838926174497,0.06375838926174497,20.12751677852349,27.221476510067113,0.6845637583892618,6.638255033557047,-0.002348993288590627,13.17248322147651,1.5771812080536913,0.3389261744966443,19.79530201342282,26.80536912751678,30.191275167785236,0.25838926174496646,0.0,5.630872483221476,8.398322147651006,15.57986577181208,10.838926174496644,4.265771812080537,17.51040268456376
1988,69163079.5276873,45.85150828338762,4.702539117263844,338.42345276872965,75.65504885993485,22.502931596091205,10.140065146579804,4.644951140065147,2.3387622149837135,0.2182410423452769,0.03257328990228013,0.0,15.95114006514658,22.813680781758958,7.937459283387622,0.31921824104234525,4.449511400651466,1.0684039087947883,0.03257328990228013,20.381107491856678,27.93159609120521,0.46579804560260585,7.248208469055374,1.277198697068404,12.919869706840391,0.3485342019543974,0.006514657980456026,19.908794788273617,28.10097719869707,30.381107491856678,0.16612377850162866,0.0,4.221498371335505,8.70228013029316,15.586319218241043,11.599022801302931,5.528990228013029,17.096091205211728
1989,69163694.1672355,45.85339491808874,4.7021638566552895,339.82935153583617,53.406825938566556,21.406143344709896,6.522184300341297,3.098976109215017,1.5085324232081911,0.2935153583617747,0.09897610921501707,0.0,16.692150170648464,24.132764505119454,8.995221843003412,0.8225255972696246,6.054607508532423,1.378839590443686,0.07508532423208192,18.962457337883958,26.501706484641637,0.6040955631399317,6.778156996587031,0.7327645051194539,13.023208191126281,0.9726962457337884,0.010238907849829351,20.2901023890785,26.761092150170647,29.699658703071673,0.28668941979522183,0.0,5.150170648464163,9.88839590443686,16.417747440273036,11.722184300341297,5.80136518771331,17.782252559726963
1990,69164058.20401338,45.85011609364548,4.70093481270903,342.90635451505017,71.72642140468227,24.653511705685617,8.715719063545151,4.357859531772576,2.3444816053511706,0.26755852842809363,0.05351170568561873,0.0,16.77257525083612,23.956187290969897,9.763545150501672,0.4782608695652174,5.525083612040134,1.8193979933110367,0.2040133779264214,18.434782608695652,26.665551839464882,1.040133779264214,7.222742474916387,1.7070234113712375,12.964548494983278,0.7424749163879598,0.030100334448160536,19.60200668896321,26.8561872909699,29.752508361204015,0.3210702341137124,0.0,4.461538461538462,9.549498327759197,16.286287625418062,11.99799331103679,6.926421404682274,17.58628762541806
1991,69162834.1270903,45.836992341137126,4.703241933110368,341.98327759197326,60.955518394648834,21.868227424749165,7.575250836120401,3.3244147157190636,1.725752508361204,0.40468227424749165,0.08361204013377926,0.0,16.19732441471572,23.75083612040134,8.20133779264214,0.9665551839464883,6.896321070234114,2.3578595317725752,0.12040133779264214,19.725752508361204,24.993311036789297,0.8896321070234113,6.896655518394649,0.9779264214046822,13.177591973244146,1.2508361204013378,0.06354515050167224,19.678929765886288,25.80267558528428,29.76923076923077,0.2842809364548495,0.0,5.31438127090301,9.296655518394648,16.326421404682275,11.549832775919732,5.68829431438127,17.638127090301005
1992,69164471.01916933,45.83747460383387,4.703862623003195,341.8466453674121,78.00255591054312,23.25399361022364,9.814696485623003,5.1629392971246,2.571884984025559,0.28753993610223644,0.02875399361022364,0.0,15.970607028753994,23.27667731629393,7.528434504792332,0.7380191693290735,5.645367412140575,1.8690095846645367,0.17252396166134185,20.073482428115017,26.82108626198083,1.1054313099041533,7.261341853035145,1.4527156549520766,13.064536741214058,0.9297124600638977,0.06389776357827476,19.492012779552716,26.996805111821086,30.047923322683705,0.3929712460063898,0.0,4.143769968051118,8.711501597444089,15.87444089456869,11.616932907348243,5.475718849840256,17.324281150159745
1993,69158444.49854228,45.85705067055394,4.690786690962099,346.9795918367347,81.34985422740525,25.620699708454808,9.489795918367347,4.443148688046647,2.507288629737609,0.4139941690962099,0.13702623906705538,0.011661807580174927,15.359475218658893,23.398542274052478,6.8466472303207,0.7696793002915452,4.469387755102041,1.4577259475218658,0.014577259475218658,20.65597667638484,27.35860058309038,0.42857142857142855,6.669679300291545,0.0446064139941691,12.929737609329445,0.9358600583090378,0.14285714285714285,20.26530612244898,27.323615160349853,30.21282798833819,0.12244897959183673,0.0,5.332361516034985,8.690962099125365,15.560058309037903,11.01603498542274,4.426530612244898,17.3466472303207
1994,69159543.7457627,45.85455381355932,4.694697745762712,344.40677966101697,74.9731638418079,22.163559322033898,10.008474576271187,4.528248587570621,2.443502824858757,0.2796610169491525,0.0423728813559322,0.0,16.927118644067797,24.387005649717516,9.610734463276836,0.2033898305084746,5.875706214689266,2.632768361581921,0.2514124293785311,19.471751412429377,26.26553672316384,1.4378531073446328,8.17316384180791,2.294632768361582,14.023728813559321,0.2768361581920904,0.00847457627118644,19.073446327683616,25.771186440677965,29.943502824858758,0.6016949152542372,0.0,2.8757062146892656,8.759887005649718,15.277118644067798,12.55141242937853,6.839830508474577,18.427966101694917
1995,69161291.23768117,45.853291936231884,4.6957700550724635,344.4086956521739,70.78028985507247,20.519710144927537,9.52463768115942,4.72463768115942,2.1043478260869564,0.2144927536231884,0.02608695652173913,0.0,16.360289855072466,24.02260869565217,8.862028985507246,0.5565217391304348,5.431884057971015,1.8434782608695652,0.25507246376811593,20.139130434782608,26.704347826086956,1.0028985507246377,7.346666666666667,0.9739130434782609,13.564927536231883,0.4318840579710145,0.05217391304347826,19.655072463768114,26.504347826086956,30.092753623188404,0.4,0.011594202898550725,4.559420289855073,9.014492753623188,15.749855072463767,11.85304347826087,5.899710144927536,17.817391304347826
1996,69161502.82132564,45.85978015850144,4.688440463976945,349.1066282420749,72.36512968299712,28.370317002881844,8.440922190201729,3.878962536023055,2.2219020172910664,0.3746397694524496,0.138328530259366,0.01729106628242075,15.22536023054755,22.603458213256484,6.708357348703171,1.0259365994236311,4.587896253602305,0.7377521613832853,0.0,21.19020172910663,27.930835734870318,0.1037463976945245,6.482132564841499,0.1025936599423631,12.457348703170029,0.9423631123919308,0.1440922190201729,21.319884726224785,28.077809798270895,30.469740634005763,0.040345821325648415,0.0,4.968299711815562,8.738616714697407,15.714121037463977,10.855043227665705,4.389625360230547,16.580979827089337
1997,69160034.725,45.86168068333333,4.68785975,349.0416666666667,55.96194444444444,18.76888888888889,8.222222222222221,3.5305555555555554,1.675,0.15555555555555556,0.030555555555555555,0.0,17.163888888888888,23.828888888888887,8.751388888888888,0.825,6.686111111111111,1.625,0.03333333333333333,17.916666666666668,26.708333333333332,0.6777777777777778,7.3372222222222225,0.7274999999999999,13.652777777777779,0.8027777777777778,0.075,19.02777777777778,26.425,30.13888888888889,0.28888888888888886,0.0,4.541666666666667,9.826944444444443,16.71888888888889,12.250277777777779,5.701388888888889,18.010277777777777
1998,69160034.73333333,45.861627899999995,4.687783366666666,349.96666666666664,61.48777777777777,18.443333333333335,8.827777777777778,4.086111111111111,1.8666666666666667,0.14444444444444443,0.008333333333333333,0.0,16.255,24.272222222222222,8.0575,0.7138888888888889,5.794444444444444,1.8527777777777779,0.3055555555555556,19.84722222222222,26.54722222222222,0.9888888888888889,6.840277777777778,0.09972222222222221,13.2925,1.0972222222222223,0.044444444444444446,20.205555555555556,26.833333333333332,30.158333333333335,0.3194444444444444,0.008333333333333333,5.433333333333334,9.4125,16.343055555555555,11.55111111111111,5.173055555555555,18.098333333333333
1999,69160034.73333333,45.861627899999995,4.687783366666666,349.96666666666664,79.065,24.16361111111111,10.525,4.883333333333334,2.4694444444444446,0.26944444444444443,0.075,0.0,16.430555555555557,24.375555555555557,8.751388888888888,0.5666666666666667,6.486111111111111,1.6,0.05,18.908333333333335,26.594444444444445,0.6777777777777778,7.538333333333334,1.5997222222222223,13.327777777777778,0.7194444444444444,0.022222222222222223,18.40277777777778,26.244444444444444,30.272222222222222,0.2361111111111111,0.0,4.586111111111111,8.893055555555556,15.870833333333334,11.985277777777778,6.196666666666667,17.900277777777777
2000,69160356.77410468,45.859277898071625,4.686467435261708,356.0,69.0038567493113,25.292837465564737,8.84297520661157,3.9035812672176307,1.8925619834710743,0.30303030303030304,0.09090909090909091,0.011019283746556474,17.045454545454547,23.64022038567493,9.680165289256198,0.18181818181818182,6.03030303030303,1.8209366391184574,0.10743801652892562,19.391184573002754,26.920110192837466,0.7382920110192838,7.756473829201101,2.1115702479338845,13.070247933884298,0.3443526170798898,0.05785123966942149,19.22038567493113,27.25068870523416,30.363636363636363,0.1790633608815427,0.0,3.1432506887052343,9.285674931129476,16.00936639118457,12.401101928374656,7.201101928374656,17.668044077134986
2001,69160678.83870968,45.85417216129032,4.684919387096774,366.4193548387097,73.31935483870967,22.02016129032258,10.21774193548387,4.505376344086022,2.317204301075269,0.28225806451612906,0.043010752688172046,0.0,16.19543010752688,23.63037634408602,8.511559139784946,0.8763440860215054,5.674731182795699,1.913978494623656,0.06182795698924731,19.392473118279568,26.61021505376344,0.8360215053763441,7.409408602150538,1.2776881720430109,13.68978494623656,0.9354838709677419,0.1881720430107527,19.147849462365592,26.612903225806452,30.212365591397848,0.2768817204301075,0.0,4.618279569892473,8.786290322580646,15.429032258064517,11.805376344086023,6.03494623655914,17.898387096774194
2002,69161753.39050132,45.8585309050132,4.68525464116095,362.69920844327174,77.73377308707124,22.304749340369394,10.029023746701847,4.601583113456464,2.5065963060686016,0.35883905013192613,0.0395778364116095,0.0,16.854089709762533,23.92638522427441,9.447493403693931,0.24010554089709762,4.733509234828496,1.5461741424802111,0.09498680738786279,19.839050131926122,27.65963060686016,0.8100263852242744,7.806596306068601,1.9395778364116096,13.689709762532981,0.5197889182058048,0.0158311345646438,19.71240105540897,27.04485488126649,30.15831134564644,0.25065963060686014,0.0,2.5567282321899736,9.04485488126649,16.010290237467018,12.327440633245384,7.114511873350923,18.125593667546177
2003,69163659.42487046,45.86559727202072,4.68413646373057,366.639896373057,58.762953367875646,21.190673575129534,7.974093264248705,3.4922279792746114,1.6373056994818653,0.25129533678756477,0.10103626943005181,0.007772020725388601,17.89818652849741,25.678756476683937,9.937823834196891,0.9637305699481865,8.621761658031089,4.686528497409326,1.567357512953368,17.691709844559586,23.435233160621763,3.106217616580311,7.6349740932642485,0.7769430051813471,14.27383419689119,1.1528497409326426,0.15544041450777202,18.673575129533678,24.09585492227979,28.968911917098445,1.5259067357512954,0.054404145077720206,5.419689119170984,10.25699481865285,17.239378238341967,12.764248704663212,6.430051813471502,19.41658031088083
2004,69165135.749354,45.87335713953489,4.684312250645995,368.0723514211886,74.59379844961241,23.5015503875969,9.330749354005167,4.4186046511627906,2.2583979328165373,0.4160206718346253,0.041343669250646,0.0,15.779328165374677,24.08501291989664,8.251162790697673,0.5012919896640827,5.72609819121447,1.6795865633074936,0.09819121447028424,19.651162790697676,26.878552971576227,0.7390180878552972,6.897674418604652,1.1638242894056847,13.141343669250645,0.6666666666666666,0.015503875968992248,19.674418604651162,26.795865633074936,30.224806201550386,0.25839793281653745,0.0,5.609819121447028,8.883204134366926,15.789922480620154,11.339018087855298,5.719121447028424,17.70801033591731
2005,69160844.65671642,45.86789231343283,4.682099119402984,373.01741293532336,56.06218905472637,20.041044776119403,7.544776119402985,3.171641791044776,1.5970149253731343,0.27114427860696516,0.06716417910447761,0.0,16.186567164179106,25.16840796019901,7.758706467661692,1.3507462686567164,6.256218905472637,2.3134328358208953,0.3656716417910448,18.253731343283583,26.440298507462686,1.3880597014925373,6.835074626865671,-0.30398009950248756,13.580597014925372,1.8582089552238805,0.26865671641791045,18.870646766169155,26.29353233830846,29.925373134328357,0.5572139303482587,0.0024875621890547263,6.7835820895522385,9.352985074626865,16.464427860696517,11.509950248756219,4.485323383084577,18.724378109452736
2006,69161557.17662337,45.871257677922074,4.673048516883117,378.8831168831169,64.12181818181818,23.042337662337662,8.563636363636364,4.14025974025974,2.090909090909091,0.23116883116883116,0.03896103896103896,0.0,16.89090909090909,23.62181818181818,8.465714285714286,1.0571428571428572,6.683116883116883,2.7636363636363637,0.3090909090909091,18.0,25.65974025974026,1.4103896103896103,7.458181818181818,1.144935064935065,13.669870129870128,1.316883116883117,0.01038961038961039,18.12987012987013,25.30909090909091,29.758441558441557,0.7428571428571429,0.02077922077922078,6.088311688311689,9.436883116883116,15.664935064935065,12.177662337662337,5.772467532467533,18.097142857142856
2007,69160684.82978724,45.873787765957445,4.671554122340425,380.0239361702128,76.05159574468085,24.306648936170212,9.933510638297872,4.337765957446808,2.2074468085106385,0.39893617021276595,0.10372340425531915,0.0,16.48191489361702,23.722340425531915,7.54654255319149,0.8377659574468085,5.287234042553192,0.7606382978723404,0.007978723404255319,18.96276595744681,27.59308510638298,0.19946808510638298,7.354255319148936,0.6715425531914894,13.51276595744681,1.0079787234042554,0.061170212765957445,19.034574468085108,27.56648936170213,30.3218085106383,0.08244680851063829,0.0,3.8856382978723403,9.123138297872341,16.02739361702128,11.920478723404257,4.965159574468085,17.829787234042552
2008,69152426.0078534,45.87008691099476,4.672794544502618,380.71465968586386,88.834554973822,27.9151832460733,10.12303664921466,5.337696335078534,2.8350785340314135,0.3743455497382199,0.12827225130890052,0.002617801047120419,16.02984293193717,22.757329842931934,8.705235602094241,0.19633507853403143,4.787958115183246,0.9319371727748691,0.010471204188481676,20.44764397905759,27.68848167539267,0.35340314136125656,6.834031413612565,0.5235602094240838,12.974607329842932,0.5104712041884817,0.005235602094240838,20.00785340314136,27.62565445026178,30.301047120418847,0.1518324607329843,0.0,4.9109947643979055,9.189005235602094,15.120418848167539,11.432198952879583,5.470942408376963,17.10261780104712
2009,69151283.28125,45.870729250000004,4.671052125,382.03125,58.65390625,20.310937499999998,8.153645833333334,3.6588541666666665,1.7473958333333333,0.19010416666666666,0.03125,0.0,16.939322916666665,24.594791666666666,9.377604166666666,1.0260416666666667,6.546875,2.4973958333333335,0.3489583333333333,18.143229166666668,25.9453125,1.4088541666666667,7.15625,0.93984375,13.393749999999999,1.2395833333333333,0.1328125,18.796875,26.197916666666668,30.0703125,0.421875,0.0026041666666666665,5.34375,9.780729166666667,16.795312499999998,12.046875,6.261197916666667,18.120833333333334
2010,69151283.28125,45.870729250000004,4.671052125,382.03125,73.38411458333333,26.003125,9.403645833333334,4.575520833333333,2.2890625,0.20833333333333334,0.09635416666666667,0.03125,15.264843749999999,24.012239583333336,6.4640625,1.953125,5.4765625,1.7604166666666667,0.12239583333333333,19.947916666666668,26.9609375,0.9114583333333334,6.353645833333334,-0.46249999999999997,13.625260416666668,2.0989583333333335,0.1328125,19.981770833333332,26.981770833333332,30.125,0.3515625,0.0,6.7734375,8.914583333333333,16.119791666666668,10.809375000000001,3.8736979166666665,18.204166666666666
2011,69151080.71128608,45.872091073490814,4.670042475065617,382.7821522309711,57.30236220472441,18.756955380577427,8.125984251968504,3.7506561679790025,1.7559055118110236,0.15223097112860892,0.010498687664041995,0.0,17.650918635170605,25.377427821522307,9.190813648293963,0.48556430446194226,6.6272965879265096,1.3543307086614174,0.3648293963254593,17.146981627296586,26.4251968503937,0.7926509186351706,7.642782152230971,1.4548556430446193,13.802887139107611,0.5616797900262467,0.01837270341207349,18.656167979002625,27.251968503937007,30.246719160104988,0.1994750656167979,0.0026246719160104987,3.816272965879265,10.003937007874017,16.857742782152233,12.64724409448819,6.266929133858267,18.754068241469817
2012,69149341.6226415,45.87720135579515,4.667614159029649,385.47169811320754,82.71509433962264,26.967385444743936,10.20754716981132,4.611859838274933,2.4851752021563343,0.40970350404312667,0.12668463611859837,0.0,16.337466307277626,24.541509433962265,7.397843665768193,1.2452830188679245,5.951482479784366,1.4932614555256065,0.23180592991913745,18.83288409703504,26.870619946091644,0.8706199460916442,7.1571428571428575,0.33153638814016173,13.754716981132075,1.509433962264151,0.6199460916442049,18.485175202156334,26.63342318059299,30.237196765498652,0.2587601078167116,0.0,4.363881401617251,9.18301886792453,16.1822102425876,11.748517520215634,4.800539083557951,18.3544474393531
2013,69149582.64516129,45.877306548387104,4.667220483870968,385.48387096774195,78.4002688172043,23.110752688172045,10.279569892473118,4.935483870967742,2.2983870967741935,0.33064516129032256,0.056451612903225805,0.0,15.381720430107526,23.918010752688172,7.621774193548387,0.7553763440860215,5.575268817204301,1.7768817204301075,0.09408602150537634,20.182795698924732,26.774193548387096,0.9247311827956989,6.668548387096774,0.1760752688172043,13.285483870967742,1.2795698924731183,0.01881720430107527,19.502688172043012,26.672043010752688,30.06989247311828,0.33064516129032256,0.005376344086021506,6.196236559139785,8.713709677419354,15.771505376344086,11.024731182795698,4.975537634408602,17.793010752688172
2014,69150357.21487603,45.87899182644628,4.664354041322314,386.44628099173553,78.23884297520661,24.605785123966943,9.90633608815427,4.40771349862259,2.2506887052341598,0.4049586776859504,0.14049586776859505,0.0,17.434986225895315,24.18099173553719,10.823415977961433,0.08264462809917356,5.079889807162535,1.1019283746556474,0.10743801652892562,18.261707988980717,27.56198347107438,0.465564738292011,7.870523415977962,2.056749311294766,13.19862258953168,0.11019283746556474,0.011019283746556474,19.123966942148762,27.31955922865014,30.294765840220386,0.1184573002754821,0.0,2.303030303030303,9.559779614325068,16.12534435261708,12.650413223140497,7.504683195592286,17.95426997245179
2015,69149538.27246377,45.88654550434783,4.6670594637681155,369.67826086956524,54.12695652173913,19.351304347826087,7.089855072463768,3.347826086956522,1.5594202898550724,0.2811594202898551,0.014492753623188406,0.0,17.857681159420288,25.244637681159418,10.16608695652174,0.26956521739130435,6.791304347826087,3.527536231884058,1.098550724637681,18.3768115942029,25.466666666666665,2.3681159420289855,7.706956521739131,1.798840579710145,13.904637681159421,0.28695652173913044,0.002898550724637681,19.315942028985507,25.768115942028984,29.660869565217393,0.8202898550724638,0.0,3.8492753623188407,10.150144927536232,16.93391304347826,12.779420289855072,7.114782608695652,18.635072463768118
2016,69151556.29780564,45.887663103448276,4.658027714733542,379.55799373040753,72.47366771159874,21.8423197492163,9.74294670846395,4.61128526645768,2.269592476489028,0.27899686520376177,0.0438871473354232,0.003134796238244514,16.849529780564264,24.305329153605015,9.039184952978056,0.16614420062695925,6.379310344827586,2.404388714733542,0.12539184952978055,19.642633228840126,25.893416927899686,1.1661442006269593,7.478683385579937,1.9492163009404386,13.677115987460816,0.1724137931034483,0.0,18.927899686520377,26.313479623824453,30.07523510971787,0.22884012539184953,0.0,4.0501567398119125,9.366771159874608,16.016614420062698,12.164576802507836,6.531034482758621,18.26896551724138
2017,69155298.07665505,45.878242829268295,4.642535432055749,398.02090592334497,51.73484320557491,17.082926829268292,8.526132404181185,3.1986062717770034,1.4076655052264808,0.13240418118466898,0.013937282229965157,0.0,17.479442508710804,25.14006968641115,9.217421602787457,0.662020905923345,7.585365853658536,3.1986062717770034,0.49825783972125437,17.975609756097562,24.766550522648085,1.9547038327526132,7.20418118466899,1.1909407665505227,13.486062717770034,0.9512195121951219,0.11846689895470383,19.81533101045296,25.592334494773517,29.588850174216027,0.6898954703832753,0.0,4.536585365853658,10.281533101045296,17.63205574912892,12.33623693379791,6.221951219512195,18.416376306620208
2018,69153071.25328948,45.868323546052636,4.6519742565789475,388.1611842105263,68.97138157894737,20.847368421052632,9.5625,4.328947368421052,2.164473684210526,0.2532894736842105,0.02631578947368421,0.0,18.087828947368422,24.99013157894737,9.692105263157895,0.4342105263157895,8.875,3.3815789473684212,0.4243421052631579,16.05921052631579,23.536184210526315,1.7401315789473684,8.301644736842105,1.694078947368421,14.217105263157896,0.5164473684210527,0.1118421052631579,17.082236842105264,24.401315789473685,29.00657894736842,0.6348684210526315,0.01644736842105263,3.3223684210526314,9.782236842105263,16.138815789473682,13.19013157894737,6.552960526315789,19.064144736842106
2019,69152702.08965518,45.87435063448276,4.650145434482758,399.8689655172414,69.99379310344828,24.604137931034483,8.86551724137931,4.0,1.9275862068965517,0.3793103448275862,0.06896551724137931,0.0,17.887241379310346,25.46206896551724,10.129999999999999,0.1413793103448276,7.196551724137931,3.1758620689655173,0.7482758620689656,18.679310344827588,24.90344827586207,1.813793103448276,7.857586206896551,1.7634482758620689,14.171724137931035,0.2206896551724138,0.0,18.579310344827586,25.582758620689656,29.551724137931036,0.7413793103448276,0.027586206896551724,3.793103448275862,10.022413793103448,16.60379310344828,12.868620689655172,7.226896551724138,19.085862068965515
2020,69151953.01393728,45.875880432055745,4.644263097560976,404.5365853658537,57.12996515679442,19.1801393728223,8.285714285714286,3.4355400696864113,1.5087108013937283,0.23344947735191637,0.08013937282229965,0.0,18.343554006968642,25.74808362369338,9.67142857142857,0.08362369337979095,7.411149825783972,3.3902439024390243,0.7804878048780488,17.662020905923345,24.94773519163763,2.0418118466898956,8.085714285714285,1.8944250871080142,14.504878048780487,0.08013937282229965,0.0,18.721254355400696,25.65505226480836,29.797909407665504,0.6794425087108014,0.0,3.35191637630662,10.258885017421603,17.021951219512196,13.218466898954704,6.606968641114983,19.309756097560975
2021,69155317.10526316,45.88914036842105,4.638236842105263,402.2631578947368,81.16184210526316,27.607456140350877,9.675438596491228,4.701754385964913,2.3771929824561404,0.3684210526315789,0.14035087719298245,0.021929824561403508,16.219298245614034,24.353070175438596,8.532456140350877,0.5833333333333334,5.241228070175438,1.1754385964912282,0.039473684210526314,19.56578947368421,27.37280701754386,0.4605263157894737,6.993421052631579,1.2092105263157895,13.555701754385964,0.3991228070175439,0.021929824561403508,19.850877192982455,26.785087719298247,30.18421052631579,0.24561403508771928,0.0,4.62280701754386,9.221491228070175,16.29078947368421,11.607456140350877,5.927192982456141,18.07763157894737
2022,69162501.33333333,45.88875927777777,4.641305555555555,409.3333333333333,53.542129629629635,15.350925925925926,8.13425925925926,3.5925925925925926,1.5277777777777777,0.10185185185185185,0.018518518518518517,0.0,18.72546296296296,26.52037037037037,10.95185185185185,0.5046296296296297,8.74537037037037,4.064814814814815,0.8518518518518519,16.25925925925926,23.48148148148148,2.4583333333333335,8.442592592592591,2.099074074074074,15.117592592592594,0.5555555555555556,0.004629629629629629,16.88425925925926,24.189814814814813,29.555555555555557,0.7962962962962963,0.023148148148148147,4.087962962962963,10.281481481481482,16.84722222222222,13.579166666666666,7.247685185185185,20.15509259259259
2023,69162501.33333333,45.88875927777777,4.641305555555555,409.3333333333333,63.654629629629625,19.700462962962963,9.472222222222221,3.9537037037037037,1.8148148148148149,0.20833333333333334,0.05555555555555555,0.0,18.421759259259257,26.068055555555556,10.591203703703703,0.3055555555555556,8.875,3.6574074074074074,0.8333333333333334,17.48148148148148,23.75462962962963,2.287037037037037,8.544907407407408,2.096759259259259,15.12824074074074,0.36574074074074076,0.0,17.11574074074074,24.48611111111111,29.537037037037038,0.9212962962962963,0.0,3.685185185185185,9.873148148148148,16.40972222222222,13.482407407407406,7.374537037037038,19.775
2024,69162501.33333333,45.88875927777777,4.641305555555555,409.3333333333333,80.6148148148148,25.09768518518519,9.837962962962964,4.412037037037037,2.5,0.3611111111111111,0.1111111111111111,0.0,17.666666666666668,25.05972222222222,9.973611111111111,0.2962962962962963,6.060185185185185,2.439814814814815,0.4027777777777778,16.74074074074074,23.71759259259259,1.3009259259259258,8.621296296296297,2.45,14.405092592592593,0.2962962962962963,0.004629629629629629,15.694444444444445,23.171296296296298,27.574074074074073,0.6388888888888888,0.0,2.0694444444444446,9.04212962962963,15.54861111111111,13.14074074074074,7.46574074074074,19.0337962962963
