AAAAMM,NUM_POSTE,LAT,LON,ALTI,AAAAMM,RR,RRAB,NBJRR1,NBJRR5,NBJRR10,NBJRR30,NBJRR50,NBJRR100,TX,TXAB,TXMIN,NBJTX0,NBJTX25,NBJTX30,NBJTX35,NBJTXI20,NBJTXI27,NBJTXS32,TN,TNAB,TNMAX,NBJTN5,NBJTN10,NBJTNI10,NBJTNI15,NBJTNI20,NBJTNS20,NBJTNS25,NBJGELEE,TAMPLIM,TAMPLIAB,TM,TMMIN,TMMAX
201001,69138005.6,45.7629,4.8931002,256.4,201001.0,61.720000000000006,10.36,12.4,5.6,0.6,0.0,0.0,0.0,3.1,10.38,-3.62,7.6,0.0,0.0,0.0,31.0,31.0,0.0,-1.3,-6.659999999999999,5.279999999999999,2.8,0.0,31.0,31.0,31.0,0.0,0.0,21.2,4.42,8.559999999999999,0.9,-4.34,7.8
201002,69138005.6,45.7629,4.8931002,256.4,201002.0,68.56,20.16,11.8,3.6,2.0,0.0,0.0,0.0,7.18,16.72,-3.02,4.0,0.0,0.0,0.0,28.0,28.0,0.0,1.24,-6.9799999999999995,9.86,3.6,0.0,27.8,28.0,28.0,0.0,0.0,10.8,5.92,12.4,4.2,-5.04,13.16
201003,69138005.6,45.7629,4.8931002,256.4,201003.0,59.7,19.740000000000002,10.2,3.8,1.4,0.0,0.0,0.0,11.879999999999999,20.22,0.6599999999999999,0.0,0.0,0.0,0.0,30.0,31.0,0.0,3.28,-4.9799999999999995,12.440000000000001,1.0,0.0,27.8,31.0,31.0,0.0,0.0,10.6,8.620000000000001,18.82,7.56,-1.7600000000000002,16.0
201004,69138005.6,45.7629,4.8931002,256.4,201004.0,28.660000000000004,12.22,4.4,2.2,1.0,0.0,0.0,0.0,18.68,26.76,10.879999999999999,0.0,3.2,0.0,0.0,16.8,29.8,0.0,7.88,2.34,14.86,0.0,0.0,23.2,29.2,30.0,0.0,0.0,0.0,10.8,17.86,13.3,7.76,20.22
201005,69138005.6,45.7629,4.8931002,256.4,201005.0,115.12,25.82,12.2,8.8,4.2,0.4,0.0,0.0,18.5,29.439999999999998,7.540000000000001,0.0,4.4,0.4,0.0,19.6,28.6,0.0,10.24,4.3,16.580000000000002,0.0,0.0,15.4,29.2,31.0,0.0,0.0,0.0,8.26,16.0,14.36,6.56,22.6
201006,69138005.6,45.7629,4.8931002,256.4,201006.0,88.97999999999999,24.0,9.0,6.2,3.0,0.2,0.0,0.0,24.380000000000003,31.72,16.2,0.0,13.0,5.4,0.0,5.8,21.0,0.6,14.7,9.24,20.48,0.0,0.0,1.8,16.6,29.0,1.4,0.0,0.0,9.64,14.6,19.52,12.88,25.7
201007,69138005.6,45.7629,4.8931002,256.4,201007.0,27.119999999999997,10.18,5.4,2.4,0.4,0.0,0.0,0.0,29.54,35.64,21.56,0.0,24.2,16.0,2.4,0.0,9.8,12.0,17.96,12.459999999999999,22.36,0.0,0.0,0.0,6.4,22.8,9.0,0.0,0.0,11.6,17.56,23.759999999999998,18.7,28.639999999999997
201008,69138005.6,45.7629,4.8931002,256.4,201008.0,56.86,19.619999999999997,6.6,3.8,2.6,0.0,0.0,0.0,26.26,35.5,19.380000000000003,0.0,18.8,5.8,0.6,1.4,17.8,3.4,15.88,10.42,21.64,0.0,0.0,0.6,13.4,29.4,2.2,0.0,0.0,10.379999999999999,17.759999999999998,21.060000000000002,16.240000000000002,26.98
201009,69138005.6,45.7629,4.8931002,256.4,201009.0,155.04000000000002,117.25999999999999,8.6,3.2,2.0,1.0,0.8,0.8,21.96,29.24,14.02,0.0,11.4,0.2,0.0,11.2,27.4,0.0,11.1,4.88,15.8,0.0,0.0,9.6,29.2,30.0,0.0,0.0,0.0,10.86,17.380000000000003,16.52,9.82,21.580000000000002
201010,69138005.6,45.7629,4.8931002,256.4,201010.0,81.66,27.5,7.0,5.4,3.2,0.0,0.0,0.0,16.3,25.98,8.28,0.0,1.6,0.0,0.0,23.6,30.6,0.0,8.52,0.5,17.86,0.0,0.0,19.2,28.8,31.0,0.0,0.0,0.2,7.8,15.64,12.4,6.16,21.619999999999997
201011,69138005.6,45.7629,4.8931002,256.4,201011.0,88.28,29.78,10.4,4.8,3.4,0.4,0.0,0.0,10.5,19.36,-0.45999999999999996,0.8,0.0,0.0,0.0,30.0,30.0,0.0,5.66,-3.9799999999999995,15.02,0.2,0.0,24.4,29.6,30.0,0.0,0.0,3.6,4.84,9.66,8.1,-2.26,17.2
201012,69138005.6,45.7629,4.8931002,256.4,201012.0,43.019999999999996,11.940000000000001,10.4,2.8,0.6,0.0,0.0,0.0,5.58,18.06,-2.3600000000000003,5.4,0.0,0.0,0.0,31.0,31.0,0.0,-0.3,-7.9,13.440000000000001,7.0,0.0,29.6,30.8,31.0,0.0,0.0,19.2,5.86,15.419999999999998,2.6,-4.2,15.780000000000001
201101,69138005.6,45.7629,4.8931002,256.4,201101.0,32.28,15.5,4.6,2.2,1.4,0.0,0.0,0.0,6.659999999999999,16.619999999999997,-0.9,2.6,0.0,0.0,0.0,31.0,31.0,0.0,1.3,-6.58,12.379999999999999,3.0,0.0,29.0,31.0,31.0,0.0,0.0,14.8,5.359999999999999,14.0,3.96,-2.8,14.48
201102,69138005.6,45.7629,4.8931002,256.4,201102.0,42.260000000000005,12.58,6.8,3.0,1.2,0.0,0.0,0.0,9.22,14.040000000000001,-1.34,1.2,0.0,0.0,0.0,28.0,28.0,0.0,2.5200000000000005,-3.0200000000000005,7.06,0.0,0.0,28.0,28.0,28.0,0.0,0.0,6.2,6.74,15.12,5.9,-1.72,9.7
201103,69138005.6,45.7629,4.8931002,256.4,201103.0,53.720000000000006,16.04,8.8,4.6,0.6,0.0,0.0,0.0,14.080000000000002,22.0,4.86,0.0,0.0,0.0,0.0,28.4,31.0,0.0,4.82,-1.8199999999999998,10.68,0.0,0.0,29.8,31.0,31.0,0.0,0.0,4.4,9.24,17.56,9.440000000000001,3.0,13.919999999999998
201104,69138005.6,45.7629,4.8931002,256.4,201104.0,13.280000000000001,10.9,2.2,1.0,0.6,0.0,0.0,0.0,21.56,27.080000000000002,15.2,0.0,3.0,0.0,0.0,9.2,29.6,0.0,9.5,3.72,13.84,0.0,0.0,15.6,29.8,30.0,0.0,0.0,0.0,12.040000000000001,16.98,15.52,10.08,19.28
201105,69138005.6,45.7629,4.8931002,256.4,201105.0,31.32,15.540000000000001,5.0,2.4,1.2,0.0,0.0,0.0,24.94,29.380000000000003,16.380000000000003,0.0,19.2,0.8,0.0,5.4,18.0,0.0,12.74,6.56,17.48,0.0,0.0,7.0,23.4,31.0,0.0,0.0,0.0,12.18,18.28,18.84,12.540000000000001,23.3
201106,69138005.6,45.7629,4.8931002,256.4,201106.0,77.94,29.76,9.2,5.2,1.8,0.8,0.0,0.0,24.58,35.32,13.440000000000001,0.0,13.0,3.2,1.0,3.2,22.0,2.4,14.48,8.26,20.759999999999998,0.0,0.0,1.8,17.0,29.2,1.0,0.0,0.0,10.1,16.72,19.52,10.879999999999999,27.619999999999997
201107,69138005.6,45.7629,4.8931002,256.4,201107.0,126.1,37.260000000000005,13.2,7.0,4.2,1.0,0.2,0.0,24.259999999999998,33.12,18.84,0.0,11.6,2.8,0.2,4.4,24.6,1.2,14.52,10.86,18.7,0.0,0.0,0.4,20.2,31.0,0.0,0.0,0.0,9.78,16.04,19.380000000000003,15.8,25.580000000000002
201108,69138005.6,45.7629,4.8931002,256.4,201108.0,82.28,36.1,6.6,3.8,2.6,1.0,0.2,0.0,28.419999999999998,37.260000000000005,20.380000000000003,0.0,23.0,10.0,3.6,0.2,11.6,7.0,16.28,10.059999999999999,23.22,0.0,0.0,0.4,11.2,26.2,5.2,0.0,0.0,12.120000000000001,18.419999999999998,22.36,15.580000000000002,29.619999999999997
201109,69141751.25,45.76370825,4.9118335,243.0,201109.0,45.025,21.9,5.0,2.75,1.5,0.25,0.0,0.0,24.875,30.2,16.575,0.0,15.75,1.25,0.0,2.25,21.0,0.0,14.075,8.425,19.925,0.0,0.0,3.25,20.25,29.0,1.25,0.0,0.0,10.8,15.975000000000001,19.475,13.8,24.425
201110,69138005.6,45.7629,4.8931002,256.4,201110.0,67.34,23.52,7.8,3.6,2.6,0.2,0.0,0.0,18.14,27.119999999999997,7.140000000000001,0.0,4.0,0.0,0.0,23.0,30.6,0.0,9.64,2.56,14.62,0.0,0.0,14.8,30.6,31.0,0.0,0.0,0.0,8.5,15.16,13.88,5.14,20.32
201111,69138005.6,45.7629,4.8931002,256.4,201111.0,42.96,20.44,5.0,2.4,1.8,0.0,0.0,0.0,12.88,20.28,4.96,0.0,0.0,0.0,0.0,29.2,30.0,0.0,6.279999999999999,0.4800000000000001,15.84,0.0,0.0,23.4,29.0,30.0,0.0,0.0,0.4,6.6,13.040000000000001,9.559999999999999,3.72,18.080000000000002
201112,69138005.6,45.7629,4.8931002,256.4,201112.0,108.52000000000001,23.380000000000003,18.8,8.2,2.8,0.0,0.0,0.0,8.879999999999999,15.940000000000001,2.7,0.0,0.0,0.0,0.0,31.0,31.0,0.0,3.9799999999999995,-1.42,9.620000000000001,0.0,0.0,31.0,31.0,31.0,0.0,0.0,4.4,4.88,11.58,6.459999999999999,1.34,12.22
201201,69138005.6,45.7629,4.8931002,256.4,201201.0,43.18,11.379999999999999,10.2,2.2,0.6,0.0,0.0,0.0,6.859999999999999,14.64,-1.08,1.8,0.0,0.0,0.0,31.0,31.0,0.0,2.56,-4.96,7.779999999999999,0.6,0.0,31.0,31.0,31.0,0.0,0.0,7.4,4.340000000000001,9.440000000000001,4.720000000000001,-2.92,10.780000000000001
201202,69138005.6,45.7629,4.8931002,256.4,201202.0,6.42,2.0,3.0,0.0,0.0,0.0,0.0,0.0,3.3,14.16,-5.5600000000000005,11.6,0.0,0.0,0.0,29.0,29.0,0.0,-3.44,-12.36,7.08,11.6,5.0,29.0,29.0,29.0,0.0,0.0,19.8,6.7,13.559999999999999,-0.07999999999999999,-8.34,8.540000000000001
201203,69138005.6,45.7629,4.8931002,256.4,201203.0,33.14,13.84,5.6,2.4,1.0,0.0,0.0,0.0,16.68,22.380000000000003,7.359999999999999,0.0,0.0,0.0,0.0,21.2,31.0,0.0,5.54,-0.58,10.24,0.0,0.0,30.2,31.0,31.0,0.0,0.0,1.0,11.120000000000001,17.94,11.08,4.36,15.12
201204,69138005.6,45.7629,4.8931002,256.4,201204.0,119.9,26.639999999999997,17.2,7.4,3.8,0.0,0.0,0.0,15.36,26.78,6.16,0.0,1.0,0.0,0.0,25.6,29.6,0.0,7.38,1.7600000000000002,14.48,0.0,0.0,25.0,29.6,30.0,0.0,0.0,0.0,8.0,17.68,11.4,5.4399999999999995,20.44
201205,69138005.6,45.7629,4.8931002,256.4,201205.0,82.22,21.759999999999998,10.8,5.4,2.6,0.0,0.0,0.0,21.880000000000003,30.0,14.02,0.0,9.0,0.6,0.0,13.8,25.4,0.2,11.82,3.34,17.48,0.0,0.0,9.6,24.4,31.0,0.0,0.0,0.0,10.059999999999999,17.4,16.86,9.76,22.9
201206,69138005.6,45.7629,4.8931002,256.4,201206.0,117.1,31.419999999999998,12.8,6.2,4.0,0.6,0.0,0.0,25.380000000000003,33.32,17.4,0.0,17.2,5.2,0.4,4.8,19.4,2.4,15.680000000000001,10.92,21.119999999999997,0.0,0.0,0.0,13.8,28.4,1.8,0.0,0.0,9.68,15.14,20.54,14.6,27.119999999999997
201207,69138005.6,45.7629,4.8931002,256.4,201207.0,97.34,66.52000000000001,8.0,2.8,1.6,1.0,0.8,0.0,26.22,34.2,17.04,0.0,19.6,5.0,0.6,2.4,18.8,3.2,15.6,11.059999999999999,21.68,0.0,0.0,0.0,14.2,29.4,2.0,0.0,0.0,10.6,17.52,20.9,14.819999999999999,27.52
201208,69138005.6,45.7629,4.8931002,256.4,201208.0,83.38,19.72,9.4,7.0,2.8,0.0,0.0,0.0,28.54,37.68,17.96,0.0,26.0,9.8,3.0,1.0,11.4,6.8,17.02,11.540000000000001,22.740000000000002,0.0,0.0,0.0,7.2,25.8,5.6,0.0,0.0,11.540000000000001,19.36,22.8,15.36,29.24
201209,69138005.6,45.7629,4.8931002,256.4,201209.0,116.66,49.980000000000004,8.6,5.0,2.8,1.4,0.4,0.0,22.18,30.119999999999997,12.959999999999999,0.0,9.0,1.0,0.0,10.0,26.2,0.0,13.1,7.42,18.46,0.0,0.0,5.4,22.8,30.0,0.2,0.0,0.0,9.08,16.72,17.64,12.040000000000001,23.52
201210,69138005.6,45.7629,4.8931002,256.4,201210.0,52.14,22.34,7.8,3.2,1.0,0.0,0.0,0.0,17.919999999999998,24.52,5.5600000000000005,0.0,0.4,0.0,0.0,17.2,31.0,0.0,10.540000000000001,-1.7600000000000002,18.16,0.0,0.0,10.6,24.8,31.0,0.0,0.0,1.8,7.38,14.059999999999999,14.219999999999999,3.3200000000000003,20.36
201211,69138005.6,45.7629,4.8931002,256.4,201211.0,138.3,54.3,7.8,5.2,4.4,1.2,1.0,0.0,11.620000000000001,17.02,4.6,0.0,0.0,0.0,0.0,30.0,30.0,0.0,5.9,0.9199999999999999,13.14,0.0,0.0,26.0,30.0,30.0,0.0,0.0,0.0,5.72,12.379999999999999,8.76,3.04,14.440000000000001
201212,69138005.6,45.7629,4.8931002,256.4,201212.0,55.02,10.559999999999999,12.0,3.6,0.8,0.0,0.0,0.0,8.4,14.86,1.04,0.0,0.0,0.0,0.0,31.0,31.0,0.0,2.84,-4.9799999999999995,12.14,0.6,0.0,30.0,31.0,31.0,0.0,0.0,8.0,5.58,12.42,5.64,-1.7399999999999998,13.24
201301,69138005.6,45.7629,4.8931002,256.4,201301.0,53.82000000000001,18.22,9.2,4.0,1.2,0.0,0.0,0.0,5.6,16.96,-1.7399999999999998,1.8,0.0,0.0,0.0,31.0,31.0,0.0,0.96,-5.7,7.640000000000001,1.4,0.0,31.0,31.0,31.0,0.0,0.0,12.6,4.640000000000001,11.24,3.2600000000000002,-3.12,11.36
201302,69138005.6,45.7629,4.8931002,256.4,201302.0,47.58,7.92,12.2,2.8,0.0,0.0,0.0,0.0,4.3,12.620000000000001,-1.1199999999999999,2.6,0.0,0.0,0.0,28.0,28.0,0.0,-0.9,-5.220000000000001,6.779999999999999,1.8,0.0,28.0,28.0,28.0,0.0,0.0,17.4,5.220000000000001,10.9,1.7,-2.56,9.620000000000001
201303,69138005.6,45.7629,4.8931002,256.4,201303.0,68.66,16.52,12.0,5.2,2.0,0.0,0.0,0.0,10.780000000000001,18.240000000000002,2.96,0.0,0.0,0.0,0.0,31.0,31.0,0.0,3.6399999999999997,-4.220000000000001,10.16,0.6,0.0,30.2,31.0,31.0,0.0,0.0,5.2,7.140000000000001,17.46,7.18,0.48,12.42
201304,69138005.6,45.7629,4.8931002,256.4,201304.0,101.9,23.78,12.6,7.2,3.2,0.2,0.0,0.0,15.680000000000001,26.24,6.6,0.0,2.6,0.0,0.0,22.6,29.8,0.0,7.32,-1.2,14.959999999999999,0.0,0.0,24.4,29.6,30.0,0.0,0.0,1.0,8.34,16.560000000000002,11.52,4.42,18.78
201305,69138005.6,45.7629,4.8931002,256.4,201305.0,182.18,42.1,18.2,9.2,4.4,1.8,0.2,0.0,16.74,24.22,10.6,0.0,0.4,0.0,0.0,24.4,31.0,0.0,9.2,4.7,14.319999999999999,0.0,0.0,20.6,31.0,31.0,0.0,0.0,0.0,7.56,14.64,12.959999999999999,8.379999999999999,17.86
201306,69138005.6,45.7629,4.8931002,256.4,201306.0,34.82,15.8,6.2,1.8,1.0,0.0,0.0,0.0,23.66,33.3,15.88,0.0,12.2,3.8,0.2,7.6,23.0,2.0,13.88,8.14,21.18,0.0,0.0,2.6,20.4,28.0,2.0,0.0,0.0,9.78,15.419999999999998,18.78,13.88,26.78
201307,69138005.6,45.7629,4.8931002,256.4,201307.0,72.02000000000001,37.56,6.4,3.4,2.2,1.0,0.0,0.0,29.18,35.22,22.7,0.0,27.6,12.6,1.2,0.0,8.0,7.0,18.080000000000002,12.22,24.64,0.0,0.0,0.0,2.4,26.4,5.4,0.4,0.0,11.08,16.080000000000002,23.639999999999997,19.240000000000002,29.919999999999998
201308,69138005.6,45.7629,4.8931002,256.4,201308.0,49.4,20.96,5.0,3.4,2.0,0.0,0.0,0.0,26.7,33.86,19.34,0.0,20.4,8.2,0.2,1.4,18.6,3.2,16.119999999999997,11.52,21.86,0.0,0.0,0.2,14.6,27.0,4.6,0.0,0.0,10.56,16.919999999999998,21.44,16.7,27.3
201309,69138005.6,45.7629,4.8931002,256.4,201309.0,76.96000000000001,33.480000000000004,7.0,3.8,2.0,0.6,0.0,0.0,23.0,32.22,16.880000000000003,0.0,8.8,2.8,0.0,8.6,25.2,1.4,13.680000000000001,9.36,19.3,0.0,0.0,1.6,20.8,29.8,0.2,0.0,0.0,9.3,18.759999999999998,18.36,13.719999999999999,25.06
201310,69138005.6,45.7629,4.8931002,256.4,201310.0,78.2,14.059999999999999,11.8,7.6,1.6,0.0,0.0,0.0,18.4,24.78,8.6,0.0,1.0,0.0,0.0,18.8,31.0,0.0,12.34,3.12,18.78,0.0,0.0,7.6,23.2,31.0,0.2,0.0,0.0,6.0600000000000005,11.879999999999999,15.38,6.24,21.52
201311,69138005.6,45.7629,4.8931002,256.4,201311.0,113.55999999999999,26.74,13.8,7.8,4.4,0.2,0.0,0.0,8.940000000000001,19.06,2.16,0.0,0.0,0.0,0.0,30.0,30.0,0.0,4.12,-4.9799999999999995,14.180000000000001,0.6,0.0,26.8,30.0,30.0,0.0,0.0,4.8,4.8,10.26,6.5200000000000005,-1.26,15.98
201312,69138005.6,45.7629,4.8931002,256.4,201312.0,88.94000000000001,41.839999999999996,6.4,3.2,2.6,1.2,0.4,0.0,8.120000000000001,14.86,-0.6,0.8,0.0,0.0,0.0,31.0,31.0,0.0,1.6199999999999999,-4.4799999999999995,9.959999999999999,0.8,0.0,30.6,31.0,31.0,0.0,0.0,13.0,6.5,14.559999999999999,4.9,-2.3,12.120000000000001
201401,69138005.6,45.7629,4.8931002,256.4,201401.0,92.76,19.759999999999998,11.8,6.8,3.0,0.0,0.0,0.0,9.64,15.34,4.32,0.0,0.0,0.0,0.0,31.0,31.0,0.0,4.74,-2.6,11.2,0.0,0.0,28.6,31.0,31.0,0.0,0.0,1.6,4.88,10.68,7.2,1.7600000000000002,13.1
201402,69138005.6,45.7629,4.8931002,256.4,201402.0,106.34,23.72,15.0,5.8,3.4,0.0,0.0,0.0,11.32,15.66,7.279999999999999,0.0,0.0,0.0,0.0,28.0,28.0,0.0,4.54,-0.9400000000000001,8.74,0.0,0.0,28.0,28.0,28.0,0.0,0.0,0.8,6.779999999999999,12.6,7.92,4.76,11.38
201403,69138005.6,45.7629,4.8931002,256.4,201403.0,30.82,14.280000000000001,4.2,2.4,1.2,0.0,0.0,0.0,15.419999999999998,23.22,8.6,0.0,0.0,0.0,0.0,27.6,31.0,0.0,5.0200000000000005,0.82,12.28,0.0,0.0,29.0,31.0,31.0,0.0,0.0,0.4,10.440000000000001,17.46,10.24,5.76,15.48
201404,69138005.6,45.7629,4.8931002,256.4,201404.0,55.1,16.259999999999998,8.2,4.4,1.8,0.0,0.0,0.0,19.06,25.1,13.680000000000001,0.0,0.6,0.0,0.0,18.6,30.0,0.0,8.540000000000001,2.04,14.34,0.0,0.0,21.0,30.0,30.0,0.0,0.0,0.0,10.48,17.880000000000003,13.8,8.260000000000002,17.22
201405,69138005.6,45.7629,4.8931002,256.4,201405.0,64.9,17.7,10.0,4.6,2.6,0.0,0.0,0.0,20.68,27.439999999999998,13.2,0.0,2.4,0.0,0.0,12.2,30.2,0.0,10.36,4.82,16.14,0.0,0.0,15.8,28.6,31.0,0.0,0.0,0.0,10.32,19.14,15.5,11.120000000000001,21.380000000000003
201406,69138005.6,45.7629,4.8931002,256.4,201406.0,32.22,10.76,5.4,3.0,1.0,0.0,0.0,0.0,27.5,35.12,20.759999999999998,0.0,21.6,9.0,0.8,0.2,14.8,4.0,15.76,10.72,21.5,0.0,0.0,0.4,13.2,27.4,2.6,0.0,0.0,11.74,16.86,21.619999999999997,17.06,28.060000000000002
201407,69150334.66666667,45.740221999999996,4.960722333333333,202.33333333333334,201407.0,166.96666666666667,34.63333333333333,16.333333333333332,11.333333333333334,6.333333333333333,1.3333333333333333,0.0,0.0,25.599999999999998,34.4,15.966666666666667,0.0,18.666666666666668,7.0,0.3333333333333333,5.333333333333333,17.333333333333332,2.6666666666666665,16.3,11.700000000000001,21.599999999999998,0.0,0.0,0.0,10.0,29.666666666666668,1.6666666666666667,0.0,0.0,9.333333333333334,16.366666666666667,20.933333333333334,14.0,27.133333333333336
201408,69150334.66666667,45.740221999999996,4.960722333333333,202.33333333333334,201408.0,85.03333333333333,19.7,11.666666666666666,5.0,2.0,0.0,0.0,0.0,24.96666666666667,30.133333333333336,20.7,0.0,16.333333333333332,1.6666666666666667,0.0,0.0,24.0,0.0,15.133333333333333,10.833333333333334,19.5,0.0,0.0,0.0,16.0,30.666666666666668,0.3333333333333333,0.0,0.0,9.833333333333334,15.266666666666666,20.066666666666666,16.7,24.7
201409,69143506.75,45.74508325,4.9250834999999995,229.25,201409.0,22.8,10.85,5.0,1.25,0.5,0.0,0.0,0.0,24.25,30.45,16.4,0.0,13.25,1.25,0.0,4.5,22.5,0.0,13.95,8.15,19.1,0.0,0.0,4.25,18.0,30.0,0.0,0.0,0.0,10.3,16.225,19.075,13.275,24.325
201410,69150334.66666667,45.740221999999996,4.960722333333333,202.33333333333334,201410.0,169.03333333333333,68.10000000000001,9.333333333333334,4.333333333333333,3.3333333333333335,2.3333333333333335,1.3333333333333333,0.0,20.666666666666668,26.066666666666666,12.466666666666667,0.0,4.0,0.0,0.0,12.333333333333334,31.0,0.0,11.633333333333333,4.3,17.7,0.0,0.0,11.666666666666666,23.666666666666668,31.0,0.0,0.0,0.0,9.0,15.633333333333333,16.133333333333333,9.0,21.599999999999998
201411,69143506.75,45.74508325,4.9250834999999995,229.25,201411.0,170.75,74.025,11.25,5.5,4.0,2.0,1.0,0.0,13.525,21.05,6.65,0.0,0.0,0.0,0.0,28.25,30.0,0.0,7.6,1.225,12.775,0.0,0.0,23.25,30.0,30.0,0.0,0.0,0.0,5.925,12.875,10.575,5.6,16.2
201412,69143506.75,45.74508325,4.9250834999999995,229.25,201412.0,47.975,24.275,7.25,1.75,1.0,0.0,0.0,0.0,7.625,14.2,0.9500000000000001,0.25,0.0,0.0,0.0,31.0,31.0,0.0,2.95,-5.15,10.125,0.75,0.0,30.5,31.0,31.0,0.0,0.0,7.0,4.675,11.85,5.275,-2.125,12.0
201501,69143506.75,45.74508325,4.9250834999999995,229.25,201501.0,112.42500000000001,54.575,11.5,5.75,2.75,1.0,0.5,0.0,7.575,18.925,1.7,0.0,0.0,0.0,0.0,30.75,31.0,0.0,1.6,-3.9,9.3,0.25,0.0,30.75,31.0,31.0,0.0,0.0,7.5,5.9,15.125,4.6,-0.2,12.85
201502,69143506.75,45.74508325,4.9250834999999995,229.25,201502.0,52.95,19.175,9.0,3.5,1.75,0.25,0.0,0.0,7.0,14.275,0.275,0.5,0.0,0.0,0.0,28.0,28.0,0.0,1.05,-4.2,7.475,0.25,0.0,28.0,28.0,28.0,0.0,0.0,10.75,5.95,16.125,4.025,-0.75,8.975
201503,69143506.75,45.74508325,4.9250834999999995,229.25,201503.0,46.675,13.925,9.5,3.0,1.0,0.0,0.0,0.0,13.8,19.75,6.375,0.0,0.0,0.0,0.0,30.75,31.0,0.0,4.875,-0.475,11.3,0.0,0.0,28.75,31.0,31.0,0.0,0.0,1.25,8.925,15.25,9.35,4.975,15.125
201504,69143506.75,45.74508325,4.9250834999999995,229.25,201504.0,47.875,14.775,7.25,3.5,1.75,0.0,0.0,0.0,19.075,26.75,10.4,0.0,3.25,0.0,0.0,15.25,29.75,0.0,7.975,1.5250000000000001,14.425,0.0,0.0,21.25,30.0,30.0,0.0,0.0,0.0,11.1,19.2,13.525,7.075,18.3
201505,69143506.75,45.74508325,4.9250834999999995,229.25,201505.0,48.8,13.525,7.0,4.75,1.25,0.0,0.0,0.0,22.175,29.55,13.35,0.0,7.0,0.75,0.0,8.75,27.0,0.0,11.95,7.325,17.375,0.0,0.0,9.0,27.5,31.0,0.0,0.0,0.0,10.225,17.25,17.075,11.6,22.25
201506,69143506.75,45.74508325,4.9250834999999995,229.25,201506.0,81.9,31.025,8.0,4.5,3.0,0.5,0.0,0.0,27.625,34.6,21.975,0.0,22.75,9.0,0.5,0.0,14.5,4.25,16.1,12.025,20.65,0.0,0.0,0.0,10.0,28.75,1.5,0.0,0.0,11.55,16.175,21.875,18.525,27.0
201507,69143506.75,45.74508325,4.9250834999999995,229.25,201507.0,24.900000000000002,13.375,5.0,1.5,0.75,0.0,0.0,0.0,31.5,38.025,22.075,0.0,27.75,21.0,8.25,0.0,7.25,16.25,19.575,12.225,24.525,0.0,0.0,0.0,3.0,16.5,14.5,0.0,0.0,11.9,18.775,25.55,18.025,31.15
201508,69143506.75,45.74508325,4.9250834999999995,229.25,201508.0,37.95,14.05,6.0,2.75,1.25,0.0,0.0,0.0,29.075,38.525,21.175,0.0,22.0,13.75,5.0,0.25,12.5,9.0,17.5,11.5,23.525,0.0,0.0,0.0,8.25,25.25,6.25,0.0,0.0,11.575,19.8,23.3,18.425,30.625
201509,69143506.75,45.74508325,4.9250834999999995,229.25,201509.0,145.475,41.675,6.75,5.0,4.25,2.75,0.0,0.0,21.9,27.95,16.35,0.0,5.0,0.0,0.0,8.5,28.25,0.0,11.825,6.4,19.625,0.0,0.0,10.0,26.0,29.75,0.25,0.0,0.0,10.1,17.0,16.85,12.925,23.225
201510,69143506.75,45.74508325,4.9250834999999995,229.25,201510.0,88.55000000000001,42.725,6.0,3.75,2.75,1.0,0.0,0.0,15.475000000000001,20.7,6.575,0.0,0.0,0.0,0.0,27.5,31.0,0.0,7.95,0.42500000000000004,14.275,0.0,0.0,22.5,30.75,31.0,0.0,0.0,0.25,7.525,14.425,11.7,4.675,17.35
201511,69143506.75,45.74508325,4.9250834999999995,229.25,201511.0,28.975,8.25,5.75,2.5,0.25,0.0,0.0,0.0,13.55,21.225,3.25,0.0,0.0,0.0,0.0,27.75,30.0,0.0,5.7,-2.6,13.7,0.0,0.0,26.0,30.0,30.0,0.0,0.0,2.75,7.85,13.375,9.625,0.375,15.65
201512,69143506.75,45.74508325,4.9250834999999995,229.25,201512.0,18.875,5.175,6.5,0.75,0.0,0.0,0.0,0.0,12.875,16.35,8.1,0.0,0.0,0.0,0.0,31.0,31.0,0.0,4.55,-1.3,10.7,0.0,0.0,30.25,31.0,31.0,0.0,0.0,3.0,8.35,13.35,8.725,3.775,12.975
201601,69143506.75,45.74508325,4.9250834999999995,229.25,201601.0,62.15,12.125,12.75,4.75,0.75,0.0,0.0,0.0,9.7,14.325,3.0,0.0,0.0,0.0,0.0,31.0,31.0,0.0,3.8499999999999996,-2.55,9.275,0.0,0.0,31.0,31.0,31.0,0.0,0.0,5.25,5.825,12.4,6.775,0.4,11.15
201602,69143506.75,45.74508325,4.9250834999999995,229.25,201602.0,52.449999999999996,14.875,12.75,3.0,0.75,0.0,0.0,0.0,10.275,18.45,4.325,0.0,0.0,0.0,0.0,29.0,29.0,0.0,3.9,-1.175,9.675,0.0,0.0,28.75,29.0,29.0,0.0,0.0,2.0,6.4,14.1,7.1,3.275,12.45
201603,69150334.66666667,45.740221999999996,4.960722333333333,202.33333333333334,201603.0,75.06666666666666,23.633333333333336,10.666666666666666,4.0,2.6666666666666665,0.0,0.0,0.0,12.366666666666667,21.266666666666666,5.166666666666667,0.0,0.0,0.0,0.0,29.666666666666668,31.0,0.0,3.4333333333333336,-2.3333333333333335,11.766666666666666,0.0,0.0,29.0,31.0,31.0,0.0,0.0,2.6666666666666665,8.9,15.9,7.866666666666666,2.766666666666667,16.533333333333335
201604,69164001.0,45.7239165,5.0135000000000005,218.5,201604.0,114.55000000000001,23.85,11.5,7.0,5.5,0.0,0.0,0.0,16.1,22.6,8.2,0.0,0.0,0.0,0.0,23.5,30.0,0.0,7.9,2.35,14.05,0.0,0.0,19.5,30.0,30.0,0.0,0.0,0.0,8.25,16.85,11.95,7.2,18.35
201605,69150334.66666667,45.740221999999996,4.960722333333333,202.33333333333334,201605.0,98.8,15.466666666666667,16.0,7.666666666666667,3.3333333333333335,0.0,0.0,0.0,20.366666666666664,30.099999999999998,8.6,0.0,4.333333333333333,0.3333333333333333,0.0,16.666666666666668,28.666666666666668,0.0,10.666666666666666,4.7,16.400000000000002,0.0,0.0,12.333333333333334,29.666666666666668,31.0,0.0,0.0,0.0,9.700000000000001,18.766666666666666,15.5,7.233333333333333,22.433333333333334
201606,69150334.66666667,45.740221999999996,4.960722333333333,202.33333333333334,201606.0,84.83333333333333,19.933333333333334,10.666666666666666,6.0,4.0,0.0,0.0,0.0,24.866666666666664,34.0,17.566666666666666,0.0,14.333333333333334,4.0,0.3333333333333333,3.0,21.666666666666668,2.0,15.433333333333332,11.4,20.866666666666664,0.0,0.0,0.0,15.666666666666666,29.0,1.0,0.0,0.0,9.433333333333334,15.333333333333334,20.133333333333336,15.4,27.46666666666667
201607,69150334.66666667,45.740221999999996,4.960722333333333,202.33333333333334,201607.0,38.699999999999996,12.166666666666666,7.0,3.3333333333333335,1.0,0.0,0.0,0.0,28.333333333333332,35.266666666666666,19.8,0.0,25.666666666666668,12.333333333333334,1.3333333333333333,0.6666666666666666,11.333333333333334,6.333333333333333,17.066666666666666,10.866666666666667,21.233333333333334,0.0,0.0,0.0,8.0,27.333333333333332,4.666666666666667,0.0,0.0,11.266666666666666,17.633333333333333,22.7,15.866666666666667,27.233333333333334
201608,69150334.66666667,45.740221999999996,4.960722333333333,202.33333333333334,201608.0,50.13333333333333,14.933333333333332,6.0,3.6666666666666665,2.0,0.0,0.0,0.0,28.7,35.53333333333333,19.833333333333332,0.0,23.666666666666668,14.0,1.6666666666666667,1.0,12.0,9.333333333333334,16.599999999999998,11.566666666666668,21.433333333333334,0.0,0.0,0.0,9.0,27.666666666666668,4.0,0.0,0.0,12.1,17.5,22.666666666666668,17.266666666666666,27.866666666666664
201609,69150334.66666667,45.740221999999996,4.960722333333333,202.33333333333334,201609.0,24.333333333333332,7.900000000000001,4.333333333333333,2.3333333333333335,0.3333333333333333,0.0,0.0,0.0,25.733333333333334,32.86666666666667,16.0,0.0,17.333333333333332,8.0,0.0,3.6666666666666665,18.0,2.0,15.066666666666668,9.4,20.633333333333336,0.0,0.0,2.3333333333333335,15.0,28.666666666666668,1.3333333333333333,0.0,0.0,10.633333333333333,16.633333333333333,20.400000000000002,14.533333333333333,26.46666666666667
201610,69164001.0,45.7239165,5.0135000000000005,218.5,201610.0,97.45,46.75,8.0,5.0,3.0,1.0,0.0,0.0,15.4,24.15,9.3,0.0,0.0,0.0,0.0,29.0,31.0,0.0,7.9,0.9,15.600000000000001,0.0,0.0,23.5,30.0,31.0,0.0,0.0,0.0,7.45,13.850000000000001,11.65,7.050000000000001,18.4
201611,69164001.0,45.7239165,5.0135000000000005,218.5,201611.0,92.44999999999999,32.7,10.0,5.0,2.5,1.0,0.0,0.0,11.45,19.0,5.7,0.0,0.0,0.0,0.0,30.0,30.0,0.0,5.300000000000001,-1.0,14.8,0.0,0.0,27.0,29.5,30.0,0.0,0.0,3.5,6.15,15.55,8.399999999999999,3.2,16.0
201612,69150334.66666667,45.740221999999996,4.960722333333333,202.33333333333334,201612.0,7.833333333333333,7.033333333333334,1.0,1.0,0.0,0.0,0.0,0.0,5.966666666666666,11.733333333333334,0.7666666666666666,0.6666666666666666,0.0,0.0,0.0,31.0,31.0,0.0,0.26666666666666666,-3.1,6.566666666666666,0.0,0.0,31.0,31.0,31.0,0.0,0.0,16.333333333333332,5.7,11.766666666666666,3.1333333333333333,-0.26666666666666666,7.900000000000001
201701,69164001.0,45.7239165,5.0135000000000005,218.5,201701.0,18.55,7.15,6.0,1.0,0.0,0.0,0.0,0.0,3.2,12.7,-3.1,5.0,0.0,0.0,0.0,31.0,31.0,0.0,-2.15,-8.5,7.35,9.0,0.0,31.0,31.0,31.0,0.0,0.0,22.5,5.35,11.850000000000001,0.5,-5.2,10.05
201702,69150334.66666667,45.740221999999996,4.960722333333333,202.33333333333334,201702.0,22.46666666666667,5.733333333333333,6.333333333333333,1.0,0.0,0.0,0.0,0.0,12.9,18.733333333333334,6.633333333333333,0.0,0.0,0.0,0.0,28.0,28.0,0.0,4.266666666666667,-0.7999999999999999,8.6,0.0,0.0,27.666666666666668,28.0,28.0,0.0,0.0,1.6666666666666667,8.666666666666666,16.166666666666668,8.6,5.666666666666667,12.333333333333334
201703,69164001.0,45.7239165,5.0135000000000005,218.5,201703.0,52.85,21.05,8.0,4.0,1.5,0.0,0.0,0.0,16.2,24.35,9.899999999999999,0.0,0.0,0.0,0.0,25.0,31.0,0.0,6.5,0.3,12.25,0.0,0.0,29.0,31.0,31.0,0.0,0.0,0.5,9.75,17.75,11.350000000000001,5.35,16.55
201704,69150341.66666667,45.73583333333334,4.948389,249.0,201704.0,51.1,30.96666666666667,4.666666666666667,3.0,1.0,0.3333333333333333,0.0,0.0,17.733333333333334,26.2,8.066666666666666,0.0,1.6666666666666667,0.0,0.0,21.0,29.333333333333332,0.0,6.5,0.7333333333333334,11.133333333333333,0.0,0.0,25.666666666666668,30.0,30.0,0.0,0.0,0.6666666666666666,11.233333333333334,19.433333333333334,12.166666666666666,5.966666666666666,18.099999999999998
201705,69150341.66666667,45.73583333333334,4.948389,249.0,201705.0,94.2,22.933333333333334,11.333333333333334,6.666666666666667,4.333333333333333,0.3333333333333333,0.0,0.0,22.233333333333334,30.7,13.466666666666667,0.0,13.0,2.0,0.0,12.666666666666666,22.666666666666668,0.0,11.733333333333334,4.966666666666667,19.3,0.0,0.0,12.0,22.333333333333332,31.0,0.0,0.0,0.0,10.5,16.633333333333333,16.966666666666665,9.966666666666667,24.066666666666666
201706,69150341.66666667,45.73583333333334,4.948389,249.0,201706.0,66.26666666666667,21.366666666666664,10.0,4.333333333333333,2.0,0.0,0.0,0.0,28.433333333333334,36.4,20.166666666666668,0.0,24.0,11.0,2.6666666666666665,0.3333333333333333,9.0,7.0,17.366666666666664,9.733333333333333,23.400000000000002,0.0,0.0,1.0,7.666666666666667,23.333333333333332,6.666666666666667,0.0,0.0,11.033333333333333,18.7,22.900000000000002,15.466666666666667,29.566666666666666
201707,69164001.0,45.7239165,5.0135000000000005,218.5,201707.0,27.5,8.35,7.0,2.0,1.0,0.0,0.0,0.0,29.1,36.599999999999994,19.3,0.0,26.0,12.5,2.0,1.0,8.5,8.5,17.65,13.7,22.6,0.0,0.0,0.0,5.0,25.0,6.0,0.0,0.0,11.45,16.7,23.35,16.700000000000003,28.85
201708,69143506.75,45.74508325,4.9250834999999995,229.25,201708.0,68.275,22.175,9.5,4.0,2.0,0.0,0.0,0.0,29.674999999999997,37.55,17.6,0.0,24.0,18.5,3.5,1.25,9.5,11.75,17.825,11.925,24.125,0.0,0.0,0.0,7.5,21.0,10.5,0.0,0.0,11.825,17.1,23.725,16.45,30.85
201709,69150341.66666667,45.73583333333334,4.948389,249.0,201709.0,32.7,12.200000000000001,6.0,2.6666666666666665,0.6666666666666666,0.0,0.0,0.0,21.833333333333332,28.566666666666663,15.766666666666667,0.0,5.333333333333333,0.0,0.0,10.333333333333334,27.666666666666668,0.0,11.466666666666667,6.5,17.566666666666666,0.0,0.0,7.666666666666667,28.333333333333332,30.0,0.0,0.0,0.0,10.366666666666667,16.46666666666667,16.633333333333336,12.566666666666668,21.8
201710,69150341.66666667,45.73583333333334,4.948389,249.0,201710.0,10.533333333333333,3.466666666666667,4.0,0.3333333333333333,0.0,0.0,0.0,0.0,19.833333333333332,25.733333333333334,11.766666666666666,0.0,3.6666666666666665,0.0,0.0,16.0,31.0,0.0,9.466666666666667,0.7999999999999999,15.766666666666666,0.0,0.0,18.333333333333332,29.666666666666668,31.0,0.0,0.0,0.0,10.4,16.8,14.666666666666666,6.333333333333333,20.2
201711,69150341.66666667,45.73583333333334,4.948389,249.0,201711.0,57.93333333333334,25.399999999999995,8.333333333333334,3.0,0.6666666666666666,0.6666666666666666,0.0,0.0,10.166666666666666,20.5,2.1666666666666665,0.0,0.0,0.0,0.0,29.333333333333332,30.0,0.0,3.733333333333333,-1.7999999999999998,12.200000000000001,0.0,0.0,27.666666666666668,30.0,30.0,0.0,0.0,4.0,6.433333333333334,16.566666666666666,6.966666666666666,0.46666666666666673,14.566666666666668
201712,69150341.66666667,45.73583333333334,4.948389,249.0,201712.0,63.699999999999996,11.5,13.666666666666666,5.333333333333333,0.6666666666666666,0.0,0.0,0.0,7.133333333333333,14.066666666666668,0.43333333333333335,0.3333333333333333,0.0,0.0,0.0,31.0,31.0,0.0,2.1,-2.766666666666667,7.433333333333334,0.0,0.0,31.0,31.0,31.0,0.0,0.0,9.333333333333334,5.033333333333334,14.5,4.6000000000000005,-0.39999999999999997,10.366666666666667
201801,69150341.66666667,45.73583333333334,4.948389,249.0,201801.0,109.60000000000001,29.03333333333333,13.333333333333334,6.333333333333333,3.3333333333333335,0.6666666666666666,0.0,0.0,11.233333333333334,15.166666666666666,7.933333333333333,0.0,0.0,0.0,0.0,21.0,21.0,0.0,5.666666666666667,2.5,9.166666666666666,0.0,0.0,20.666666666666668,21.0,21.0,0.0,0.0,0.3333333333333333,5.566666666666666,8.6,8.433333333333334,6.133333333333333,11.733333333333334
201802,69150341.66666667,45.73583333333334,4.948389,249.0,201802.0,33.833333333333336,6.066666666666666,10.666666666666666,1.6666666666666667,0.0,0.0,0.0,0.0,5.1000000000000005,12.033333333333333,-1.9333333333333333,1.6666666666666667,0.0,0.0,0.0,27.666666666666668,27.666666666666668,0.0,-0.26666666666666666,-10.0,7.533333333333334,3.3333333333333335,0.6666666666666666,28.0,28.0,28.0,0.0,0.0,13.333333333333334,5.333333333333333,10.799999999999999,2.4,-5.2,9.766666666666666
201803,69143506.75,45.74508325,4.9250834999999995,229.25,201803.0,94.825,17.85,14.75,7.25,3.25,0.0,0.0,0.0,13.175,17.5,8.2,0.0,0.0,0.0,0.0,23.5,23.5,0.0,4.4,-0.25000000000000017,10.3,0.0,0.0,22.75,23.5,23.5,0.0,0.0,2.75,8.775,14.8,8.8,4.7749999999999995,13.925
201804,69143506.75,45.74508325,4.9250834999999995,229.25,201804.0,32.375,13.35,6.25,2.25,1.0,0.0,0.0,0.0,20.9,29.125,14.024999999999999,0.0,7.75,0.5,0.0,14.75,25.25,0.0,9.75,3.075,15.2,0.0,0.0,15.0,29.5,30.0,0.0,0.0,0.0,11.15,19.8,15.325,9.175,21.25
201805,69143506.75,45.74508325,4.9250834999999995,229.25,201805.0,104.05,30.425,10.75,6.0,3.75,0.25,0.25,0.0,22.55,29.775,9.175,0.0,11.0,0.75,0.0,8.25,25.75,0.0,13.0,7.075,18.475,0.0,0.0,5.25,22.75,31.0,0.0,0.0,0.0,9.525,14.85,17.8,8.25,23.9
201806,69143506.75,45.74508325,4.9250834999999995,229.25,201806.0,80.94999999999999,34.925,6.25,5.0,2.75,0.75,0.0,0.0,26.75,33.6,20.725,0.0,22.5,4.25,0.25,0.0,17.25,1.5,16.05,12.1,19.3,0.0,0.0,0.0,8.0,30.0,0.25,0.0,0.0,10.700000000000001,15.600000000000001,21.4,17.45,25.825
201807,69143506.75,45.74508325,4.9250834999999995,229.25,201807.0,68.15,26.65,6.75,4.25,2.25,0.25,0.0,0.0,30.775,36.3,24.65,0.0,30.25,19.5,2.25,0.0,3.5,11.5,18.35,14.425,22.2,0.0,0.0,0.0,1.25,25.0,6.25,0.0,0.0,12.4,16.05,24.575,19.775,28.7
201808,69143506.75,45.74508325,4.9250834999999995,229.25,201808.0,50.325,21.925,6.0,3.0,1.75,0.5,0.0,0.0,29.75,36.625,20.775,0.0,26.25,16.0,4.5,0.25,10.0,12.0,18.55,10.25,25.0,0.0,0.0,0.25,5.75,20.75,10.5,1.25,0.0,11.225,18.175,24.125,16.95,30.6
201809,69143506.75,45.74508325,4.9250834999999995,229.25,201809.0,14.600000000000001,7.7749999999999995,4.0,0.75,0.25,0.0,0.0,0.0,27.1,32.7,17.875,0.0,22.0,11.0,0.0,2.5,14.75,2.0,13.925,7.025,18.6,0.0,0.0,3.25,17.5,30.0,0.0,0.0,0.0,13.175,18.35,20.5,13.6,24.9
201810,69143506.75,45.74508325,4.9250834999999995,229.25,201810.0,87.7,40.1,6.5,3.5,3.0,1.0,0.0,0.0,18.5,27.825,5.3,0.0,3.0,0.25,0.0,19.75,30.5,0.0,10.125,1.425,16.475,0.0,0.0,14.25,29.25,31.0,0.0,0.0,0.0,8.35,18.9,14.3,5.0,20.8
201811,69143506.75,45.74508325,4.9250834999999995,229.25,201811.0,73.2,27.125,12.25,3.75,1.5,0.25,0.0,0.0,11.975,20.525,2.575,0.0,0.0,0.0,0.0,29.25,30.0,0.0,6.325,0.5750000000000001,16.175,0.0,0.0,26.75,29.0,30.0,0.0,0.0,0.25,5.675,12.5,9.15,2.1,18.375
201812,69143506.75,45.74508325,4.9250834999999995,229.25,201812.0,53.75,14.625,12.25,3.25,1.25,0.0,0.0,0.0,8.975,16.5,0.6499999999999999,0.5,0.0,0.0,0.0,31.0,31.0,0.0,4.1,-2.225,10.125,0.0,0.0,30.5,31.0,31.0,0.0,0.0,6.0,4.875,11.5,6.525,-0.75,13.0
201901,69143506.75,45.74508325,4.9250834999999995,229.25,201901.0,36.55,10.0,9.5,2.5,0.75,0.0,0.0,0.0,5.9750000000000005,12.15,1.775,0.0,0.0,0.0,0.0,31.0,31.0,0.0,1.1,-4.300000000000001,6.2,0.25,0.0,31.0,31.0,31.0,0.0,0.0,10.25,4.85,13.9,3.5,-0.55,8.025
201902,69143506.75,45.74508325,4.9250834999999995,229.25,201902.0,31.025,13.725,4.5,2.0,1.25,0.0,0.0,0.0,12.675,19.8,3.725,0.0,0.0,0.0,0.0,27.5,28.0,0.0,1.825,-3.05,8.35,0.0,0.0,28.0,28.0,28.0,0.0,0.0,6.0,10.85,18.025,7.275,2.175,11.775
201903,69143506.75,45.74508325,4.9250834999999995,229.25,201903.0,32.45,12.2,5.75,2.25,1.25,0.0,0.0,0.0,15.675,21.425,9.625,0.0,0.0,0.0,0.0,26.5,31.0,0.0,5.3,-0.575,10.65,0.0,0.0,30.0,31.0,31.0,0.0,0.0,0.75,10.4,18.65,10.475,7.075,14.875
201904,69143506.75,45.74508325,4.9250834999999995,229.25,201904.0,81.45,42.3,8.5,2.25,2.0,0.75,0.0,0.0,17.55,25.45,9.975,0.0,1.5,0.0,0.0,21.5,30.0,0.0,7.3,-6.938893903907228e-18,13.7,0.0,0.0,23.5,30.0,30.0,0.0,0.0,0.5,10.3,17.575,12.425,6.35,18.825000000000003
201905,69143506.75,45.74508325,4.9250834999999995,229.25,201905.0,42.55,15.3,8.75,2.25,1.0,0.0,0.0,0.0,19.675,26.65,10.75,0.0,2.75,0.0,0.0,18.5,30.75,0.0,9.775,3.0,15.225000000000001,0.0,0.0,15.75,30.5,31.0,0.0,0.0,0.0,9.925,17.9,14.7,7.2,20.05
201906,69143506.75,45.74508325,4.9250834999999995,229.25,201906.0,99.425,28.424999999999997,8.25,6.0,5.0,0.25,0.0,0.0,27.85,38.25,15.025,0.0,20.0,11.25,5.25,3.0,13.5,7.25,16.15,9.8,25.05,0.0,0.0,0.75,13.25,24.75,5.5,0.75,0.0,11.75,17.475,22.0,13.5,30.975
201907,69143506.75,45.74508325,4.9250834999999995,229.25,201907.0,36.125,21.425,4.25,2.0,1.0,0.0,0.0,0.0,31.125,39.775,24.675,0.0,30.0,18.75,5.25,0.0,4.75,11.25,19.0,14.425,25.175,0.0,0.0,0.0,1.75,20.75,11.25,1.25,0.0,12.100000000000001,17.4,25.05,20.375,32.45
201908,69143506.75,45.74508325,4.9250834999999995,229.25,201908.0,90.5,25.175,8.0,6.25,4.0,0.25,0.0,0.0,28.725,34.825,17.45,0.0,25.75,14.25,1.0,2.0,10.0,8.25,16.775,12.2,21.875,0.0,0.0,0.0,8.75,28.0,3.5,0.0,0.0,11.95,18.025,22.775,16.5,28.175
201909,69143506.75,45.74508325,4.9250834999999995,229.25,201909.0,18.925,13.475,3.25,1.0,0.25,0.0,0.0,0.0,25.05,32.875,18.875,0.0,13.75,2.75,0.0,2.75,20.0,1.5,13.600000000000001,7.775,19.4,0.0,0.0,3.25,19.0,29.75,0.25,0.0,0.0,11.425,18.5,19.3,13.55,24.675
201910,69143506.75,45.74508325,4.9250834999999995,229.25,201910.0,159.925,34.275,13.0,8.75,6.0,1.5,0.0,0.0,19.175,26.35,13.8,0.0,2.25,0.0,0.0,20.5,30.75,0.0,11.775,6.45,18.125,0.0,0.0,9.0,27.75,31.0,0.0,0.0,0.0,7.4,15.5,15.5,11.75,21.6
201911,69150334.66666667,45.740221999999996,4.960722333333333,202.33333333333334,201911.0,115.7,49.36666666666667,13.0,5.666666666666667,3.0,1.0,0.3333333333333333,0.0,11.5,18.8,4.466666666666666,0.0,0.0,0.0,0.0,30.0,30.0,0.0,5.5,-0.6333333333333333,13.066666666666668,0.0,0.0,26.0,30.0,30.0,0.0,0.0,2.0,6.0,9.966666666666667,8.5,2.1666666666666665,15.966666666666669
201912,69150334.66666667,45.740221999999996,4.960722333333333,202.33333333333334,201912.0,69.2,12.633333333333333,13.0,5.666666666666667,1.6666666666666667,0.0,0.0,0.0,10.333333333333334,18.5,2.9333333333333336,0.0,0.0,0.0,0.0,31.0,31.0,0.0,4.466666666666667,-3.1999999999999997,12.533333333333333,0.0,0.0,27.333333333333332,31.0,31.0,0.0,0.0,4.333333333333333,5.833333333333333,11.466666666666667,7.366666666666667,0.1666666666666666,15.466666666666669
202001,69143506.75,45.74508325,4.9250834999999995,229.25,202001.0,20.1,6.65,5.25,1.0,0.0,0.0,0.0,0.0,9.225,15.9,1.025,0.25,0.0,0.0,0.0,31.0,31.0,0.0,2.6,-2.65,10.5,0.0,0.0,30.25,31.0,31.0,0.0,0.0,8.5,6.6,12.075,5.9,-0.475,12.2
202002,69143506.75,45.74508325,4.9250834999999995,229.25,202002.0,26.3,6.875,9.25,1.25,0.0,0.0,0.0,0.0,13.35,20.5,6.9,0.0,0.0,0.0,0.0,27.75,29.0,0.0,4.55,-1.2000000000000002,11.225,0.0,0.0,27.75,29.0,29.0,0.0,0.0,2.75,8.8,18.225,8.95,3.25,14.85
202003,69150334.66666667,45.740221999999996,4.960722333333333,202.33333333333334,202003.0,33.699999999999996,12.466666666666667,7.0,2.0,0.3333333333333333,0.0,0.0,0.0,14.700000000000001,22.633333333333336,8.933333333333334,0.0,0.0,0.0,0.0,27.0,31.0,0.0,5.0,0.0,9.0,0.0,0.0,31.0,31.0,31.0,0.0,0.0,0.6666666666666666,9.733333333333334,15.966666666666667,9.833333333333334,6.099999999999999,15.0
202004,69150334.66666667,45.740221999999996,4.960722333333333,202.33333333333334,202004.0,43.93333333333334,18.533333333333335,5.333333333333333,2.3333333333333335,2.3333333333333335,0.0,0.0,0.0,21.96666666666667,26.3,15.066666666666668,0.0,7.0,0.0,0.0,9.0,29.666666666666668,0.0,9.066666666666668,-0.3,14.4,0.0,0.0,16.0,30.0,30.0,0.0,0.0,0.3333333333333333,12.833333333333334,20.7,15.466666666666669,8.4,19.3
202005,69150334.66666667,45.740221999999996,4.960722333333333,202.33333333333334,202005.0,59.76666666666667,22.833333333333332,6.666666666666667,4.666666666666667,2.3333333333333335,0.0,0.0,0.0,23.066666666666666,31.433333333333337,12.133333333333333,0.0,14.333333333333334,1.3333333333333333,0.0,6.0,26.333333333333332,0.3333333333333333,12.233333333333334,6.566666666666666,17.7,0.0,0.0,5.666666666666667,26.666666666666668,31.0,0.0,0.0,0.0,10.833333333333334,16.7,17.633333333333333,9.366666666666667,23.166666666666668
202006,69150334.66666667,45.740221999999996,4.960722333333333,202.33333333333334,202006.0,94.26666666666667,23.433333333333334,11.333333333333334,7.0,4.333333333333333,0.0,0.0,0.0,25.0,33.233333333333334,14.366666666666667,0.0,13.333333333333334,4.333333333333333,0.0,3.0,19.333333333333332,1.6666666666666667,14.966666666666667,11.0,20.8,0.0,0.0,0.3333333333333333,17.333333333333332,26.333333333333332,2.0,0.0,0.0,10.066666666666668,15.299999999999999,19.96666666666667,13.266666666666666,26.866666666666664
202007,69143506.75,45.74508325,4.9250834999999995,229.25,202007.0,31.725,24.25,3.75,1.0,0.75,0.25,0.25,0.0,30.375,39.55,22.925,0.0,28.0,18.25,4.5,0.0,7.5,10.25,17.875,13.95,23.225,0.0,0.0,0.0,4.75,24.75,6.25,0.0,0.0,12.55,19.075,24.15,19.875,31.1
202008,69143506.75,45.74508325,4.9250834999999995,229.25,202008.0,69.2,31.299999999999997,5.5,2.75,2.0,0.5,0.25,0.0,30.174999999999997,37.425,21.325,0.0,25.5,15.5,7.0,0.25,8.25,12.75,18.2,12.275,24.05,0.0,0.0,0.0,6.25,22.75,9.0,0.0,0.0,12.025,19.025,24.2,17.625,29.975
202009,69143506.75,45.74508325,4.9250834999999995,229.25,202009.0,54.75,19.575,8.5,3.25,1.75,0.0,0.0,0.0,25.625,34.075,10.25,0.0,18.0,10.0,0.0,5.25,15.75,5.0,14.375,5.925,20.275,0.0,0.0,4.5,14.75,29.5,0.75,0.0,0.0,11.275,18.525,20.0,8.1,26.549999999999997
202010,69143506.75,45.74508325,4.9250834999999995,229.25,202010.0,129.475,52.65,9.25,4.0,4.0,2.0,0.5,0.0,16.325,21.625,10.525,0.0,0.0,0.0,0.0,28.75,31.0,0.0,9.525,2.825,16.65,0.0,0.0,17.75,29.25,31.0,0.0,0.0,0.0,6.8,14.725,12.925,8.45,18.875
202011,69150334.66666667,45.740221999999996,4.960722333333333,202.33333333333334,202011.0,18.066666666666666,9.566666666666666,3.0,1.3333333333333333,0.3333333333333333,0.0,0.0,0.0,13.333333333333334,20.466666666666665,3.0,0.0,0.0,0.0,0.0,29.0,30.0,0.0,5.633333333333333,-2.1999999999999997,12.6,0.0,0.0,25.333333333333332,30.0,30.0,0.0,0.0,3.3333333333333335,7.666666666666667,14.700000000000001,9.5,1.0666666666666667,15.9
202012,69150334.66666667,45.740221999999996,4.960722333333333,202.33333333333334,202012.0,109.5,21.0,15.666666666666666,9.0,2.6666666666666665,0.0,0.0,0.0,9.166666666666666,15.266666666666666,4.166666666666667,0.0,0.0,0.0,0.0,31.0,31.0,0.0,3.4666666666666663,-2.3666666666666667,10.1,0.0,0.0,30.333333333333332,31.0,31.0,0.0,0.0,4.333333333333333,5.7,11.466666666666667,6.333333333333333,1.1,11.733333333333334
202101,69150334.66666667,45.740221999999996,4.960722333333333,202.33333333333334,202101.0,72.63333333333333,14.6,10.666666666666666,6.666666666666667,2.3333333333333335,0.0,0.0,0.0,6.066666666666666,15.033333333333333,-0.26666666666666666,0.6666666666666666,0.0,0.0,0.0,31.0,31.0,0.0,1.0999999999999999,-4.766666666666667,9.833333333333334,1.0,0.0,30.666666666666668,31.0,31.0,0.0,0.0,12.333333333333334,4.966666666666667,12.1,3.6,-1.7,11.833333333333334
202102,69150334.66666667,45.740221999999996,4.960722333333333,202.33333333333334,202102.0,33.733333333333334,10.266666666666667,6.666666666666667,2.6666666666666665,0.3333333333333333,0.0,0.0,0.0,12.766666666666666,21.566666666666666,-0.8000000000000002,1.0,0.0,0.0,0.0,25.333333333333332,28.0,0.0,4.766666666666667,-5.133333333333334,10.933333333333332,0.6666666666666666,0.0,26.333333333333332,28.0,28.0,0.0,0.0,4.333333333333333,8.0,15.4,8.766666666666666,-2.466666666666667,14.833333333333334
202103,69150334.66666667,45.740221999999996,4.960722333333333,202.33333333333334,202103.0,34.233333333333334,10.299999999999999,7.0,3.0,0.3333333333333333,0.0,0.0,0.0,14.299999999999999,26.0,8.0,0.0,1.0,0.0,0.0,28.0,30.666666666666668,0.0,3.8000000000000003,0.13333333333333333,9.566666666666666,0.0,0.0,30.666666666666668,31.0,31.0,0.0,0.0,1.3333333333333333,10.466666666666667,19.0,9.033333333333333,4.266666666666667,17.366666666666664
202104,69150334.66666667,45.740221999999996,4.960722333333333,202.33333333333334,202104.0,50.56666666666666,21.733333333333334,5.333333333333333,2.3333333333333335,2.0,0.0,0.0,0.0,16.566666666666666,25.46666666666667,8.0,0.0,1.3333333333333333,0.0,0.0,23.0,30.0,0.0,5.866666666666667,-2.2,13.333333333333334,0.0,0.0,25.333333333333332,30.0,30.0,0.0,0.0,2.0,10.666666666666666,19.0,11.200000000000001,4.166666666666667,17.3
202105,69150334.66666667,45.740221999999996,4.960722333333333,202.33333333333334,202105.0,176.5333333333333,103.60000000000001,13.333333333333334,7.333333333333333,3.0,1.0,1.0,1.0,19.533333333333335,27.96666666666667,10.133333333333333,0.0,4.333333333333333,0.0,0.0,19.0,30.0,0.0,9.733333333333333,3.233333333333333,15.9,0.0,0.0,19.333333333333332,29.666666666666668,31.0,0.0,0.0,0.0,9.766666666666666,18.400000000000002,14.6,9.133333333333333,21.066666666666666
202106,69150334.66666667,45.740221999999996,4.960722333333333,202.33333333333334,202106.0,69.66666666666667,28.8,8.666666666666666,2.6666666666666665,2.0,1.0,0.0,0.0,27.3,34.300000000000004,21.366666666666664,0.0,20.666666666666668,8.666666666666666,0.3333333333333333,0.0,13.0,2.6666666666666665,16.900000000000002,12.466666666666667,23.433333333333334,0.0,0.0,0.0,3.6666666666666665,26.0,4.0,0.0,0.0,10.4,16.400000000000002,22.099999999999998,17.833333333333332,26.900000000000002
202107,69150334.66666667,45.740221999999996,4.960722333333333,202.33333333333334,202107.0,164.73333333333332,48.36666666666667,14.333333333333334,9.333333333333334,3.3333333333333335,2.0,0.3333333333333333,0.0,26.53333333333333,33.6,17.3,0.0,21.666666666666668,3.6666666666666665,0.3333333333333333,2.3333333333333335,15.0,1.0,16.433333333333334,12.833333333333334,20.400000000000002,0.0,0.0,0.0,8.0,30.0,1.0,0.0,0.0,10.133333333333333,16.066666666666666,21.46666666666667,15.233333333333334,25.566666666666666
202108,69150334.66666667,45.740221999999996,4.960722333333333,202.33333333333334,202108.0,48.13333333333333,17.666666666666668,5.0,4.333333333333333,2.0,0.0,0.0,0.0,25.866666666666664,35.0,19.8,0.0,14.666666666666666,6.666666666666667,1.3333333333333333,0.6666666666666666,23.0,4.0,15.799999999999999,12.266666666666666,22.2,0.0,0.0,0.0,15.0,28.333333333333332,3.0,0.0,0.0,10.066666666666666,15.866666666666667,20.866666666666664,17.333333333333332,28.566666666666666
202109,69150334.66666667,45.740221999999996,4.960722333333333,202.33333333333334,202109.0,58.4,16.633333333333333,9.666666666666666,3.6666666666666665,2.0,0.0,0.0,0.0,25.166666666666668,30.766666666666666,16.933333333333334,0.0,17.333333333333332,3.3333333333333335,0.0,4.333333333333333,20.666666666666668,0.0,14.966666666666669,9.4,21.23333333333333,0.0,0.0,0.6666666666666666,16.333333333333332,28.666666666666668,1.3333333333333333,0.0,0.0,10.200000000000001,15.966666666666667,20.066666666666666,14.133333333333333,25.099999999999998
202110,69150334.66666667,45.740221999999996,4.960722333333333,202.33333333333334,202110.0,141.5,77.63333333333334,6.333333333333333,3.0,3.0,2.0,1.0,0.0,17.8,24.566666666666666,12.700000000000001,0.0,0.0,0.0,0.0,23.666666666666668,31.0,0.0,8.200000000000001,2.466666666666667,16.066666666666666,0.0,0.0,23.666666666666668,30.0,31.0,0.0,0.0,0.0,9.6,18.099999999999998,13.033333333333331,8.666666666666666,18.5
202111,69150334.66666667,45.740221999999996,4.960722333333333,202.33333333333334,202111.0,34.93333333333333,12.1,6.666666666666667,2.3333333333333335,2.0,0.0,0.0,0.0,8.866666666666667,14.4,4.0,0.0,0.0,0.0,0.0,30.0,30.0,0.0,4.6000000000000005,-1.8666666666666665,10.0,0.0,0.0,29.333333333333332,30.0,30.0,0.0,0.0,1.0,4.3,8.366666666666667,6.733333333333333,2.2666666666666666,12.133333333333333
202112,69150334.66666667,45.740221999999996,4.960722333333333,202.33333333333334,202112.0,94.66666666666667,19.133333333333336,13.666666666666666,8.0,3.0,0.0,0.0,0.0,7.7,15.5,1.4666666666666668,0.0,0.0,0.0,0.0,31.0,31.0,0.0,2.3666666666666667,-2.966666666666667,10.266666666666667,0.0,0.0,30.333333333333332,31.0,31.0,0.0,0.0,6.333333333333333,5.333333333333333,13.866666666666667,5.0,0.16666666666666666,12.9
202201,69150334.66666667,45.740221999999996,4.960722333333333,202.33333333333334,202201.0,25.599999999999998,10.200000000000001,4.0,2.3333333333333335,0.6666666666666666,0.0,0.0,0.0,5.133333333333334,14.199999999999998,-1.3666666666666665,2.3333333333333335,0.0,0.0,0.0,31.0,31.0,0.0,-0.03333333333333336,-4.933333333333334,9.133333333333335,1.3333333333333333,0.0,30.666666666666668,31.0,31.0,0.0,0.0,14.333333333333334,5.133333333333334,11.666666666666666,2.566666666666667,-2.9,11.433333333333332
202202,69150334.66666667,45.740221999999996,4.960722333333333,202.33333333333334,202202.0,34.43333333333334,12.466666666666669,8.0,2.3333333333333335,1.0,0.0,0.0,0.0,11.833333333333334,19.8,6.366666666666667,0.0,0.0,0.0,0.0,27.666666666666668,28.0,0.0,3.1,-2.8666666666666667,7.8999999999999995,0.0,0.0,28.0,28.0,28.0,0.0,0.0,5.666666666666667,8.733333333333333,16.5,7.466666666666666,3.4,12.866666666666667
202203,69150334.66666667,45.740221999999996,4.960722333333333,202.33333333333334,202203.0,27.099999999999998,11.766666666666666,4.333333333333333,2.3333333333333335,1.0,0.0,0.0,0.0,15.733333333333334,22.366666666666664,9.033333333333333,0.0,0.0,0.0,0.0,26.333333333333332,31.0,0.0,4.7,-2.466666666666667,10.866666666666667,0.0,0.0,29.0,31.0,31.0,0.0,0.0,4.0,11.0,18.766666666666666,10.233333333333333,3.6999999999999997,15.533333333333333
202204,69150334.66666667,45.740221999999996,4.960722333333333,202.33333333333334,202204.0,23.966666666666665,8.1,5.666666666666667,1.6666666666666667,0.3333333333333333,0.0,0.0,0.0,17.633333333333336,23.433333333333334,3.766666666666667,0.0,0.0,0.0,0.0,17.333333333333332,30.0,0.0,7.066666666666666,-0.8666666666666666,12.966666666666667,0.0,0.0,21.0,30.0,30.0,0.0,0.0,2.0,10.566666666666668,16.099999999999998,12.333333333333334,2.033333333333333,17.666666666666668
202205,69150334.66666667,45.740221999999996,4.960722333333333,202.33333333333334,202205.0,14.933333333333332,6.833333333333333,4.333333333333333,0.6666666666666666,0.3333333333333333,0.0,0.0,0.0,25.599999999999998,32.266666666666666,19.433333333333334,0.0,14.333333333333334,6.333333333333333,0.0,2.6666666666666665,19.0,1.6666666666666667,13.533333333333333,7.266666666666667,21.366666666666664,0.0,0.0,4.0,21.0,29.666666666666668,1.3333333333333333,0.0,0.0,12.033333333333333,17.133333333333333,19.566666666666666,14.033333333333333,26.433333333333334
202206,69150334.66666667,45.740221999999996,4.960722333333333,202.33333333333334,202206.0,132.93333333333334,39.53333333333333,10.666666666666666,7.0,4.666666666666667,0.6666666666666666,0.3333333333333333,0.0,29.599999999999998,38.03333333333333,22.166666666666668,0.0,24.0,14.333333333333334,3.3333333333333335,0.0,9.666666666666666,9.666666666666666,17.133333333333333,11.866666666666667,25.03333333333333,0.0,0.0,0.0,7.333333333333333,25.666666666666668,4.333333333333333,0.3333333333333333,0.0,12.466666666666667,18.866666666666667,23.366666666666664,18.166666666666668,30.53333333333333
202207,69150334.66666667,45.740221999999996,4.960722333333333,202.33333333333334,202207.0,1.6666666666666667,1.1333333333333333,0.6666666666666666,0.0,0.0,0.0,0.0,0.0,31.2,38.76666666666667,23.2,0.0,30.0,18.666666666666668,6.333333333333333,0.0,3.0,13.0,18.066666666666666,12.666666666666666,23.3,0.0,0.0,0.0,3.6666666666666665,24.0,7.333333333333333,0.0,0.0,13.133333333333333,19.0,24.633333333333336,18.099999999999998,30.333333333333332
202208,69150334.66666667,45.740221999999996,4.960722333333333,202.33333333333334,202208.0,72.2,33.199999999999996,6.666666666666667,4.666666666666667,2.0,0.6666666666666666,0.0,0.0,31.366666666666664,39.36666666666667,24.2,0.0,29.0,18.333333333333332,5.333333333333333,0.0,4.0,14.666666666666666,18.599999999999998,15.166666666666666,24.766666666666666,0.0,0.0,0.0,0.3333333333333333,24.0,7.333333333333333,0.3333333333333333,0.0,12.799999999999999,18.833333333333332,25.0,20.03333333333333,32.1
202209,69150334.66666667,45.740221999999996,4.960722333333333,202.33333333333334,202209.0,98.46666666666665,23.2,12.0,6.333333333333333,3.6666666666666665,0.0,0.0,0.0,23.833333333333332,31.400000000000002,15.566666666666668,0.0,14.333333333333334,5.0,0.0,9.333333333333334,20.0,0.3333333333333333,13.533333333333333,6.466666666666666,21.633333333333336,0.0,0.0,6.0,18.0,26.666666666666668,3.3333333333333335,0.0,0.0,10.266666666666667,18.099999999999998,18.7,11.766666666666666,26.266666666666666
202210,69150334.66666667,45.740221999999996,4.960722333333333,202.33333333333334,202210.0,44.53333333333333,15.666666666666666,7.0,2.6666666666666665,1.0,0.0,0.0,0.0,22.266666666666666,25.900000000000002,16.266666666666666,0.0,4.333333333333333,0.0,0.0,7.666666666666667,31.0,0.0,13.133333333333333,7.633333333333333,17.933333333333334,0.0,0.0,4.666666666666667,23.666666666666668,31.0,0.0,0.0,0.0,9.1,14.700000000000001,17.733333333333334,12.0,21.566666666666666
202211,69150334.66666667,45.740221999999996,4.960722333333333,202.33333333333334,202211.0,79.60000000000001,18.366666666666664,12.666666666666666,5.0,2.6666666666666665,0.0,0.0,0.0,13.733333333333334,19.5,8.766666666666666,0.0,0.0,0.0,0.0,29.666666666666668,30.0,0.0,7.2,2.1666666666666665,14.066666666666668,0.0,0.0,25.333333333333332,30.0,30.0,0.0,0.0,0.0,6.5,14.533333333333331,10.466666666666667,6.1000000000000005,16.566666666666666
202212,69150334.66666667,45.740221999999996,4.960722333333333,202.33333333333334,202212.0,80.5,20.933333333333334,14.333333333333334,5.333333333333333,2.0,0.0,0.0,0.0,8.766666666666667,17.7,-1.7666666666666666,2.3333333333333335,0.0,0.0,0.0,31.0,31.0,0.0,3.6999999999999997,-3.9333333333333336,13.433333333333332,0.0,0.0,25.666666666666668,31.0,31.0,0.0,0.0,7.666666666666667,5.066666666666666,15.166666666666666,6.233333333333333,-2.6999999999999997,14.433333333333332
202301,69150334.66666667,45.740221999999996,4.960722333333333,202.33333333333334,202301.0,37.36666666666667,11.966666666666667,11.333333333333334,1.6666666666666667,0.6666666666666666,0.0,0.0,0.0,8.0,17.233333333333334,1.4666666666666668,0.0,0.0,0.0,0.0,31.0,31.0,0.0,3.4,-2.8333333333333335,14.233333333333334,0.0,0.0,28.0,31.0,31.0,0.0,0.0,6.666666666666667,4.633333333333334,9.833333333333334,5.666666666666667,-0.033333333333333326,15.766666666666666
202302,69150334.66666667,45.740221999999996,4.960722333333333,202.33333333333334,202302.0,4.066666666666666,1.8,2.3333333333333335,0.0,0.0,0.0,0.0,0.0,11.266666666666666,16.933333333333334,5.133333333333334,0.0,0.0,0.0,0.0,28.0,28.0,0.0,1.3,-4.066666666666666,8.566666666666668,1.3333333333333333,0.0,28.0,28.0,28.0,0.0,0.0,11.333333333333334,9.966666666666667,18.3,6.266666666666667,1.5,12.466666666666667
202303,69150334.66666667,45.740221999999996,4.960722333333333,202.33333333333334,202303.0,72.23333333333333,15.100000000000001,11.666666666666666,5.0,2.3333333333333335,0.0,0.0,0.0,14.833333333333334,22.2,4.866666666666666,0.0,0.0,0.0,0.0,27.333333333333332,31.0,0.0,5.7,-2.733333333333333,13.9,0.0,0.0,24.333333333333332,31.0,31.0,0.0,0.0,6.0,9.133333333333333,17.53333333333333,10.299999999999999,1.3333333333333333,17.133333333333333
202304,69150334.66666667,45.740221999999996,4.960722333333333,202.33333333333334,202304.0,52.63333333333333,14.5,9.333333333333334,2.6666666666666665,1.6666666666666667,0.0,0.0,0.0,16.466666666666665,24.366666666666664,10.666666666666666,0.0,0.3333333333333333,0.0,0.0,25.0,30.0,0.0,7.166666666666667,0.5000000000000001,15.1,0.0,0.0,24.333333333333332,29.0,30.0,0.0,0.0,0.6666666666666666,9.266666666666667,16.0,11.799999999999999,6.5,19.766666666666666
202305,69150334.66666667,45.740221999999996,4.960722333333333,202.33333333333334,202305.0,37.5,10.933333333333332,6.666666666666667,3.6666666666666665,1.0,0.0,0.0,0.0,21.96666666666667,28.833333333333332,13.6,0.0,10.0,0.0,0.0,11.666666666666666,26.333333333333332,0.0,12.133333333333333,7.333333333333333,16.4,0.0,0.0,6.333333333333333,27.666666666666668,31.0,0.0,0.0,0.0,9.799999999999999,16.166666666666668,17.066666666666666,12.4,21.599999999999998
202306,69150334.66666667,45.740221999999996,4.960722333333333,202.33333333333334,202306.0,75.03333333333333,27.23333333333333,8.666666666666666,5.333333333333333,2.6666666666666665,0.3333333333333333,0.0,0.0,28.8,34.300000000000004,23.566666666666666,0.0,27.666666666666668,8.333333333333334,0.3333333333333333,0.0,5.666666666666667,3.0,16.7,12.866666666666667,21.133333333333333,0.0,0.0,0.0,5.0,28.666666666666668,1.6666666666666667,0.0,0.0,12.1,17.599999999999998,22.766666666666666,19.833333333333332,26.53333333333333
202307,69150334.66666667,45.740221999999996,4.960722333333333,202.33333333333334,202307.0,39.199999999999996,16.099999999999998,7.333333333333333,2.3333333333333335,0.6666666666666666,0.0,0.0,0.0,29.96666666666667,37.800000000000004,24.333333333333332,0.0,29.666666666666668,15.0,4.666666666666667,0.0,9.333333333333334,10.333333333333334,18.46666666666667,13.066666666666668,23.733333333333334,0.0,0.0,0.0,4.333333333333333,21.0,10.333333333333334,0.0,0.0,11.466666666666667,18.599999999999998,24.233333333333334,18.900000000000002,30.166666666666668
202308,69150334.66666667,45.740221999999996,4.960722333333333,202.33333333333334,202308.0,44.833333333333336,29.433333333333334,5.333333333333333,1.3333333333333333,1.0,0.3333333333333333,0.0,0.0,30.833333333333332,40.96666666666667,19.099999999999998,0.0,22.666666666666668,18.0,10.333333333333334,1.0,10.0,16.333333333333332,18.266666666666666,11.566666666666668,24.066666666666666,0.0,0.0,0.0,7.333333333333333,19.0,12.0,0.0,0.0,12.533333333333333,18.8,24.53333333333333,16.7,31.733333333333334
202309,69150334.66666667,45.740221999999996,4.960722333333333,202.33333333333334,202309.0,69.10000000000001,31.73333333333333,6.333333333333333,4.0,3.0,0.6666666666666666,0.0,0.0,28.5,34.93333333333334,19.7,0.0,22.333333333333332,12.666666666666666,0.6666666666666666,0.6666666666666666,11.333333333333334,9.0,15.966666666666669,8.6,21.099999999999998,0.0,0.0,3.6666666666666665,9.333333333333334,27.333333333333332,2.6666666666666665,0.0,0.0,12.533333333333333,18.2,22.233333333333334,14.6,27.166666666666668
202310,69150334.66666667,45.740221999999996,4.960722333333333,202.33333333333334,202310.0,153.76666666666665,49.23333333333333,10.333333333333334,7.0,6.0,1.6666666666666667,0.6666666666666666,0.0,22.099999999999998,30.2,14.966666666666667,0.0,9.0,0.6666666666666666,0.0,11.666666666666666,24.666666666666668,0.0,11.766666666666666,5.866666666666667,18.133333333333333,0.0,0.0,9.0,26.0,31.0,0.0,0.0,0.0,10.333333333333334,18.666666666666668,16.933333333333334,10.9,23.066666666666666
202311,69150334.66666667,45.740221999999996,4.960722333333333,202.33333333333334,202311.0,95.26666666666667,18.133333333333333,17.333333333333332,8.0,1.6666666666666667,0.0,0.0,0.0,12.5,17.466666666666665,6.033333333333334,0.0,0.0,0.0,0.0,30.0,30.0,0.0,6.1000000000000005,-1.8666666666666665,13.6,0.0,0.0,26.666666666666668,30.0,30.0,0.0,0.0,1.6666666666666667,6.466666666666666,11.766666666666666,9.299999999999999,2.533333333333333,15.4
202312,69150334.66666667,45.740221999999996,4.960722333333333,202.33333333333334,202312.0,69.93333333333334,22.0,11.333333333333334,4.666666666666667,1.6666666666666667,0.0,0.0,0.0,9.9,15.333333333333334,2.6999999999999997,0.0,0.0,0.0,0.0,31.0,31.0,0.0,3.266666666666667,-3.6,10.333333333333334,0.0,0.0,30.0,31.0,31.0,0.0,0.0,7.666666666666667,6.6000000000000005,15.066666666666668,6.6000000000000005,0.6000000000000001,12.1
202401,69150334.66666667,45.740221999999996,4.960722333333333,202.33333333333334,202401.0,51.866666666666674,17.433333333333334,9.666666666666666,3.6666666666666665,1.3333333333333333,0.0,0.0,0.0,8.766666666666666,17.5,0.3666666666666667,0.0,0.0,0.0,0.0,31.0,31.0,0.0,2.0,-4.166666666666667,8.1,0.3333333333333333,0.0,31.0,31.0,31.0,0.0,0.0,10.333333333333334,6.733333333333333,15.233333333333334,5.3999999999999995,-1.4000000000000001,12.0
202402,69150334.66666667,45.740221999999996,4.960722333333333,202.33333333333334,202402.0,51.13333333333333,17.400000000000002,8.666666666666666,4.333333333333333,1.3333333333333333,0.0,0.0,0.0,12.366666666666667,18.066666666666666,6.366666666666667,0.0,0.0,0.0,0.0,29.0,29.0,0.0,5.8,0.9333333333333335,11.033333333333333,0.0,0.0,27.333333333333332,29.0,29.0,0.0,0.0,0.0,6.566666666666666,13.233333333333334,9.066666666666668,5.1000000000000005,14.233333333333334
202403,69150334.66666667,45.740221999999996,4.960722333333333,202.33333333333334,202403.0,140.79999999999998,35.36666666666667,12.0,5.0,4.666666666666667,1.3333333333333333,0.0,0.0,15.666666666666666,23.96666666666667,8.866666666666667,0.0,0.3333333333333333,0.0,0.0,26.333333333333332,31.0,0.0,6.666666666666667,-0.03333333333333335,13.066666666666668,0.0,0.0,27.0,31.0,31.0,0.0,0.0,0.6666666666666666,9.0,16.03333333333333,11.166666666666666,6.166666666666667,17.266666666666666
202404,69150334.66666667,45.740221999999996,4.960722333333333,202.33333333333334,202404.0,135.63333333333333,69.46666666666665,10.333333333333334,4.666666666666667,3.0,1.3333333333333333,1.0,0.0,17.333333333333332,29.5,9.766666666666666,0.0,3.0,0.0,0.0,20.0,28.333333333333332,0.0,8.4,1.9666666666666668,17.5,0.0,0.0,20.666666666666668,26.666666666666668,30.0,0.0,0.0,0.0,8.9,18.766666666666666,12.866666666666667,6.466666666666666,20.866666666666667
202405,69150334.66666667,45.740221999999996,4.960722333333333,202.33333333333334,202405.0,127.73333333333333,31.366666666666664,16.666666666666668,8.333333333333334,3.3333333333333335,0.6666666666666666,0.0,0.0,21.166666666666668,28.099999999999998,11.533333333333333,0.0,4.333333333333333,0.3333333333333333,0.0,10.666666666666666,29.333333333333332,0.0,11.700000000000001,7.233333333333333,15.533333333333333,0.0,0.0,6.666666666666667,28.666666666666668,31.0,0.0,0.0,0.0,9.433333333333334,15.9,16.400000000000002,10.666666666666666,20.53333333333333
202406,69150334.66666667,45.740221999999996,4.960722333333333,202.33333333333334,202406.0,68.73333333333333,25.866666666666664,9.0,3.3333333333333335,2.6666666666666665,0.0,0.0,0.0,25.7,32.833333333333336,16.733333333333334,0.0,16.666666666666668,6.0,0.0,3.3333333333333335,19.0,2.0,15.9,10.1,20.866666666666667,0.0,0.0,1.3333333333333333,13.0,27.666666666666668,2.3333333333333335,0.0,0.0,9.833333333333334,14.4,20.8,15.033333333333333,26.5
202407,69150334.66666667,45.740221999999996,4.960722333333333,202.33333333333334,202407.0,44.96666666666667,15.799999999999999,7.333333333333333,3.0,2.0,0.0,0.0,0.0,29.5,38.03333333333333,21.7,0.0,27.333333333333332,13.666666666666666,3.3333333333333335,0.0,7.666666666666667,7.333333333333333,17.5,12.700000000000001,23.066666666666666,0.0,0.0,0.0,5.666666666666667,25.333333333333332,6.0,0.0,0.0,12.0,18.46666666666667,23.5,17.833333333333332,30.266666666666666
202408,69150334.66666667,45.740221999999996,4.960722333333333,202.33333333333334,202408.0,47.833333333333336,21.3,5.0,3.3333333333333335,1.6666666666666667,0.0,0.0,0.0,30.766666666666666,37.766666666666666,21.133333333333333,0.0,28.0,18.666666666666668,4.666666666666667,0.0,6.0,12.666666666666666,18.433333333333334,11.799999999999999,23.5,0.0,0.0,0.0,4.0,20.333333333333332,11.0,0.0,0.0,12.266666666666666,18.966666666666665,24.566666666666666,18.733333333333334,30.266666666666666
202409,69150334.66666667,45.740221999999996,4.960722333333333,202.33333333333334,202409.0,114.0,32.0,9.666666666666666,6.666666666666667,4.666666666666667,0.3333333333333333,0.0,0.0,21.866666666666664,32.199999999999996,15.6,0.0,6.666666666666667,3.3333333333333335,0.0,13.333333333333334,26.0,1.0,13.300000000000002,5.6000000000000005,19.966666666666665,0.0,0.0,6.0,21.0,29.666666666666668,0.3333333333333333,0.0,0.0,8.566666666666668,15.733333333333334,17.566666666666666,11.799999999999999,25.433333333333334
202410,69150334.66666667,45.740221999999996,4.960722333333333,202.33333333333334,202410.0,191.96666666666667,61.73333333333333,10.333333333333334,5.0,5.0,2.3333333333333335,1.6666666666666667,0.0,19.833333333333332,25.633333333333336,14.200000000000001,0.0,1.3333333333333333,0.0,0.0,17.0,31.0,0.0,12.033333333333333,7.0,17.433333333333334,0.0,0.0,8.666666666666666,26.333333333333332,31.0,0.0,0.0,0.0,7.833333333333333,14.033333333333333,15.9,11.9,20.733333333333334
202411,69150334.66666667,45.740221999999996,4.960722333333333,202.33333333333334,202411.0,26.633333333333336,13.700000000000001,3.6666666666666665,2.0,1.0,0.0,0.0,0.0,12.033333333333333,19.400000000000002,4.566666666666666,0.0,0.0,0.0,0.0,29.666666666666668,30.0,0.0,5.733333333333333,-2.4333333333333336,14.333333333333334,0.0,0.0,26.666666666666668,30.0,30.0,0.0,0.0,2.6666666666666665,6.3,15.866666666666667,8.866666666666665,2.466666666666667,16.46666666666667
202412,69150334.66666667,45.740221999999996,4.960722333333333,202.33333333333334,202412.0,4.266666666666667,4.266666666666667,1.0,0.0,0.0,0.0,0.0,0.0,10.9,12.666666666666666,8.9,0.0,0.0,0.0,0.0,3.0,3.0,0.0,4.866666666666666,1.866666666666667,6.566666666666666,0.0,0.0,3.0,3.0,3.0,0.0,0.0,0.0,6.033333333333334,9.299999999999999,7.8999999999999995,6.566666666666666,9.6
