Mois	Code INSEE région	Région	Production nucléaire (GWh)	Production thermique (GWh)	Production hydraulique (GWh)	Production éolienne (GWh)	Production solaire (GWh)	Production bioénergies (GWh)
2014-01	84	Auvergne-Rhône-Alpes	9578.044	140.135	3040.221	75.012	18.382	74.183
2014-02	84	Auvergne-Rhône-Alpes	8105.587	125.878	2817.776	80.168	26.505	69.172
2014-03	84	Auvergne-Rhône-Alpes	7700.958	138.956	2706.838	70.371	59.123	75.7
2014-04	84	Auvergne-Rhône-Alpes	6649.728	25.656	2249.051	57.75	64.638	57.832
2014-05	84	Auvergne-Rhône-Alpes	6670.371	21.83	2484.973	89.805	72.585	66.961
2014-06	84	Auvergne-Rhône-Alpes	6302.014	15.521	2136.25	55.14	85.587	55.437
2014-07	84	Auvergne-Rhône-Alpes	6377.779	25.278	2839.639	53.814	67.935	64.496
2014-08	84	Auvergne-Rhône-Alpes	6349.763	24.25	2437.096	38.553	75.833	68.275
2014-09	84	Auvergne-Rhône-Alpes	7441.899	37.305	1531.583	48.57	67.984	66.898
2014-10	84	Auvergne-Rhône-Alpes	7349.015	71.716	1591.591	52.68	50.814	60.36
2014-11	84	Auvergne-Rhône-Alpes	7339.915	205.372	2173.424	67.669	25.124	79.688
2014-12	84	Auvergne-Rhône-Alpes	8000.74	240.804	2197.073	74.906	17.777	79.614
2015-01	84	Auvergne-Rhône-Alpes	9616.968	239.695	2598.047	70.684	24.742	73.466
2015-02	84	Auvergne-Rhône-Alpes	8451.816	317.885	2726.703	66.137	32.883	65.006
2015-03	84	Auvergne-Rhône-Alpes	8230.613	249.926	2651.633	74.826	57.232	73.965
2015-04	84	Auvergne-Rhône-Alpes	7275.996	126.247	2446.133	66.232	81.303	61.79
2015-05	84	Auvergne-Rhône-Alpes	6960.68	28.975	2854.74	86.264	91.172	65.137
2015-06	84	Auvergne-Rhône-Alpes	7200.137	41.28	2567.521	44.316	100.633	58.799
2015-07	84	Auvergne-Rhône-Alpes	7398.047	114.077	1922.345	57.055	105.849	70.101
2015-08	84	Auvergne-Rhône-Alpes	7848.772	41.376	1589.367	55.399	91.235	68.534
2015-09	84	Auvergne-Rhône-Alpes	6158.359	115.187	1486.566	70.878	73.074	70.536
2015-10	84	Auvergne-Rhône-Alpes	6643.986	181.38	1761.818	62.481	48.706	61.996
2015-11	84	Auvergne-Rhône-Alpes	7191.908	303.538	1546.912	75.14	39.908	78.547
2015-12	84	Auvergne-Rhône-Alpes	7876.012	259.499	1669.884	69.614	33.568	80.698
2016-01	84	Auvergne-Rhône-Alpes	8770.272	325.32	2529.842	85.11	26.302	82.551
2016-02	84	Auvergne-Rhône-Alpes	8217.26	217.41	2940.1	90.33	33.114	77.465
2016-03	84	Auvergne-Rhône-Alpes	7630.304	269.821	2588.268	90.098	63.162	82.906
2016-04	84	Auvergne-Rhône-Alpes	6610.487	70.241	2637.008	84.429	75.104	78.041
2016-05	84	Auvergne-Rhône-Alpes	6656.286	55.491	2751.849	96.812	90.393	70.971
2016-06	84	Auvergne-Rhône-Alpes	5052.742	84.939	3149.945	45.711	94.051	71.382
2016-07	84	Auvergne-Rhône-Alpes	5216.54	103.387	2565.616	53.825	106.914	75.625
2016-08	84	Auvergne-Rhône-Alpes	4660.456	80.574	1773.39	50.812	107.219	79.643
2016-09	84	Auvergne-Rhône-Alpes	4860.385	157.765	1502.232	50.551	81.051	70.202
2016-10	84	Auvergne-Rhône-Alpes	5771.019	300.396	1413.253	64.497	71.932	63.157
2016-11	84	Auvergne-Rhône-Alpes	5068.408	414.425	1943.198	84.48	32.988	84.472
2016-12	84	Auvergne-Rhône-Alpes	6467.661	460.69	1862.021	60.8	37.167	86.497
2017-01	84	Auvergne-Rhône-Alpes	8191.298	413.305	2150.74	88.241	30.965	77.768
2017-02	84	Auvergne-Rhône-Alpes	7266.1	346.363	1857.704	101.15	44.213	70.661
2017-03	84	Auvergne-Rhône-Alpes	7941.612	294.962	2602.347	89.614	70.424	76.57
2017-04	84	Auvergne-Rhône-Alpes	7120.95	148.822	1659.646	91.423	100.661	63.323
2017-05	84	Auvergne-Rhône-Alpes	5776.731	118.44	2404.132	74.623	105.716	60.253
2017-06	84	Auvergne-Rhône-Alpes	5376.831	18.76	2398.466	56.896	112.368	63.36
2017-07	84	Auvergne-Rhône-Alpes	6592.137	14.588	1811.667	69.372	108.221	80.435
2017-08	84	Auvergne-Rhône-Alpes	7176.972	43.928	1608.834	55.204	105.025	69.664
2017-09	84	Auvergne-Rhône-Alpes	8249.836	84.87	1261.553	54.958	78.544	64.779
2017-10	84	Auvergne-Rhône-Alpes	5582.929	251.521	1116.44	86.42	71.775	76.365
2017-11	84	Auvergne-Rhône-Alpes	4277.629	343.209	1721.728	111.264	37.907	84.379
2017-12	84	Auvergne-Rhône-Alpes	6437.612	304.945	2285.294	128.952	21.082	88.76
2018-01	84	Auvergne-Rhône-Alpes	8512.849	173.667	2816.721	139.778	21.911	88.287
2018-02	84	Auvergne-Rhône-Alpes	7115.833	284.87	2797.803	87.326	40.638	80.236
2018-03	84	Auvergne-Rhône-Alpes	7256.741	194.756	2726.451	122.128	71.799	83.395
2018-04	84	Auvergne-Rhône-Alpes	6338.629	8.233	2734.173	102.613	101.352	76.211
2018-05	84	Auvergne-Rhône-Alpes	6387.591	7.178	3401.407	66.984	105.504	87.852
2018-06	84	Auvergne-Rhône-Alpes	6146.536	7.75	3372.306	61.65	133.888	80.902
2018-07	84	Auvergne-Rhône-Alpes	5946.086	16.705	2598.59	48.67	146.477	81.253
2018-08	84	Auvergne-Rhône-Alpes	5791.229	54.199	2080.765	64.459	132.654	78.431
2018-09	84	Auvergne-Rhône-Alpes	6285.088	48.521	1369.936	57.275	120.265	77.506
2018-10	84	Auvergne-Rhône-Alpes	6149.566	159.57	1253.002	112.488	84.781	86.054
2018-11	84	Auvergne-Rhône-Alpes	5924.066	310.363	1635.874	98.077	46.77	85.239
2018-12	84	Auvergne-Rhône-Alpes	8345.204	233.336	2425.505	120.16	25.58	95.117
2019-01	84	Auvergne-Rhône-Alpes	9036.324	396.994	2234.832	114.415	38.626	91.568
2019-02	84	Auvergne-Rhône-Alpes	8160.05	249.48	2180.98	89.561	78.253	81.005
2019-03	84	Auvergne-Rhône-Alpes	7488.896	156.146	2350.446	140.561	111.409	88.085
2019-04	84	Auvergne-Rhône-Alpes	5920.413	49.19	1941.049	103.56	113.856	77.479
2019-05	84	Auvergne-Rhône-Alpes	6544.07	38.324	2462.83	119.906	138.795	91.615
2019-06	84	Auvergne-Rhône-Alpes	6593.557	77.611	2839.584	70.399	149.342	71.808
2019-07	84	Auvergne-Rhône-Alpes	7556.704	110.656	2272.439	58.769	164.796	81.674
2019-08	84	Auvergne-Rhône-Alpes	6944.553	68.633	1740.301	58.278	151.176	86.061
2019-09	84	Auvergne-Rhône-Alpes	6886.696	157.858	1097.506	75.653	128.228	79.411
2019-10	84	Auvergne-Rhône-Alpes	7262.112	222.017	1808.627	117.304	80.017	74.708
2019-11	84	Auvergne-Rhône-Alpes	5971.597	332.591	2738.075	106.842	46.276	82.844
2019-12	84	Auvergne-Rhône-Alpes	7464.767	269.372	3084.297	137.441	46.699	92.616
2020-01	84	Auvergne-Rhône-Alpes	8382.942	336.513	2548.497	121.308	50.745	92.529
2020-02	84	Auvergne-Rhône-Alpes	7646.852	229.481	2597.002	145.619	75.126	81.95
2020-03	84	Auvergne-Rhône-Alpes	6369.253	218.34	2913.977	95.503	112.563	83.796
2020-04	84	Auvergne-Rhône-Alpes	5387.432	13.909	2279.971	67.142	141.814	76.174
2020-05	84	Auvergne-Rhône-Alpes	5388.745	28.763	2915.612	96.316	165.428	85.58
2020-06	84	Auvergne-Rhône-Alpes	4978.229	197.628	2872.223	65.069	154.947	81.727
2020-07	84	Auvergne-Rhône-Alpes	5463.416	237.683	2367.42	61.334	184.689	78.391
2020-08	84	Auvergne-Rhône-Alpes	5669.207	209.707	1912.359	64.822	161.958	71.774
2020-09	84	Auvergne-Rhône-Alpes	6436.457	242.967	1627.733	66.905	133.676	77.236
2020-10	84	Auvergne-Rhône-Alpes	7053.95	157.918	2225.918	123.532	76.364	74.934
2020-11	84	Auvergne-Rhône-Alpes	6756.107	321.795	1921.199	95.617	69.895	87.614
2020-12	84	Auvergne-Rhône-Alpes	7666.658	299.446	2424.557	140.809	34.572	85.197
2021-01	84	Auvergne-Rhône-Alpes	7838.721	358.419	3023.063	129.269	37.037	83.549
2021-02	84	Auvergne-Rhône-Alpes	6338.572	279.114	2754.821	144.73	68.3	78.761
2021-03	84	Auvergne-Rhône-Alpes	7166.377	306.348	2510.708	128.169	126.148	88.823
2021-04	84	Auvergne-Rhône-Alpes	5635.359	205.094	1701.388	113.133	162.713	73.592
2021-05	84	Auvergne-Rhône-Alpes	6556.92	33.688	2795.597	107.41	161.271	82.003
2021-06	84	Auvergne-Rhône-Alpes	6448.886	121.98	2972.656	91.881	173.32	75.638
2021-07	84	Auvergne-Rhône-Alpes	6483.959	65.479	2843.659	81.958	171.524	89.305
2021-08	84	Auvergne-Rhône-Alpes	6616.768	11.352	2180.189	82.87	179.089	85.996
2021-09	84	Auvergne-Rhône-Alpes	6452.995	98.507	1488.866	63.996	151.002	77.122
2021-10	84	Auvergne-Rhône-Alpes	8070.514	112.925	1365.212	155.132	126.182	75.807
2021-11	84	Auvergne-Rhône-Alpes	7873.126	299.542	1747.64	110.211	66.479	83.501
2021-12	84	Auvergne-Rhône-Alpes	8838.067	346.89	2149.904	141.367	50.144	85.457
2022-01	84	Auvergne-Rhône-Alpes	9021.074	389.346	2455.669	144.035	78.013	85.612
2022-02	84	Auvergne-Rhône-Alpes	7282.008	247.485	1971.777	160.34	113.64	84.854
2022-03	84	Auvergne-Rhône-Alpes	7403.905	264.03	1912.587	131.83	155.326	95.267
2022-04	84	Auvergne-Rhône-Alpes	5990.624	176.069	2082.594	129.546	186.588	79.271
2022-05	84	Auvergne-Rhône-Alpes	5139.355	95.378	2241.458	108.496	250.364	88.58
2022-06	84	Auvergne-Rhône-Alpes	5776.337	182.664	2020.013	92.063	245.284	84.56
2022-07	84	Auvergne-Rhône-Alpes	5535.49	236.69	1699.911	95.01	288.298	85.397
2022-08	84	Auvergne-Rhône-Alpes	5035.187	247.02	1268.794	78.029	253.474	84.543
2022-09	84	Auvergne-Rhône-Alpes	4504.051	227.62	1107.076	96.743	199.935	83.636
2022-10	84	Auvergne-Rhône-Alpes	4551.846	153.695	1406.923	133.034	144.902	74.99
2022-11	84	Auvergne-Rhône-Alpes	5261.011	290.783	1949.073	137.221	85.894	82.26
2022-12	84	Auvergne-Rhône-Alpes	7621.233	333.942	2448.986	130.471	41.69	83.734
2023-01	84	Auvergne-Rhône-Alpes	9197.037	257.316	2787.302	154.252	55.063	80.424
2023-02	84	Auvergne-Rhône-Alpes	8698.068	309.698	1694.798	101.385	133.493	76.697
2023-03	84	Auvergne-Rhône-Alpes	8286.273	236.799	1844.101	155.688	182.536	79.783
2023-04	84	Auvergne-Rhône-Alpes	7971.684	100.169	1944.045	125.122	225.721	77.788
2023-05	84	Auvergne-Rhône-Alpes	6732.218	85.753	2547.997	108.935	256.648	88.885
2023-06	84	Auvergne-Rhône-Alpes	5550.482	8.921	2896.488	71.284	293.576	86.205
2023-07	84	Auvergne-Rhône-Alpes	5938.008	8.598	2193.141	84.1	307.701	92.551
2023-08	84	Auvergne-Rhône-Alpes	5138.006	6.277	1858.074	105.132	292.646	84.18
2023-09	84	Auvergne-Rhône-Alpes	6115.443	8.287	1538.804	76.013	262.113	81.518
2023-10	84	Auvergne-Rhône-Alpes	6224.893	40.757	1623.767	146.691	186.033	73.575
2023-11	84	Auvergne-Rhône-Alpes	6241.468	131.367	2771.89	175.652	94.995	84.955
2023-12	84	Auvergne-Rhône-Alpes	7513.789	212.878	2989.153	174.656	75.882	85.201
