annee	energie_produite_annuelle_photovoltaique_enedis_mwh	energie_produite_annuelle_hydraulique_enedis_mwh	energie_produite_annuelle_bio_energie_enedis_mwh	energie_produite_annuelle_cogeneration_enedis_mwh	energie_produite_annuelle_autres_filieres_enedis_mwh
2015		0	0	0	0
2016		0	0	0	0
2017		0	0	0	0
2018		0	0	0	0
2019		0	0	0	0
2020	25,94046415	0	0	0	0
2021	23,238	0	0	0	0
2022	30,084	0	0	0	0
2023	51,626	0	0	0	0
2015	238,7379226	0	0	0	0
2015	104,0207447	0	0	0	0
2015	0	0	0	20579,442	0
2016	225,273681	0	0	0	0
2016	99,19841715	0	0	0	0
2016	0	0	0	24636,272	0
2017	235,06	0	0	0	0
2017	127,654	0	0	0	0
2017	0	0	0	34644,659	0
2018	265,8277586	0	0	0	0
2018	111,6612362	0	0	0	0
2018	0	0	0	35833,963	0
2019	286,9106708	0	0	0	0
2019	95,591	0	0	0	0
2019	0	0	0	34893,78167	0
2020	271,8249418	0	0	0	0
2020	60,6025	0	0	19,64233333	0
2020	0	0	0	30115,31017	0
2021	311,555	0	0	0	0
2021	95,734	0	0	776,457	542,559
2021	0	0	0	31767,087	0
2022	368,047	0	0	0	0
2022	78,413	0	0	785,951	446,188
2022	0	0	0	13261,112	0
2023	422,411	0	0	0	0
2023	72,803	0	0	1480,229	0
2023	50,367	0	0	15766,781	0
2015	91,68683837	0	0	0	0
2016	92,84914312	0	0	0	0
2017	96,179	0	0	0	0
2018	106,7870909	0	0	0	0
2019	125,9636635	0	0	0	0
2020	134,9743338	0	0	0	0
2020	13,174	0	0	0	0
2021	129,783	0	0	0	0
2021	18,764	0	0	0	0
2022	147,675	0	0	0	0
2022	4,084	0	0	0	0
2021	859,102	0	0	0	0
2023	171,409	0	0	0	0
2023	18,248	0	0	0	0
2015	173,1605106	0	0	0	0
2015	83,456	0	0	0	0
2016	181,12761	0	0	0	0
2016	100,049	0	0	0	0
2017	238,379	0	0	0	0
2017	107,574	0	0	0	0
2018	228,3604943	0	0	0	0
2018	105,5446667	0	0	0	0
2019	223,2225458	0	0	0	0
2019	109,0885	0	0	0	0
2019	0	74,27766667	0	0	0
2020	217,3698466	0	0	0	0
2020	107,4405	0	0	0	0
2020	0	7,02	0	0	0
2021	226,453	0	0	0	0
2021	102,128	0	0	0	0
2021	0	8,615	0	0	0
2022	265,848	0	0	0	0
2022	105,191	0	0	0	0
2022	0	0	0	0	0
2023	318,026	0	0	0	0
2023	83,268	0	0	0	0
2023	0	0,398	0	0	0
2015	63,06755708	0	0	0	0
2016		0	0	0	0
2017		0	0	0	0
2018		0	0	0	0
2019		0	0	0	0
2020	74,83016358	0	0	0	0
2021		0	0	0	0
2022	91,39	0	0	0	0
2023	97,643	0	0	0	0
2015	49,42814334	0	0	0	0
2016	47,97698433	0	0	0	0
2017	50,728	0	0	0	0
2018	44,81816995	0	0	0	0
2019	59,31743963	0	0	0	0
2020	65,52916858	0	0	0	0
2021	75,452	0	0	0	0
2022	82,351	0	0	0	0
2023	139,613	0	0	0	0
2015	162,3840814	0	0	0	0
2016	157,4000408	0	0	0	0
2017	168,712	0	0	0	0
2018	179,1170767	0	0	0	0
2019	195,1679085	0	0	0	0
2020	201,0824014	0	0	0	0
2021	192,602	0	0	0	0
2022	237,88	0	0	0	0
2023	292,23	0	0	0	0
2015	59,16324602	0	0	0	0
2016	57,43079083	0	0	0	0
2017	67,405	0	0	0	0
2018	80,865615	0	0	0	0
2019	70,1122255	0	0	0	0
2020	69,67019178	0	0	0	0
2021	97,249	0	0	0	0
2022	115,577	0	0	0	0
2023	127,914	0	0	0	0
2015	33,91634297	0	0	0	0
2015	0	12107,913	0	0	0
2016	32,95682498	0	0	0	0
2016	0	12517,619	0	0	0
2017		0	0	0	0
2017	0	12312,901	0	0	0
2018	35,98966412	0	0	0	0
2018	0	10349,886	0	0	0
2019	36,23016615	0	0	0	0
2019	0	17238,37767	0	0	0
2020	36,62140504	0	0	0	0
2020	0	15245,826	0	0	0
2021	37,076	0	0	0	0
2021	0	16167,87	0	0	0
2022	33,284	0	0	0	0
2022	0	14865,994	0	0	0
2023	37,678	0	0	0	0
2023	0	10185,047	0	0	0
2015		0	0	0	0
2015	188,4099797	0	0	0	0
2016	202,6212769	0	0	0	0
2016	228,8929723	0	0	0	0
2017		0	0	0	0
2017	247,412	0	0	0	0
2018	212,1222036	0	0	0	0
2018	239,857479	0	0	0	0
2019		0	0	0	0
2019	245,777	0	0	0	0
2020		0	0	0	0
2020	247,266	0	0	0	0
2021	226,021	0	0	0	0
2021	230,654	0	0	0	0
2022	259,638	0	0	0	0
2022	243,51	0	0	0	0
2023	298,152	0	0	0	0
2023	234,401	0	0	0	0
2015		0	0	0	0
2016		0	0	0	0
2017		0	0	0	0
2018		0	0	0	0
2019		0	0	0	0
2020		0	0	0	0
2021		0	0	0	0
2022		0	0	0	0
2023	56,423	0	0	0	0
2015		0	0	0	0
2015	168,7632657	0	0	0	0
2016	206,1775091	0	0	0	0
2016	148,4220312	0	0	0	0
2017	235,732	0	0	0	0
2017	231,475	0	0	0	0
2017	717,827	0	0	0	0,957
2018	258,4650221	0	0	0	0
2018	264,8289961	0	0	0	0
2018	1001,194	0	0	0	0
2019	266,5522331	0	0	0	0
2019	259,594	0	0	0	0
2019	1027,231167	0	0	0	0
2020		0	0	0	0
2020	176,067	0	0	0	0
2020	866,6528333	0	0	0	0
2021	279,514	0	0	0	0
2021	175,642	0	0	0	0
2021	825,449	0	0	0	0
2022	345,514	0	0	0	0
2022	231,981	0	0	0	0
2022	888,798	0	0	0	0
2023	446,766	0	0	0	0
2023	447,009	0	0	0	0
2023	887,548	0	0	0	0
2015	103,5835657	0	0	0	0
2015	0	0	0	7716,872	0
2016	97,02921457	0	0	0	0
2016	0	0	0	8359,017	0
2017	105,27	0	0	0	0
2017	0	0	0	8649,558	0
2018	126,8354235	0	0	0	0
2018	0	0	0	8894,935333	0
2019	137,4174224	0	0	0	0
2019	0	0	0	8040,698	0
2020	144,6857417	0	0	0	0
2020	0	0	0	8323,937	0
2021	138	0	0	0	0
2021	0	0	0	7441,073	0
2022	165,914	0	0	0	0
2022	0	0	0	1788,603	0
2023	216,532	0	0	0	0
2023	0	0	0	2014,982	0
2015	34,95749389	0	0	0	0
2016	34,77761926	0	0	0	0
2017	38,054	0	0	0	0
2018	38,36952807	0	0	0	0
2019	41,06162169	0	0	0	0
2020	38,50629162	0	0	0	0
2021	40,734	0	0	0	0
2022	50,351	0	0	0	0
2022	0,798	0	0	0	0
2023	85,565	0	0	0	0
2023	1,896	0	0	0	0
2015	25,43440924	0	0	0	0
2016	26,82423036	0	0	0	0
2017	29,225	0	0	0	0
2018	32,35702717	0	0	0	0
2019	35,57636484	0	0	0	0
2020	44,3342657	0	0	0	0
2021	54,008	0	0	0	0
2022	69,27	0	0	0	0
2023	98,046	0	0	0	0
2015		0	0	0	0
2016		0	0	0	0
2017		0	0	0	0
2018		0	0	0	0
2019		0	0	0	0
2020		0	0	0	0
2021	15,612	0	0	0	0
2022		0	0	0	0
2023		0	0	0	0
2015	172,0540002	0	0	0	0
2016	170,4440893	0	0	0	0
2017	200,862	0	0	0	0
2018	210,2911643	0	0	0	0
2019	228,1816885	0	0	0	0
2020	231,0180862	0	0	0	0
2021	214,375	0	0	0	0
2021	10,707	0	0	0	0
2022	247,928	0	0	0	0
2022	50,693	0	0	0	0
2023	287,523	0	0	0	0
2023	90,808	0	0	0	0
2015	175,2178415	0	0	0	0
2015	109,6617605	0	0	0	0
2016	183,2401731	0	0	0	0
2016	100,4487408	0	0	0	0
2017	197,065	0	0	0	0
2017	111,134	0	0	0	0
2018	187,7192946	0	0	0	0
2018	107,2110945	0	0	0	0
2019	215,9707713	0	0	0	0
2019	113,338	0	0	0	0
2020	214,3362806	0	0	0	0
2020	125,47	0	0	0	0
2020	3,5575	0	0	0	0
2021	210,899	0	0	0	0
2021	206,858	0	0	0	0
2021	0	0	0	0	0
2022	264,587	0	0	0	0
2022	220,38	0	0	0	0
2022	0	0	0	0	0
2023	309,454	0	0	0	0
2023	182,461	0	0	0	0
2023	0,202	0	0	0	0
2015		0	0	0	0
2016		0	0	0	0
2017		0	0	0	0
2018		0	0	0	0
2019	172,6263045	0	0	0	0
2020	167,9836543	0	0	0	0
2021	171,754	0	0	0	0
2022	200,579	0	0	0	0
2023	240,701	0	0	0	0
2015		0	0	0	0
2015	0	0	0	6926,498	0
2016	187,9146538	0	0	0	0
2016	0	0	0	6942,377	0
2017	203,747	0	0	0	0
2017	0	0	0	6811,578	0
2018	209,7932643	0	0	0	0
2018	0	0	0	6933,438167	0
2019	221,7125898	0	0	0	0
2019	0	0	0	6522,853499	0
2020	215,8554277	0	0	0	0
2020	1644,282167	0	0	0	4160,57175
2021	206,891	0	0	0	0
2021	2052,461	0	0	3384,785	0
2022	231,692	0	0	0	0
2022	129,569	0	0	0	0
2022	2236,309	0	0	3532,025	0
2023	293,734	0	0	0	0
2023	173,592	0	0	0	0
2023	2011,405	0	0	3516,715	0
2015	1005,754503	0	0	0	0
2016	90,29465318	0	0	0	0
2017	102,782	0	0	0	0
2018	105,2009392	0	0	0	0
2019	116,2766721	0	0	0	0
2020	203,9575305	0	0	0	0
2021	153,237	0	0	0	0
2021	24,441	0	0	0	0
2022	150,214	0	0	0	0
2022	33,636	0	0	0	0
2023	196,249	0	0	0	0
2023	26,475	0	0	0	0
2015	64,44198446	0	0	0	0
2016	68,64547124	0	0	0	0
2017	78,937	0	0	0	0
2018	82,85992543	0	0	0	0
2019	95,74623618	0	0	0	0
2020	93,8114348	0	0	0	0
2021	98,796	0	0	0	0
2022	111,788	0	0	0	0
2023	123,446	0	0	0	0
2023	15,3	0	0	0	0
2015	672,0058028	0	0	0	0
2015	925,558051	0	0	788,359	0
2015	383,895	0	30805,102	0	0
2016	902,8262745	0	0	0	0
2016	1058,28553	0	0	798,93	0
2016	367,625	0	31636,079	0	0
2017	880,615	0	0	0	0
2017	1278,398	0	0	807,671	0
2017	384,841	0	30741,044	6127,879	0
2018	913,0362589	0	0	0	0
2018	1461,725414	0	0	807,7845	0
2018	389,4148333	0	35679,69683	15818,75217	0
2019	932,7540947	0	0	0	0
2019	1401,581167	0	0	823,5458333	0
2019	426,2811667	0	35763,21417	42647,56267	0
2020	935,1191756	0	0	0	0
2020	1854,585667	0	0	807,2576667	0
2020	419,5755	0	27371,13267	43278,66	0
2021	2042,723	0	0	570,612	0
2021	400,789	0	19776,642	42206,435	0
2022	958,59	0	0	0	0
2022	2234,473	0	0	0	2,774
2022	518,339	0	11066,845	35419,722	0
2023	1276,007	0	0	0	0
2023	2204,892	0	0,266	0	0,063
2023	530,269	0	19134,602	42587,732	0
2015	61,55397058	0	0	0	0
2016	53,74760416	0	0	0	0
2017	65,495	0	0	0	0
2018	73,7846948	0	0	0	0
2019	89,84034896	0	0	0	0
2020	83,45291927	0	0	0	0
2021	84,16	0	0	0	0
2021	87,488	0	0	0	0
2022	101,597	0	0	0	0
2022	119,204	0	0	0	0
2023	133,124	0	0	0	0
2023	107,034	0	0	0	0
2015		0	0	0	0
2016		0	0	0	0
2017		0	0	0	0
2018		0	0	0	0
2019		0	0	0	0
2020		0	0	0	0
2021		0	0	0	0
2022		0	0	0	0
2023		0	0	0	0
2015	40,00648253	0	0	0	0
2016	40,56724713	0	0	0	0
2017	40,79	0	0	0	0
2018	44,1773548	0	0	0	0
2019	49,77219622	0	0	0	0
2020	40,75360787	0	0	0	0
2021	40,877	0	0	0	0
2022	58,361	0	0	0	0
2023	81,707	0	0	0	0
2015	77,86329031	0	0	0	0
2015	0	0	0	6810,69	0
2016	74,96992331	0	0	0	0
2016	0	0	0	6487,046	0
2017	82,953	0	0	0	0
2017	0	0	0	6373,435	0
2018	93,40647732	0	0	0	0
2018	0	0	0	6720,888333	0
2019	107,9320588	0	0	0	0
2019	0	0	0	6641,201	0
2020	107,2770436	0	0	0	0
2020	0	0	0	6642,886	0
2021	106,373	0	0	0	0
2021	0	0	0	5833,845	0
2022	134,474	0	0	0	0
2022	0	0	0	5216,998	0
2023	190,953	0	0	0	0
2023	0,169	0	0	0	0
2023	0	0	0	6596,782	0
2015		0	0	0	0
2015	0	51824,365	0	0	0
2016		0	0	0	0
2016	0	41987,348	0	5705,282	0
2017		0	0	0	0
2017	0	60436,231	0	13940,752	0
2018		0	0	0	0
2018	0	53290,72317	0	14882,21033	0
2019	102,8078279	0	0	0	0
2019	0	56677,0305	0	15184,82917	0
2020	110,3583486	0	0	0	0
2020	427,23	0	0	0	0
2020	1128,7605	53192,41533	0	15158,20617	0
2021	118,76	0	0	0	0
2021	453,283	0	0	0	0
2021	1354,899	46399,855	0	12420,263	0
2022	134,283	0	0	0	0
2022	506,617	0	0	0	0
2022	1504,309	48885,582	0	12728,644	0
2023		0	0	0	0
2023	441,201	0	0	0	0
2023	1329,534	36213,409	0	15448,745	0
2015	37,21997137	0	0	0	0
2016	32,2669603	0	0	0	0
2017		0	0	0	0
2018	35,44561176	0	0	0	0
2019	36,77882093	0	0	0	0
2020	36,01335345	0	0	0	0
2021	40,427	0	0	0	0
2022	39,782	0	0	0	0
2023	47,4	0	0	0	0
2015	107,8436038	0	0	0	0
2015	9959,007	0	0	0	0
2016	106,1840076	0	0	0	0
2016	8974,689	0	0	0	0
2017	118,108	0	0	0	0
2017	8922,932	0	0	0	0
2018	132,7835548	0	0	0	0
2018	9765,902167	0	0	0	0
2019	146,8462088	0	0	0	0
2019	10290,5215	0	0	0	0
2020	141,7099038	0	0	0	0
2020	15951,82733	0	0	0	0
2021	156,996	0	0	0	0
2021	15157,899	0	0	0	0
2022	202,732	0	0	0	0
2022	19726,547	0	0	0	0
2023	228,994	0	0	0	0
2023	2,85	0	0	0	0
2023	18044,389	0	0	0	0
2015		0	0	0	0
2016		0	0	0	0
2017		0	0	0	0
2018		0	0	0	0
2019		0	0	0	0
2020	36,88958166	0	0	0	0
2021	42,262	0	0	0	0
2022	45,879	0	0	0	0
2023	51,829	0	0	0	0
2023	0,221	0	0	0	0
2015		0	0	0	0
2016		0	0	0	0
2017	89,835	0	0	0	0
2018	86,15335304	0	0	0	0
2019	101,2634495	0	0	0	0
2020	111,7682086	0	0	0	0
2021	123,629	0	0	0	0
2022	158,541	0	0	0	0
2023	220,226	0	0	0	0
2015	104,7340854	0	0	0	0
2016	112,4694834	0	0	0	0
2017	119,26	0	0	0	0
2018	123,0754347	0	0	0	0
2019	144,7122706	0	0	0	0
2020	144,486107	0	0	0	0
2021	152,621	0	0	0	0
2022	182,801	0	0	0	0
2023		0	0	0	0
2015	112,2019116	0	0	0	0
2015	0	0	0	787,863	0
2015	2294,285	0	0	0	0
2016	112,3860963	0	0	0	0
2016	0	0	0	747,663	0
2016	2016,048	0	0	0	0
2017	142,218	0	0	0	0
2017	0	0	0	695,342	0
2017	2196,25	0	0	0	0
2018	165,7383314	0	0	0	0
2018	0	0	0	763,141	0
2018	2070,529167	0	0	0	0
2019	161,4298744	0	0	0	0
2019	0	0	0	744,2381667	0
2019	2380,102667	0	0	0	0
2020	146,429833	0	0	0	0
2020	0	0	0	751,0721667	0
2020	2326,571667	0	0	0	0
2021	115,181	0	0	0	0
2021	0	0	0	0	0
2021	2226,493	0	0	0	0
2022	138,507	0	0	0	0
2022	2759,882	0	0	0	0
2023	166,851	0	0	0	0
2023	3436,596	0	0	0	0
2015	144,2073876	0	0	0	0
2016	132,0193066	0	0	0	0
2017	150,622	0	0	0	0
2018	153,6448151	0	0	0	0
2019	306,7087555	0	0	0	0
2020	163,393809	0	0	0	0
2021	160,871	0	0	0	0
2022	189,045	0	0	0	0
2023	240,592	0	0	0	0
2015	309,5258561	0	0	0	0
2015	0	0	0	2733,39	0
2016	302,9893196	0	0	0	0
2016	0	0	0	2670,041	0
2017	327,038	0	0	0	0
2017	114,444	0	0	0	0
2017	0	0	0	2650,5	0
2018	330,1779537	0	0	0	0
2018	109,1505809	0	0	0	0
2018	0	0	0	2662,647667	0
2019	379,954249	0	0	0	0
2019	113,777	0	0	0	0
2019	0	0	0	1575,118167	0
2020	353,3135402	0	0	0	0
2020	377,619	0	0	0	0
2019	0	365974,4608	0	22025,9425	0
2020	0	0	0	0	0
2021	335,914	0	0	0	0
2021	387,024	0	0	0	0
2021	0	0	223,857	0	0
2022	424,169	0	0	0	0
2022	393,89	0	0	0	0
2022	0	0	976,889	0	0
2023	562,21	0	0	0	0
2023	353,125	0	0	0	0
2023	0,832	0	1020,827	0	0
2015	144,949738	0	0	0	0
2016	166,616658	0	0	0	0
2017	157,443	0	0	0	0
2018	158,494765	0	0	0	0
2019	174,9497102	0	0	0	0
2020	180,4052522	0	0	0	0
2020	112,283	0	0	0	0
2021	186,827	0	0	0	0
2021	105,586	0	0	0	0
2022	229,303	0	0	0	0
2022	105,275	0	0	0	0
2023	310,179	0	0	0	0
2023	96,552	0	0	0	0
2015	45,32817509	0	0	0	0
2016	40,70290735	0	0	0	0
2017	44,886	0	0	0	0
2018	47,61250936	0	0	0	0
2019	47,9287411	0	0	0	0
2020	72,4142468	0	0	0	0
2021	79,897	0	0	0	0
2022	87,902	0	0	0	0
2023	97,304	0	0	0	0
2015	30,42244358	0	0	0	0
2016	30,56615258	0	0	0	0
2017	36,23	0	0	0	0
2018	37,38006756	0	0	0	0
2019	39,34487672	0	0	0	0
2020	39,46329242	0	0	0	0
2021	37,197	0	0	0	0
2022	43,97	0	0	0	0
2023	50,814	0	0	0	0
2015	105,7333682	0	0	0	0
2016	107,7910827	0	0	0	0
2017	119,787	0	0	0	0
2018	123,6536152	0	0	0	0
2019	127,9522239	0	0	0	0
2020	140,0442089	0	0	0	0
2020	11,073	0	0	0	0
2021	134,914	0	0	0	0
2021	8,551	0	0	0	0
2022	169,466	0	0	0	0
2022	8,563	0	0	0	0
2023	244,144	0	0	0	0
2023	8,683	0	0	0	0
2015	215,3772901	0	0	0	0
2016	207,5363481	0	0	0	0
2017	215,716	0	0	0	0
2018	212,1304257	0	0	0	0
2019	230,9669808	0	0	0	0
2020	217,7252345	0	0	0	0
2021	210,84	0	0	0	0
2022	255,05	0	0	0	0
2023	275,336	0	0	0	0
2015	629,6156582	0	0		0
2015	306,2262989	0	0	0	0
2015	0	0	0	19613,83	0
2016	559,8750433	0	0		0
2016	304,7836816	0	0	0	0
2016	0	0	0	19824,707	0
2017	700,283	0	0		0
2017	324,021	0	0	0	0
2017	0	0	0	19740,952	0
2018	730,4718507	0	0		0
2018	318,3584617	0	0	0	0
2018	0	0	0	19309,12033	0
2019	772,8522986	0	0		0
2019	314,2806667	0	0	0	0
2019	0	0	0	19113,67183	0
2020	741,5036061	0	0		0
2020	347,7586667	0	0	0	0
2020	0	0	0	18735,871	0
2021	650,722	0	0		0
2021	326,929	0	0	0	0
2021	0	0	0	19092,251	0
2022	776,344	0	0		0
2022	561,894	0	0	0	0
2022	0,026	0	0	6044,254	0
2023	786,273	0	0		0
2023	537,773	0	0	0	0
2023	55,965	0	0	4077,358	0
2015	308,5146032	0	0	0	0
2015	0	0	0	33148,461	118,866
2016	310,8467047	0	0	0	0
2016	0	0	0	21802,027	0
2017	393,62	0	0	0	0
2017	69,597	0	0	0	0
2017	0	0	0	21205,223	0
2018	380,962747	0	0	0	0
2018	116,753064	0	0	0	0
2018	0	0	0	21941,84433	0
2019	409,6658777	0	0	0	0
2019	122,353	0	0	0	0
2019	0	0	0	22311,728	0
2020	356,7859312	0	0	0	0
2020	421,383	0	0	0	0
2020	7,000833333	0	0	22109,25683	0
2021	377,254	0	0	0	0
2021	444,002	0	0	0	0
2021	10,557	0	0	21853,96	0
2022	425,869	0	0	0	0
2022	487,138	0	0	0	0
2022	10,543	0	0	18168,448	0
2023	459,197	0	0	0	0
2023	562,631	0	0	0	67,133
2023	8,324	0	0	21628,86	0
2015	82,54190526	0	0	0	0
2016	89,06194619	0	0	0	0
2017	98,068	0	0	0	0
2018	100,264904	0	0	0	0
2019	119,2388938	0	0	0	0
2020	113,8501766	0	0	0	0
2021	129,715	0	0	0	0
2022	154,185	0	0	0	0
2023	163,688	0	0	0	0
2015	542,0777108	0	0	0	0
2015	119,6505185	0	0	0	0
2015	0	341360,863	0	42347,634	0
2016	596,0780336	0	0	0	0
2016	79,7932522	0	0	0	0
2016	0	357047,646	0	43045,207	0
2017	588,945	0	0	0	0
2017	198,268	0	0	0	0
2017	0	276016,892	0	41528,147	0
2018	512,0178703	0	0	0	0
2018	222,1629069	0	0	0	0
2018	0	369240,333	0	43504,9105	0
2019	672,1167782	0	0	0	0
2019	215,375	0	0	0	0
2020	808,2949996	0	0	0	
2020	316,865	0	0	0	0
2020	0	317453,2397	0	0	0
2021	692,477	0	0	0	0
2021	395,509	0	0	0	0
2021	0	285872,622	0	0	0
2022	748,414	0	0	0	0
2022	636,761	0	0	0	0
2022	0	277202,826	0	0	0
2023	736,531	0	0	0	0
2023	616,634	0	0	0	0
2023	0	294155,602	0	0	0
2015		0	0	0	0
2016	234,2039351	0	0	0	0
2017	245,745	0	0	0	0
2018	243,8128594	0	0	0	0
2019	254,7011049	0	0	0	0
2020		0	0	0	0
2021		0	0	0	0
2021	3,299	0	0	0	0
2022		0	0	0	0
2022	20,758	0	0	0	0
2023		0	0	0	0
2023	34,129	0	0	0	0
2015		0	0	0	0
2015	122,4382641	0	0	0	0
2016		0	0	0	0
2016	111,7897861	0	0	0	0
2017		0	0	0	0
2017	117,698	0	0	0	0
2018		0	0	0	0
2018	114,091176	0	0	0	0
2019		0	0	0	0
2019	119,11	0	0	0	0
2019	9797,925833	0	0	0	0
2020		0	0	0	0
2020	104,255	0	0	0	0
2020	19094,064	0	0	0	0
2021	424,564	0	0	0	0
2021	113,915	0	0	0	0
2021	18633,871	0	0	0	0
2022	464,28	0	0	0	0
2022	248,817	0	0	0	0
2022	25016,894	0	0	0	0
2023	480,672	0	0	0	0
2023	553,507	0	0	0	0
2023	24393,587	0	0	0	0
2015	282,1739509	0	0	0	0
2015	79,64798478	0	0	0	0
2016	287,9257459	0	0	0	0
2016	71,50398626	0	0	0	0
2017	299,754	0	0	0	0
2017	74,233	0	0	0	0
2018	307,4437855	0	0	0	0
2018	71,05463829	0	0	0	0
2019	354,781192	0	0	0	0
2019	80,082	0	0	0	0
2020	375,8385992	0	0	0	0
2020	76,309	0	0	0	0
2021	381,521	0	0	0	0
2021	71,577	0	0	0	0
2022	447,164	0	0	0	0
2022	82,125	0	0	0	0
2022	3252,87	0	0	0	0
2023	509,151	0	0	0	0
2023	76,613	0	0	0	0
2023	8669,329	0	0	0	0
2015	294,170373	0	0	0	0
2015	37,51092134	0	0	0	0
2016	226,2226276	0	0	0	0
2016	107,7334798	0	0	0	0
2017	253,595	0	0	0	0
2017	111,608	0	0	0	0
2018	239,0409589	0	0	0	0
2018	110,7565801	0	0	0	0
2019	267,4957781	0	0	0	0
2019	114,363	0	0	0	0
2020		0	0	0	0
2020	107,732	0	0	0	0
2021		0	0	0	0
2021	101,246	0	0	0	0
2022		0	0	0	0
2022	95,453	0	0	0	0
2023		0	0	0	0
2023	95,351	0	0	0	0
2015	84,62476677	0	0	0	0
2015	110,8166617	0	0	0	0
2016	78,71970704	0	0	0	0
2016	101,6610379	0	0	0	0
2017	89,344	0	0	0	0
2017	107,675	0	0	0	0
2018	90,90457091	0	0	0	0
2018	99,08463725	0	0	0	0
2019	105,0509531	0	0	0	0
2019	115,031	0	0	0	0
2020	103,0064067	0	0	0	0
2020	111,055	0	0	0	0
2021	108,677	0	0	0	0
2021	173,489	0	0	0	0
2022	128,16	0	0	0	0
2022	178,028	0	0	0	0
2023	151,731	0	0	0	0
2023	226,98	0	0	0	0
2015	144,0591647	0	0	0	0
2015	121,2706636	0	0	0	0
2016		0	0	0	0
2016	259,7223164	0	0	0	0
2017	158,229	0	0	0	0
2017	272,387	0	0	0	0
2018	158,4986735	0	0	0	0
2018	253,3496413	0	0	0	0
2019	176,683107	0	0	0	0
2019	248,658	0	0	0	0
2020	187,7552002	0	0	0	0
2020	245,277	0	0	0	0
2021	187,123	0	0	0	0
2021	247,497	0	0	0	0
2022	212,069	0	0	0	0
2022	495,61	0	0	0	0
2023	280,034	0	0	0	0
2023	544,1	0	0	0	0
2015	668,0658001	0	0	0	0
2015	435,2168816	0	0	0	0
2015	66,569	0	0	2676,169	0
2016	628,2241195	0	0	0	0
2016	439,0262605	0	0	0	0
2016	68,129	0	0	2786,718	0
2017	662,259	0	0	0	0
2017	472,105	0	0	0	0
2017	42,723	0	0	2725,491	0
2018	714,8519758	0	0	0	0
2018	454,8012927	0	0	0	0
2018	67,2505	0	0	2766,555	0
2019	795,7833399	0	0	0	0
2019	476,986	0	0	0	0
2019	63,381	0	0	2792,459667	0
2020	820,6662469	0	0	0	0
2020	447,503	0	0	0	0
2020	51,90583333	0	0	2773,734833	0
2021	742,712	0	0	0	0
2021	394,61	0	0	0	0
2021	334,019	0	0	2322,82	0
2022	945,048	0	0	0	0
2022	401,114	0	0	0	0
2022	2479,704	0	0	1941,075	0
2023	1044,21	0	0	0	0
2023	384,478	0	0	0	0
2023	2382,806	0	0	1596,674	167,339
2015		0	0	0	0
2016	259,3478319	0	0	0	0
2017	297,872	0	0	0	0
2018	308,0321398	0	0	0	0
2019	320,8154681	0	0	0	0
2020	325,9540388	0	0	0	0
2021	355,325	0	0	0	0
2022	416,887	0	0	0	0
2022	47,544	0	0	0	0
2023	513,962	0	0	0	0
2023	72,04	0	0	0	0
2015	153,6871428	0	0	0	0
2016	142,7144083	0	0	0	0
2017	159,84	0	0	0	0
2018	148,5121232	0	0	0	0
2019	160,0969334	0	0	0	0
2020	158,7179311	0	0	0	0
2021	157,141	0	0	0	0
2022	186,198	0	0	0	0
2023	224,263	0	0	0	0
2015	276,2715359	0	0	0	0
2015	40,963	0	0	0	0
2015	0	0	13920,426	2866,589	0
2016		0	0	0	0
2016	46,745	0	0	0	0
2016	0	0	26376,445	3540,973	0
2017		0	0	0	0
2017	51,849	0	0	0	0
2017	0	0	20610,52	3332,237	0
2018	365,3272667	0	0	0	0
2018	45,855	0	0	0	0
2018	0	0	25270,95083	3506,7825	0
2019	408,7359942	0	0	0	0
2019	48,21983333	0	0	0	0
2019	0	0	27165,21717	3502,220667	0
2020	353,2645088	0	0	0	0
2020	82,40083333	0	0	0	0
2020	0	0	17443,32017	3458,8115	0
2021	340,251	0	0	0	0
2021	77,115	0	0	0	0
2021	0	0	27183,682	2880,633	0
2022	387,833	0	0	0	0
2022	348,031	0	0	0	0
2022	0	0	33360,412	2830,009	0
2023	485,84	0	0	0	0
2023	371,272	0	0	0	0
2023	0	0	25627,749	2087,094	0
2015	428,2485563	0	0	0	0
2015	716,1383198	0	0	0	0
2015	0	0	0	6693,984	0
2016	475,083448	0	0	0	0
2016	770,1696102	0	0	0	0
2016	0	0	0	6877,182	0
2017	541,072	0	0	0	0
2017	755,51	0	0	0	0
2017	0	0	0	6806,959	0
2018	583,4395281	0	0	0	0
2018	778,3073826	0	0	0	0
2018	0	0	0	6422,558333	0
2019	636,4495913	0	0	0	0
2019	806,2696667	0	0	0	0
2019	0	0	0	6582,544667	0
2020	613,2774363	0	0	0	
2020	778,6526667	0	0	21,774	0
2020	0	0	0	6826,436167	0
2021	601,368	0	0	0	0
2021	784,408	0	0	777,784	0
2021	0	0	0	6751,902	0
2022	714,154	0	0	0	0
2022	1082,77	0	0	477,654	0
2022	0	0	0	6829,293	0
2023	804,545	0	0	0	0
2023	1090,202	0	0	685,577	0
2023	0	0	0	6708,944	0
2015	34,76644801	0	0	0	0
2016	34,73635489	0	0	0	0
2017	34,257	0	0	0	0
2018	36,12345809	0	0	0	0
2019	38,13771472	0	0	0	0
2020	34,1682499	0	0	0	0
2021	39,562	0	0	0	0
2022	39,837	0	0	0	0
2023	37,255	0	0	0	0
2015	81,9982989	0	0	0	0
2016	73,47649743	0	0	0	0
2017	79,157	0	0	0	0
2018	81,61034741	0	0	0	0
2019	95,01245337	0	0	0	0
2020	104,9890381	0	0	0	0
2021	101,339	0	0	0	0
2022	119,502	0	0	0	0
2023	142,785	0	0	0	0
2015	98,95502248	0	0	0	0
2015	76,65161749	0	0	0	0
2016	98,58291305	0	0	0	0
2016	68,19260941	0	0	0	0
2016	0	0	0	1933,594	0
2017	98,161	0	0	0	0
2017	72,182	0	0	0	0
2017	0	0	0	9431,45	5791,426
2018	95,92427443	0	0	0	0
2018	71,78340277	0	0	0	0
2018	0	0	0	9517,106833	0
2019	112,8052675	0	0	0	0
2019	75,489	0	0	0	0
2019	0	0	0	9402,098667	0
2020	127,4804881	0	0	0	0
2020	63,795	0	0	0	0
2020	1910,4515	0	0	9530,662333	0
2021	131,777	0	0	0	0
2021	60,429	0	0	0	0
2021	1924,838	0	0	9353,651	0
2022	150,933	0	0	0	0
2022	66,969	0	0	0	0
2022	2040,544	0	0	9468,532	0
2023	181,039	0	0	0	0
2023	60,846	0	0	0	0
2023	1862,174	0	0	9534,847	0
