Date;Code INSEE département;Département;TMin (°C);TMax (°C);TMoy (°C)
2019-10-24;69;Rhône;12.8;20.45;16.62
2019-10-26;69;Rhône;8.1;23.35;15.73
2019-10-28;69;Rhône;13.65;16.85;15.25
2019-10-30;69;Rhône;10.85;13.75;12.3
2019-11-05;69;Rhône;9.6;15.2;12.4
2019-11-08;69;Rhône;3.1;11.2;7.15
2019-11-10;69;Rhône;3.65;10.5;7.08
2019-11-18;69;Rhône;2.4;9.25;5.82
2020-12-13;69;Rhône;2.0;10.55;6.28
2019-11-20;69;Rhône;-0.15;10.0;4.93
2020-12-15;69;Rhône;10.05;13.0;11.52
2020-12-16;69;Rhône;6.2;14.75;10.48
2020-12-17;69;Rhône;5.75;10.2;7.98
2019-11-26;69;Rhône;5.25;14.6;9.93
2020-12-22;69;Rhône;6.05;15.45;10.75
2019-11-30;69;Rhône;4.35;8.1;6.22
2020-12-26;69;Rhône;1.55;4.15;2.85
2019-12-05;69;Rhône;-3.4;2.55;-0.42
2019-12-07;69;Rhône;3.6;13.3;8.45
2018-09-04;69;Rhône;13.3;26.8;20.05
2021-01-07;69;Rhône;-1.45;2.95;0.75
2018-09-06;69;Rhône;17.55;22.7;20.12
2021-01-08;69;Rhône;-1.05;3.55;1.25
2018-09-07;69;Rhône;16.2;25.05;20.62
2018-09-10;69;Rhône;14.8;31.05;22.92
2019-12-21;69;Rhône;7.05;13.15;10.1
2021-01-17;69;Rhône;-1.0;5.05;2.03
2021-01-18;69;Rhône;-0.15;3.8;1.82
2021-01-19;69;Rhône;-2.5;9.8;3.65
2018-09-18;69;Rhône;17.85;31.05;24.45
2018-09-19;69;Rhône;17.4;31.4;24.4
2018-09-21;69;Rhône;17.05;30.6;23.82
2018-09-22;69;Rhône;10.6;23.85;17.23
2021-01-27;69;Rhône;0.15;6.2;3.18
2018-09-26;69;Rhône;7.05;26.15;16.6
2021-01-29;69;Rhône;8.2;15.15;11.68
2021-01-31;69;Rhône;4.3;12.6;8.45
2018-10-03;69;Rhône;9.25;20.2;14.72
2021-02-04;69;Rhône;3.4;11.65;7.52
2021-02-07;69;Rhône;6.25;9.05;7.65
2020-01-15;69;Rhône;10.6;13.1;11.85
2018-10-11;69;Rhône;15.0;24.75;19.88
2018-10-12;69;Rhône;17.2;25.0;21.1
2020-01-19;69;Rhône;0.95;5.8;3.38
2020-01-20;69;Rhône;-1.05;6.8;2.88
2021-02-15;69;Rhône;3.6;8.9;6.25
2021-02-17;69;Rhône;2.85;15.05;8.95
2021-02-18;69;Rhône;3.05;13.2;8.12
2020-01-26;69;Rhône;5.6;12.15;8.88
2020-01-27;69;Rhône;2.55;10.65;6.6
2018-12-21;69;Rhône;6.2;11.3;8.75
2018-12-22;69;Rhône;9.65;11.85;10.75
2021-03-01;69;Rhône;1.05;18.0;9.52
2020-08-31;69;Rhône;11.9;22.6;17.25
2018-10-31;69;Rhône;5.2;16.1;10.65
2018-12-27;69;Rhône;-0.75;4.95;2.1
2020-09-03;69;Rhône;11.9;26.35;19.12
2018-11-03;69;Rhône;7.55;10.05;8.8
2021-03-07;69;Rhône;3.0;13.45;8.22
2020-09-05;69;Rhône;17.0;31.4;24.2
2018-12-30;69;Rhône;0.65;6.0;3.32
2018-12-31;69;Rhône;3.85;7.1;5.48
2020-09-07;69;Rhône;11.75;24.25;18.0
2021-03-12;69;Rhône;3.45;13.65;8.55
2018-11-10;69;Rhône;10.35;17.4;13.88
2018-11-12;69;Rhône;15.8;20.85;18.33
2019-01-06;69;Rhône;2.7;4.2;3.45
2020-09-13;69;Rhône;16.2;30.95;23.58
2021-03-17;69;Rhône;3.9;8.45;6.17
2019-01-09;69;Rhône;1.8;4.9;3.35
2019-01-10;69;Rhône;0.8;4.0;2.4
2020-09-17;69;Rhône;16.9;31.65;24.28
2020-09-18;69;Rhône;17.15;32.2;24.68
2019-01-15;69;Rhône;0.9;8.2;4.55
2020-09-24;69;Rhône;17.2;21.5;19.35
2019-01-17;69;Rhône;4.7;10.5;7.6
2020-02-26;69;Rhône;4.65;8.4;6.52
2018-11-23;69;Rhône;2.2;7.45;4.82
2020-09-26;69;Rhône;8.0;12.9;10.45
2019-01-19;69;Rhône;-4.9;3.6;-0.65
2018-11-25;69;Rhône;0.5;8.0;4.25
2019-01-21;69;Rhône;1.35;3.05;2.2
2020-09-28;69;Rhône;8.5;12.6;10.55
2020-09-29;69;Rhône;10.25;17.85;14.05
2018-11-27;69;Rhône;4.8;8.15;6.48
2020-03-05;69;Rhône;6.8;12.5;9.65
2019-01-25;69;Rhône;-2.25;2.7;0.23
2020-10-04;69;Rhône;11.05;15.65;13.35
2020-10-05;69;Rhône;10.05;15.15;12.6
2020-03-12;69;Rhône;7.8;17.35;12.58
2020-03-13;69;Rhône;7.65;12.45;10.05
2020-10-09;69;Rhône;10.15;19.85;15.0
2019-02-03;69;Rhône;1.85;3.65;2.75
2020-03-17;69;Rhône;7.65;19.25;13.45
2019-02-06;69;Rhône;-3.65;9.35;2.85
2020-03-22;69;Rhône;5.95;14.1;10.02
2022-04-09;69;Rhône;3.7;10.85;7.28
2020-03-26;69;Rhône;2.9;12.15;7.52
2019-02-12;69;Rhône;1.85;7.65;4.75
2020-03-27;69;Rhône;2.65;12.75;7.7
2019-02-14;69;Rhône;-1.6;16.45;7.43
2022-05-20;69;Rhône;19.65;30.25;24.95
2020-04-01;69;Rhône;-0.6;16.6;8.0
2020-04-03;69;Rhône;3.6;14.55;9.07
2022-05-27;69;Rhône;12.35;24.35;18.35
2020-04-11;69;Rhône;8.2;25.55;16.88
2020-11-04;69;Rhône;7.5;11.45;9.48
2022-06-01;69;Rhône;13.4;24.95;19.18
2022-06-02;69;Rhône;15.45;27.5;21.48
2020-11-08;69;Rhône;11.8;15.55;13.68
2022-06-06;69;Rhône;14.7;26.25;20.48
2020-04-16;69;Rhône;11.1;23.4;17.25
2020-11-09;69;Rhône;8.65;19.2;13.92
2022-06-07;69;Rhône;14.65;25.8;20.23
2020-11-12;69;Rhône;6.05;18.15;12.1
2019-03-08;69;Rhône;7.45;13.35;10.4
2020-04-20;69;Rhône;12.35;21.6;16.98
2022-06-10;69;Rhône;10.85;25.35;18.1
2020-04-21;69;Rhône;14.0;19.75;16.88
2020-11-14;69;Rhône;9.0;18.45;13.73
2022-06-12;69;Rhône;15.75;32.35;24.05
2019-03-14;69;Rhône;5.75;9.25;7.5
2022-06-19;69;Rhône;24.45;35.5;29.98
2020-04-28;69;Rhône;12.15;17.55;14.85
2022-06-20;69;Rhône;21.1;34.95;28.02
2019-03-18;69;Rhône;3.9;10.05;6.98
2022-06-24;69;Rhône;16.2;24.1;20.15
2020-05-05;69;Rhône;17.85;26.2;22.02
2022-06-26;69;Rhône;16.25;24.2;20.23
2019-03-25;69;Rhône;8.05;13.7;10.88
2020-05-09;69;Rhône;14.3;25.9;20.1
2020-05-11;69;Rhône;9.95;21.4;15.68
2020-12-04;69;Rhône;2.55;7.3;4.92
2022-07-02;69;Rhône;12.25;29.15;20.7
2018-10-04;69;Rhône;12.55;19.4;15.98
2022-07-04;69;Rhône;18.15;27.15;22.65
2022-07-05;69;Rhône;17.0;27.4;22.2
2020-05-16;69;Rhône;9.85;20.55;15.2
2020-05-17;69;Rhône;10.8;21.9;16.35
2021-03-30;69;Rhône;7.85;24.5;16.18
2022-07-13;69;Rhône;15.7;32.8;24.25
2022-07-14;69;Rhône;17.75;35.6;26.68
2019-07-14;69;Rhône;15.65;27.4;21.52
2021-04-03;69;Rhône;4.75;14.15;9.45
2021-04-04;69;Rhône;2.7;15.9;9.3
2018-10-16;69;Rhône;12.9;24.75;18.83
2021-04-05;69;Rhône;2.75;18.45;10.6
2018-10-19;69;Rhône;9.6;21.85;15.72
2022-07-25;69;Rhône;22.3;35.5;28.9
2021-04-13;69;Rhône;1.0;12.45;6.72
2019-07-24;69;Rhône;25.0;39.9;32.45
2018-10-24;69;Rhône;6.55;18.0;12.27
2019-07-27;69;Rhône;18.9;26.9;22.9
2018-10-27;69;Rhône;6.75;8.85;7.8
2018-10-28;69;Rhône;5.3;8.65;6.98
2019-07-28;69;Rhône;16.1;24.35;20.23
2022-02-02;69;Rhône;2.9;11.15;7.02
2022-02-04;69;Rhône;1.7;10.75;6.22
2019-08-05;69;Rhône;18.8;34.6;26.7
2018-11-06;69;Rhône;9.2;14.0;11.6
2021-04-26;69;Rhône;12.0;17.0;14.5
2019-08-07;69;Rhône;17.75;28.25;23.0
2019-08-09;69;Rhône;22.15;34.45;28.3
2022-02-13;69;Rhône;2.6;12.75;7.68
2019-08-10;69;Rhône;17.4;27.35;22.38
2021-05-01;69;Rhône;8.0;9.95;8.98
2022-02-16;69;Rhône;4.7;9.6;7.15
2019-08-17;69;Rhône;15.25;33.1;24.18
2018-11-20;69;Rhône;0.8;6.75;3.78
2018-11-21;69;Rhône;4.25;7.05;5.65
2021-05-10;69;Rhône;12.4;16.4;14.4
2019-07-13;69;Rhône;18.5;27.35;22.92
2022-02-25;69;Rhône;3.5;9.65;6.58
2018-11-24;69;Rhône;2.65;13.85;8.25
2021-05-13;69;Rhône;9.65;17.05;13.35
2019-07-16;69;Rhône;15.75;29.9;22.82
2019-07-17;69;Rhône;16.1;30.7;23.4
2019-07-19;69;Rhône;17.05;31.75;24.4
2018-11-29;69;Rhône;4.1;15.3;9.7
2018-12-01;69;Rhône;5.65;8.7;7.18
2019-08-30;69;Rhône;18.25;30.3;24.28
2021-05-21;69;Rhône;11.95;18.2;15.08
2019-07-25;69;Rhône;24.8;38.6;31.7
2019-09-04;69;Rhône;11.45;28.05;19.75
2018-12-07;69;Rhône;9.25;15.1;12.18
2019-09-08;69;Rhône;10.25;18.35;14.3
2021-05-31;69;Rhône;11.15;27.1;19.12
2021-06-01;69;Rhône;15.2;26.2;20.7
2019-09-12;69;Rhône;9.95;26.8;18.38
2018-12-13;69;Rhône;-2.9;0.05;-1.42
2019-04-28;69;Rhône;7.9;11.7;9.8
2021-06-02;69;Rhône;15.2;21.6;18.4
2022-03-18;69;Rhône;8.0;11.65;9.82
2021-06-03;69;Rhône;16.05;27.85;21.95
2022-03-20;69;Rhône;5.45;14.8;10.12
2022-03-22;69;Rhône;3.2;16.35;9.77
2021-06-07;69;Rhône;16.0;22.65;19.33
2022-03-25;69;Rhône;3.5;19.9;11.7
2019-05-06;69;Rhône;3.25;14.6;8.93
2022-03-27;69;Rhône;4.4;21.45;12.92
2021-06-13;69;Rhône;18.25;28.85;23.55
2022-03-31;69;Rhône;8.4;12.55;10.48
2019-09-26;69;Rhône;15.4;25.2;20.3
2019-05-12;69;Rhône;8.45;16.45;12.45
2019-08-19;69;Rhône;16.95;18.9;17.92
2019-08-21;69;Rhône;12.45;22.45;17.45
2019-05-14;69;Rhône;7.15;19.45;13.3
2019-05-17;69;Rhône;10.8;15.75;13.28
2019-10-02;69;Rhône;13.4;18.9;16.15
2019-10-05;69;Rhône;13.05;19.0;16.02
2019-05-22;69;Rhône;10.6;22.1;16.35
2019-08-28;69;Rhône;19.7;31.55;25.62
2022-04-15;69;Rhône;10.6;22.9;16.75
2019-05-23;69;Rhône;8.65;23.85;16.25
2022-04-16;69;Rhône;11.05;21.75;16.4
2021-06-28;69;Rhône;17.85;21.85;19.85
2019-08-31;69;Rhône;18.4;33.9;26.15
2022-04-18;69;Rhône;4.75;20.2;12.48
2022-04-20;69;Rhône;6.05;21.2;13.62
2019-10-14;69;Rhône;17.5;25.6;21.55
2019-09-05;69;Rhône;14.65;20.6;17.62
2019-09-06;69;Rhône;11.7;20.35;16.02
2019-10-17;69;Rhône;13.2;19.45;16.32
2019-09-07;69;Rhône;12.15;22.4;17.27
2019-06-05;69;Rhône;17.25;29.95;23.6
2022-04-28;69;Rhône;6.5;22.55;14.52
2020-02-13;69;Rhône;0.1;11.35;5.72
2019-06-08;69;Rhône;10.7;23.45;17.08
2018-12-16;69;Rhône;1.65;6.65;4.15
2020-02-16;69;Rhône;9.8;14.75;12.28
2020-02-17;69;Rhône;8.0;13.75;10.88
2022-05-07;69;Rhône;11.05;22.95;17.0
2019-09-20;69;Rhône;9.3;28.5;18.9
2019-09-23;69;Rhône;13.2;21.5;17.35
2020-02-28;69;Rhône;-0.3;13.1;6.4
2019-06-23;69;Rhône;14.85;29.75;22.3
2020-02-05;69;Rhône;4.45;9.45;6.95
2018-12-15;69;Rhône;-0.65;4.05;1.7
2019-01-01;69;Rhône;6.0;6.85;6.43
2019-06-26;69;Rhône;21.45;36.45;28.95
2019-06-27;69;Rhône;21.45;37.75;29.6
2020-02-09;69;Rhône;5.7;13.0;9.35
2018-12-18;69;Rhône;-1.05;11.35;5.15
2019-01-04;69;Rhône;-0.7;5.15;2.22
2019-10-01;69;Rhône;11.2;26.9;19.05
2018-09-02;69;Rhône;12.05;24.4;18.23
2019-06-29;69;Rhône;20.85;37.4;29.12
2018-11-13;69;Rhône;11.3;12.85;12.08
2019-01-08;69;Rhône;2.7;4.85;3.78
2019-07-03;69;Rhône;20.1;30.3;25.2
2018-12-23;69;Rhône;7.6;12.3;9.95
2019-10-07;69;Rhône;9.55;16.9;13.23
2020-09-01;69;Rhône;12.3;22.8;17.55
2019-10-12;69;Rhône;16.8;21.2;19.0
2018-09-01;69;Rhône;11.85;23.45;17.65
2019-01-18;69;Rhône;0.4;3.65;2.02
2020-09-09;69;Rhône;13.25;27.85;20.55
2019-01-23;69;Rhône;-0.55;1.7;0.57
2019-01-07;69;Rhône;2.5;4.8;3.65
2019-01-26;69;Rhône;-1.4;5.35;1.98
2019-01-28;69;Rhône;0.6;6.1;3.35
2020-08-30;69;Rhône;14.6;21.2;17.9
2020-09-02;69;Rhône;12.65;24.4;18.52
2018-09-16;69;Rhône;11.3;28.3;19.8
2019-02-02;69;Rhône;0.55;5.25;2.9
2020-09-04;69;Rhône;13.05;31.15;22.1
2020-09-20;69;Rhône;16.95;25.75;21.35
2018-09-20;69;Rhône;16.75;31.75;24.25
2019-01-16;69;Rhône;-2.1;12.3;5.1
2020-09-23;69;Rhône;14.55;25.95;20.25
2019-02-09;69;Rhône;3.4;13.25;8.32
2020-09-27;69;Rhône;5.8;10.0;7.9
2019-01-22;69;Rhône;-1.0;4.0;1.5
2020-09-12;69;Rhône;14.55;30.05;22.3
2020-09-14;69;Rhône;17.15;33.8;25.48
2020-10-03;69;Rhône;8.3;16.0;12.15
2019-01-27;69;Rhône;1.15;10.8;5.98
2019-02-15;69;Rhône;-0.6;16.75;8.07
2018-09-30;69;Rhône;9.7;19.3;14.5
2018-10-01;69;Rhône;10.6;15.15;12.88
2019-02-18;69;Rhône;5.8;15.0;10.4
2019-02-19;69;Rhône;1.65;15.1;8.38
2020-10-07;69;Rhône;11.95;17.7;14.82
2019-01-30;69;Rhône;1.55;5.85;3.7
2019-02-20;69;Rhône;1.15;15.25;8.2
2019-01-31;69;Rhône;2.3;9.05;5.68
2020-09-25;69;Rhône;10.45;16.2;13.32
2019-02-25;69;Rhône;1.3;15.95;8.62
2020-10-13;69;Rhône;3.65;12.55;8.1
2019-02-07;69;Rhône;-0.05;7.8;3.88
2019-02-27;69;Rhône;1.1;18.1;9.6
2019-02-28;69;Rhône;2.6;19.4;11.0
2020-10-01;69;Rhône;11.05;16.9;13.98
2019-03-03;69;Rhône;1.6;18.1;9.85
2020-10-02;69;Rhône;10.4;18.85;14.62
2019-02-11;69;Rhône;2.65;7.85;5.25
2022-03-23;69;Rhône;2.2;17.55;9.88
2019-03-04;69;Rhône;8.9;16.1;12.5
2022-03-28;69;Rhône;4.6;21.85;13.22
2019-02-17;69;Rhône;3.45;17.75;10.6
2020-10-08;69;Rhône;8.15;21.6;14.88
2019-03-13;69;Rhône;4.95;11.25;8.1
2020-10-30;69;Rhône;7.0;18.5;12.75
2019-02-21;69;Rhône;1.1;16.15;8.62
2020-11-02;69;Rhône;11.95;20.1;16.02
2019-02-24;69;Rhône;1.95;15.85;8.9
2022-04-05;69;Rhône;1.25;14.15;7.7
2020-10-15;69;Rhône;6.4;10.5;8.45
2020-11-05;69;Rhône;8.25;12.6;10.42
2020-10-16;69;Rhône;9.1;13.4;11.25
2020-10-17;69;Rhône;9.7;12.4;11.05
2019-03-22;69;Rhône;1.2;19.7;10.45
2019-03-02;69;Rhône;5.25;11.15;8.2
2020-10-19;69;Rhône;2.55;17.45;10.0
2020-10-20;69;Rhône;14.15;18.6;16.38
2020-10-22;69;Rhône;15.4;18.85;17.12
2019-03-05;69;Rhône;5.85;16.45;11.15
2019-03-06;69;Rhône;7.75;16.3;12.02
2020-10-23;69;Rhône;13.6;16.35;14.98
2019-03-07;69;Rhône;7.95;15.7;11.82
2020-10-24;69;Rhône;10.8;18.0;14.4
2022-04-17;69;Rhône;5.45;18.85;12.15
2020-10-25;69;Rhône;8.75;18.55;13.65
2019-03-10;69;Rhône;10.75;18.7;14.73
2020-11-19;69;Rhône;7.2;12.4;9.8
2020-10-28;69;Rhône;9.7;18.3;14.0
2022-04-21;69;Rhône;11.6;20.7;16.15
2020-10-29;69;Rhône;12.35;16.05;14.2
2020-11-21;69;Rhône;0.65;5.95;3.3
2020-10-31;69;Rhône;5.05;20.1;12.58
2019-03-15;69;Rhône;7.05;14.0;10.52
2022-04-25;69;Rhône;11.45;16.65;14.05
2020-12-21;69;Rhône;3.3;11.2;7.25
2022-04-26;69;Rhône;9.4;18.5;13.95
2019-03-16;69;Rhône;5.6;20.05;12.82
2020-11-25;69;Rhône;2.8;14.75;8.77
2019-03-17;69;Rhône;6.9;18.8;12.85
2020-11-03;69;Rhône;9.75;13.0;11.38
2020-11-26;69;Rhône;2.75;14.85;8.8
2022-04-30;69;Rhône;7.75;20.1;13.92
2022-05-01;69;Rhône;7.7;19.55;13.62
2022-05-02;69;Rhône;6.5;21.2;13.85
2020-12-29;69;Rhône;4.95;9.6;7.28
2020-12-02;69;Rhône;2.15;4.65;3.4
2022-05-04;69;Rhône;9.5;22.25;15.88
2020-12-31;69;Rhône;0.0;6.0;3.0
2020-12-07;69;Rhône;1.55;7.75;4.65
2020-11-15;69;Rhône;12.75;17.75;15.25
2020-12-08;69;Rhône;4.25;8.6;6.42
2021-07-11;69;Rhône;14.85;26.1;20.48
2022-05-12;69;Rhône;15.85;27.95;21.9
2020-12-11;69;Rhône;1.0;8.35;4.68
2021-01-06;69;Rhône;0.5;1.65;1.08
2022-05-16;69;Rhône;15.85;29.55;22.7
2020-11-23;69;Rhône;-2.8;8.25;2.72
2021-01-11;69;Rhône;-3.75;-0.75;-2.25
2020-11-24;69;Rhône;-0.9;8.35;3.72
2022-02-07;69;Rhône;4.7;9.1;6.9
2021-07-21;69;Rhône;15.4;29.05;22.22
2021-07-22;69;Rhône;15.6;29.7;22.65
2022-02-05;69;Rhône;3.7;9.1;6.4
2021-01-13;69;Rhône;1.85;7.0;4.42
2021-01-14;69;Rhône;5.3;8.3;6.8
2022-02-10;69;Rhône;2.25;16.25;9.25
2020-11-28;69;Rhône;0.65;10.25;5.45
2022-02-08;69;Rhône;-2.05;10.75;4.35
2022-02-09;69;Rhône;-2.3;14.5;6.1
2020-12-01;69;Rhône;-0.85;5.7;2.43
2022-02-14;69;Rhône;6.55;10.15;8.35
2021-01-20;69;Rhône;5.2;13.5;9.35
2020-12-03;69;Rhône;2.95;8.9;5.92
2020-12-05;69;Rhône;0.3;4.85;2.58
2022-02-20;69;Rhône;2.05;13.3;7.68
2022-02-18;69;Rhône;6.0;19.55;12.78
2021-10-05;69;Rhône;8.35;16.4;12.38
2020-12-10;69;Rhône;-2.75;4.4;0.83
2021-10-07;69;Rhône;6.8;16.9;11.85
2019-10-23;69;Rhône;12.9;15.8;14.35
2021-10-09;69;Rhône;9.7;14.45;12.08
2022-02-27;69;Rhône;-2.25;12.65;5.2
2022-02-26;69;Rhône;0.25;11.0;5.62
2021-02-03;69;Rhône;10.95;15.8;13.38
2021-10-13;69;Rhône;8.5;14.35;11.42
2021-10-14;69;Rhône;3.4;15.1;9.25
2021-02-06;69;Rhône;8.8;15.2;12.0
2022-03-04;69;Rhône;1.85;14.25;8.05
2021-02-08;69;Rhône;3.2;9.6;6.4
2019-10-31;69;Rhône;12.6;14.7;13.65
2022-03-02;69;Rhône;5.05;12.2;8.62
2021-10-19;69;Rhône;8.35;21.0;14.68
2021-10-22;69;Rhône;8.95;14.4;11.68
2022-03-07;69;Rhône;-2.9;10.8;3.95
2019-11-09;69;Rhône;4.7;10.95;7.82
2021-10-28;69;Rhône;4.35;19.55;11.95
2021-02-23;69;Rhône;9.0;19.9;14.45
2019-11-16;69;Rhône;-0.3;7.95;3.82
2021-10-31;69;Rhône;12.7;21.25;16.98
2019-11-17;69;Rhône;-1.05;5.35;2.15
2021-08-02;69;Rhône;12.45;24.25;18.35
2021-02-27;69;Rhône;6.2;10.5;8.35
2022-03-21;69;Rhône;7.8;16.65;12.22
2021-02-28;69;Rhône;0.35;13.4;6.88
2021-08-05;69;Rhône;16.1;24.95;20.52
2019-11-22;69;Rhône;6.35;15.2;10.78
2021-08-07;69;Rhône;15.35;19.6;17.48
2022-03-29;69;Rhône;11.0;19.95;15.48
2021-03-03;69;Rhône;5.95;13.65;9.8
2021-03-04;69;Rhône;4.2;16.65;10.42
2022-03-30;69;Rhône;9.35;16.45;12.9
2021-03-06;69;Rhône;3.35;10.7;7.02
2021-08-09;69;Rhône;13.5;25.65;19.58
2019-04-01;69;Rhône;5.9;21.85;13.88
2021-08-11;69;Rhône;17.25;30.85;24.05
2019-11-27;69;Rhône;10.0;14.65;12.32
2021-03-10;69;Rhône;0.3;13.6;6.95
2019-04-05;69;Rhône;-0.35;15.15;7.4
2019-12-03;69;Rhône;0.65;4.05;2.35
2022-04-08;69;Rhône;11.65;18.6;15.12
2021-08-18;69;Rhône;14.8;21.35;18.08
2019-04-10;69;Rhône;7.95;17.4;12.68
2019-12-06;69;Rhône;-2.85;9.3;3.23
2021-03-18;69;Rhône;2.25;7.8;5.03
2019-04-13;69;Rhône;3.1;12.4;7.75
2022-04-14;69;Rhône;9.05;22.0;15.52
2019-12-11;69;Rhône;0.05;5.3;2.68
2019-04-16;69;Rhône;10.3;14.45;12.38
2019-12-12;69;Rhône;2.0;8.05;5.03
2019-04-17;69;Rhône;6.2;21.8;14.0
2021-08-28;69;Rhône;11.85;22.2;17.02
2019-12-14;69;Rhône;4.5;11.8;8.15
2019-04-19;69;Rhône;9.95;24.95;17.45
2021-03-26;69;Rhône;3.45;18.1;10.77
2021-08-30;69;Rhône;12.65;21.6;17.12
2019-04-20;69;Rhône;10.45;24.45;17.45
2019-04-24;69;Rhône;12.75;18.45;15.6
2019-12-20;69;Rhône;10.55;15.35;12.95
2019-12-22;69;Rhône;8.15;12.85;10.5
2021-09-06;69;Rhône;15.15;29.75;22.45
2020-02-06;69;Rhône;-0.85;6.95;3.05
2019-12-25;69;Rhône;0.8;10.65;5.72
2021-09-11;69;Rhône;15.95;25.45;20.7
2019-12-27;69;Rhône;5.9;10.75;8.32
2021-09-21;69;Rhône;14.05;20.3;17.17
2019-12-28;69;Rhône;6.4;8.3;7.35
2022-05-03;69;Rhône;9.85;21.85;15.85
2020-01-03;69;Rhône;0.6;10.25;5.42
2021-09-19;69;Rhône;13.75;18.05;15.9
2021-04-20;69;Rhône;3.6;18.75;11.18
2022-05-13;69;Rhône;13.35;24.4;18.88
2021-09-28;69;Rhône;11.5;19.85;15.68
2020-01-09;69;Rhône;2.2;14.05;8.12
2020-09-06;69;Rhône;15.5;22.7;19.1
2020-01-10;69;Rhône;8.05;12.75;10.4
2021-12-02;69;Rhône;2.55;6.8;4.68
2020-05-20;69;Rhône;14.45;27.1;20.78
2021-12-04;69;Rhône;2.15;10.1;6.12
2020-09-10;69;Rhône;15.35;29.3;22.32
2020-09-11;69;Rhône;16.5;28.9;22.7
2020-05-22;69;Rhône;14.95;30.65;22.8
2021-04-29;69;Rhône;10.45;16.15;13.3
2020-01-17;69;Rhône;7.05;11.05;9.05
2021-05-03;69;Rhône;2.7;17.25;9.98
2021-12-11;69;Rhône;1.8;6.3;4.05
2021-05-04;69;Rhône;6.6;20.65;13.62
2020-09-19;69;Rhône;19.35;30.35;24.85
2021-12-13;69;Rhône;1.3;5.65;3.47
2020-09-21;69;Rhône;17.4;24.2;20.8
2021-12-15;69;Rhône;0.4;2.4;1.4
2020-09-22;69;Rhône;16.75;24.55;20.65
2020-01-28;69;Rhône;5.75;11.35;8.55
2021-05-11;69;Rhône;9.85;16.2;13.02
2021-12-18;69;Rhône;1.25;3.85;2.55
2020-06-05;69;Rhône;13.25;18.0;15.62
2020-06-06;69;Rhône;15.25;24.6;19.92
2021-12-19;69;Rhône;-0.6;1.05;0.22
2021-12-20;69;Rhône;-0.95;1.4;0.22
2020-01-31;69;Rhône;8.0;16.85;12.42
2021-05-17;69;Rhône;10.2;18.05;14.12
2021-05-20;69;Rhône;8.0;19.6;13.8
2021-12-25;69;Rhône;6.1;12.05;9.07
2021-12-26;69;Rhône;5.45;10.3;7.88
2021-12-30;69;Rhône;10.5;15.45;12.98
2021-05-26;69;Rhône;8.55;22.15;15.35
2020-10-10;69;Rhône;10.8;15.65;13.23
2020-10-12;69;Rhône;7.75;14.05;10.9
2021-05-30;69;Rhône;11.7;23.95;17.82
2020-06-23;69;Rhône;15.35;29.4;22.38
2020-06-24;69;Rhône;17.9;33.05;25.48
2020-06-25;69;Rhône;20.5;32.65;26.58
2020-10-18;69;Rhône;5.25;13.8;9.52
2021-11-09;69;Rhône;3.15;7.35;5.25
2021-11-12;69;Rhône;3.6;8.05;5.82
2020-07-02;69;Rhône;19.7;27.05;23.38
2020-06-09;69;Rhône;12.2;14.25;13.22
2021-11-14;69;Rhône;7.75;12.05;9.9
2020-07-04;69;Rhône;13.4;26.85;20.12
2021-06-11;69;Rhône;16.3;29.35;22.83
2021-06-12;69;Rhône;17.7;29.35;23.52
2020-07-07;69;Rhône;13.55;26.0;19.78
2020-06-13;69;Rhône;12.9;21.4;17.15
2020-10-27;69;Rhône;7.35;15.0;11.18
2021-11-20;69;Rhône;4.0;7.6;5.8
2021-11-21;69;Rhône;3.65;6.1;4.88
2021-06-17;69;Rhône;23.0;30.1;26.55
2021-06-18;69;Rhône;20.6;31.95;26.28
2020-06-18;69;Rhône;12.15;23.4;17.77
2021-06-20;69;Rhône;16.8;29.0;22.9
2020-07-15;69;Rhône;17.8;22.95;20.38
2020-11-06;69;Rhône;4.15;18.4;11.28
2020-11-07;69;Rhône;11.5;17.5;14.5
2020-07-19;69;Rhône;15.15;30.7;22.92
2021-06-25;69;Rhône;12.9;22.2;17.55
2020-07-21;69;Rhône;21.15;35.05;28.1
2020-11-11;69;Rhône;8.85;12.7;10.77
2022-01-07;69;Rhône;-1.95;3.9;0.98
2020-07-25;69;Rhône;17.75;31.75;24.75
2020-07-01;69;Rhône;18.35;32.5;25.42
2020-07-27;69;Rhône;18.1;36.65;27.38
2020-11-16;69;Rhône;7.8;13.65;10.72
2020-11-18;69;Rhône;3.95;18.9;11.42
2021-07-07;69;Rhône;14.45;25.3;19.88
2020-07-06;69;Rhône;18.6;25.6;22.1
2021-07-08;69;Rhône;15.75;23.4;19.58
2020-08-03;69;Rhône;16.85;22.95;19.9
2020-05-18;69;Rhône;11.9;24.15;18.02
2020-11-22;69;Rhône;-2.25;4.2;0.97
2022-01-16;69;Rhône;-4.9;-0.8;-2.85
2020-08-05;69;Rhône;13.45;29.15;21.3
2020-07-10;69;Rhône;21.2;32.15;26.67
2020-07-11;69;Rhône;17.75;25.85;21.8
2020-05-23;69;Rhône;12.8;23.05;17.92
2020-11-27;69;Rhône;5.55;15.95;10.75
2020-07-13;69;Rhône;15.1;29.2;22.15
2022-01-23;69;Rhône;1.1;1.7;1.4
2020-05-26;69;Rhône;12.1;24.6;18.35
2020-11-30;69;Rhône;2.05;2.8;2.42
2020-07-17;69;Rhône;17.1;23.5;20.3
2020-07-20;69;Rhône;16.0;35.2;25.6
2020-12-06;69;Rhône;-0.2;6.25;3.02
2022-01-30;69;Rhône;1.45;8.85;5.15
2020-06-03;69;Rhône;15.8;25.55;20.68
2020-06-04;69;Rhône;14.9;21.6;18.25
2020-08-22;69;Rhône;19.75;28.4;24.08
2020-07-26;69;Rhône;21.2;31.15;26.18
2021-01-01;69;Rhône;1.9;3.55;2.72
2020-06-10;69;Rhône;12.95;19.2;16.08
2020-08-27;69;Rhône;15.05;30.95;23.0
2021-01-05;69;Rhône;-0.6;2.4;0.9
2021-01-09;69;Rhône;-2.95;-0.25;-1.6
2020-08-06;69;Rhône;15.0;32.1;23.55
2020-06-19;69;Rhône;14.0;23.35;18.68
2020-06-20;69;Rhône;12.5;25.2;18.85
2021-09-29;69;Rhône;13.45;22.15;17.8
2021-09-30;69;Rhône;8.75;18.75;13.75
2020-08-12;69;Rhône;22.85;33.85;28.35
2021-01-15;69;Rhône;1.25;6.2;3.72
2021-12-03;69;Rhône;-1.05;6.65;2.8
2021-12-06;69;Rhône;2.6;6.2;4.4
2020-06-27;69;Rhône;19.75;31.4;25.58
2020-08-16;69;Rhône;19.45;27.25;23.35
2021-12-08;69;Rhône;3.7;5.95;4.82
2020-08-18;69;Rhône;18.6;30.0;24.3
2021-12-10;69;Rhône;-0.05;8.4;4.18
2021-01-22;69;Rhône;4.75;12.1;8.43
2021-01-24;69;Rhône;0.3;6.75;3.52
2020-08-23;69;Rhône;17.6;25.95;21.78
2020-08-24;69;Rhône;13.3;26.55;19.92
2021-01-25;69;Rhône;0.0;5.95;2.98
2020-07-05;69;Rhône;16.85;30.15;23.5
2021-01-28;69;Rhône;4.15;11.2;7.68
2020-07-09;69;Rhône;16.05;35.15;25.6
2021-01-30;69;Rhône;5.2;8.3;6.75
2021-02-01;69;Rhône;8.8;11.7;10.25
2021-12-22;69;Rhône;-3.7;6.3;1.3
2020-12-28;69;Rhône;4.8;9.9;7.35
2021-02-02;69;Rhône;8.7;13.85;11.28
2021-12-24;69;Rhône;3.2;13.0;8.1
2021-01-02;69;Rhône;0.75;2.4;1.58
2020-07-22;69;Rhône;19.0;31.45;25.22
2021-02-10;69;Rhône;3.8;11.75;7.78
2021-02-11;69;Rhône;-1.3;2.85;0.77
2021-11-03;69;Rhône;8.15;13.5;10.82
2021-02-12;69;Rhône;-2.2;0.45;-0.88
2021-02-13;69;Rhône;-4.3;-1.05;-2.68
2021-01-10;69;Rhône;-4.35;0.75;-1.8
2021-02-14;69;Rhône;-5.75;7.35;0.8
2020-07-28;69;Rhône;23.0;33.35;28.18
2021-11-06;69;Rhône;5.6;9.4;7.5
2020-07-29;69;Rhône;20.25;31.45;25.85
2021-11-07;69;Rhône;4.35;10.5;7.43
2021-01-16;69;Rhône;-0.6;1.0;0.2
2020-08-04;69;Rhône;13.45;24.75;19.1
2021-01-21;69;Rhône;9.5;12.9;11.2
2021-01-23;69;Rhône;2.05;7.9;4.97
2020-08-10;69;Rhône;21.2;36.8;29.0
2021-03-02;69;Rhône;3.3;16.45;9.88
2021-03-05;69;Rhône;7.6;11.3;9.45
2021-11-23;69;Rhône;5.6;9.45;7.52
2021-11-25;69;Rhône;1.7;4.95;3.32
2021-03-09;69;Rhône;1.7;10.65;6.18
2021-11-27;69;Rhône;2.45;8.45;5.45
2020-08-21;69;Rhône;23.7;35.65;29.67
2021-03-11;69;Rhône;8.4;14.6;11.5
2020-08-26;69;Rhône;19.5;28.95;24.22
2022-01-02;69;Rhône;1.7;9.4;5.55
2021-02-09;69;Rhône;1.8;7.1;4.45
2022-01-04;69;Rhône;9.85;13.4;11.62
2022-01-09;69;Rhône;1.65;5.65;3.65
2021-03-20;69;Rhône;-0.1;8.1;4.0
2022-01-11;69;Rhône;0.6;3.35;1.98
2021-03-22;69;Rhône;3.05;10.1;6.57
2020-03-04;69;Rhône;3.65;11.2;7.43
2021-03-24;69;Rhône;1.1;17.85;9.48
2021-03-25;69;Rhône;2.3;17.75;10.02
2021-02-22;69;Rhône;8.3;19.55;13.92
2022-01-17;69;Rhône;-2.4;3.15;0.38
2021-02-24;69;Rhône;8.35;21.15;14.75
2020-03-11;69;Rhône;8.35;20.1;14.22
2021-02-26;69;Rhône;3.85;16.9;10.38
2021-03-31;69;Rhône;8.7;25.45;17.08
2022-01-22;69;Rhône;-1.05;6.1;2.53
2021-04-01;69;Rhône;8.35;24.75;16.55
2020-03-15;69;Rhône;2.3;17.3;9.8
2022-01-29;69;Rhône;-0.25;3.45;1.6
2022-02-01;69;Rhône;1.25;6.15;3.7
2020-03-24;69;Rhône;2.25;12.15;7.2
2022-05-17;69;Rhône;14.35;30.6;22.48
2020-03-25;69;Rhône;1.0;11.8;6.4
2022-05-19;69;Rhône;20.0;31.75;25.88
2021-03-13;69;Rhône;4.85;14.4;9.62
2021-03-14;69;Rhône;3.15;10.75;6.95
2022-05-21;69;Rhône;15.8;30.85;23.32
2022-05-22;69;Rhône;17.45;29.9;23.68
2021-03-16;69;Rhône;3.3;10.15;6.72
2021-04-17;69;Rhône;1.5;13.8;7.65
2021-03-19;69;Rhône;1.0;9.55;5.28
2021-03-21;69;Rhône;0.35;10.5;5.43
2022-05-28;69;Rhône;13.25;23.4;18.32
2020-04-09;69;Rhône;6.8;24.5;15.65
2020-03-01;69;Rhône;7.7;14.35;11.02
2020-04-14;69;Rhône;7.1;17.55;12.32
2020-03-06;69;Rhône;4.65;10.7;7.68
2021-05-06;69;Rhône;6.65;15.85;11.25
2022-06-11;69;Rhône;12.7;29.45;21.08
2021-05-07;69;Rhône;10.75;16.55;13.65
2021-05-09;69;Rhône;15.3;26.25;20.78
2020-04-22;69;Rhône;10.15;24.4;17.27
2022-06-15;69;Rhône;19.55;33.75;26.65
2020-03-14;69;Rhône;1.35;13.6;7.48
2022-06-18;69;Rhône;18.85;37.6;28.22
2020-03-16;69;Rhône;7.8;18.55;13.18
2021-05-15;69;Rhône;10.5;13.15;11.82
2020-03-18;69;Rhône;5.8;20.35;13.08
2022-06-22;69;Rhône;18.55;30.8;24.68
2020-03-20;69;Rhône;7.85;21.25;14.55
2021-05-19;69;Rhône;8.95;16.7;12.82
2022-06-25;69;Rhône;15.3;29.7;22.5
2020-03-23;69;Rhône;7.35;13.95;10.65
2021-05-22;69;Rhône;9.3;20.75;15.02
2021-05-23;69;Rhône;8.0;18.3;13.15
2021-05-25;69;Rhône;7.8;17.55;12.68
2020-03-28;69;Rhône;3.9;17.25;10.58
2020-05-08;69;Rhône;15.4;26.15;20.78
2021-05-27;69;Rhône;13.3;21.6;17.45
2022-07-01;69;Rhône;12.65;22.65;17.65
2021-05-28;69;Rhône;9.95;24.35;17.15
2020-03-30;69;Rhône;3.05;8.55;5.8
2020-03-31;69;Rhône;0.35;13.3;6.82
2020-05-13;69;Rhône;9.45;12.85;11.15
2022-07-07;69;Rhône;14.15;26.8;20.48
2020-05-14;69;Rhône;10.3;13.7;12.0
2021-06-04;69;Rhône;18.55;28.55;23.55
2020-04-06;69;Rhône;7.35;22.15;14.75
2021-06-05;69;Rhône;15.2;21.65;18.42
2021-06-08;69;Rhône;15.85;25.7;20.78
2021-06-10;69;Rhône;15.75;28.35;22.05
2021-07-13;69;Rhône;13.25;21.1;17.17
2022-07-18;69;Rhône;17.35;36.05;26.7
2021-06-16;69;Rhône;17.75;33.55;25.65
2020-04-18;69;Rhône;12.05;24.4;18.23
2022-07-21;69;Rhône;18.25;31.95;25.1
2020-04-19;69;Rhône;12.05;18.0;15.02
2022-07-24;69;Rhône;17.75;34.45;26.1
2021-06-21;69;Rhône;16.4;28.6;22.5
2021-06-22;69;Rhône;15.75;25.15;20.45
2020-04-23;69;Rhône;12.25;24.9;18.58
2020-04-24;69;Rhône;11.2;25.9;18.55
2021-07-26;69;Rhône;18.25;27.2;22.72
2021-07-27;69;Rhône;16.5;28.25;22.38
2022-07-28;69;Rhône;15.6;32.5;24.05
2021-06-26;69;Rhône;12.3;27.55;19.92
2021-07-29;69;Rhône;17.05;27.75;22.4
2021-06-29;69;Rhône;17.15;24.3;20.72
2020-04-30;69;Rhône;12.8;16.95;14.88
2021-07-09;69;Rhône;12.55;25.45;19.0
2020-05-01;69;Rhône;9.6;14.7;12.15
2021-07-10;69;Rhône;13.8;27.9;20.85
2021-07-01;69;Rhône;14.45;25.6;20.02
2020-05-02;69;Rhône;11.5;17.4;14.45
2020-05-04;69;Rhône;10.8;26.15;18.48
2021-07-04;69;Rhône;16.65;24.8;20.72
2021-07-06;69;Rhône;14.35;20.3;17.32
2021-07-16;69;Rhône;16.15;24.15;20.15
2021-07-17;69;Rhône;17.25;25.35;21.3
2020-12-12;69;Rhône;6.85;9.55;8.2
2021-07-18;69;Rhône;18.05;28.7;23.38
2021-10-10;69;Rhône;6.85;15.95;11.4
2020-12-14;69;Rhône;2.2;13.6;7.9
2020-12-20;69;Rhône;8.15;10.7;9.43
2021-10-16;69;Rhône;4.45;15.0;9.73
2021-07-25;69;Rhône;18.85;28.15;23.5
2020-02-11;69;Rhône;8.65;12.45;10.55
2020-12-23;69;Rhône;6.45;14.55;10.5
2021-07-30;69;Rhône;17.6;26.9;22.25
2021-10-21;69;Rhône;13.4;19.45;16.42
2021-10-23;69;Rhône;2.6;13.75;8.18
2021-10-02;69;Rhône;13.0;24.3;18.65
2021-10-29;69;Rhône;8.75;19.65;14.2
2021-09-24;69;Rhône;12.15;25.5;18.83
2020-02-22;69;Rhône;-0.3;15.7;7.7
2022-01-06;69;Rhône;1.75;5.4;3.58
2020-02-24;69;Rhône;5.1;19.9;12.5
2021-08-04;69;Rhône;16.15;20.3;18.23
2021-10-11;69;Rhône;5.1;16.9;11.0
2020-02-27;69;Rhône;1.15;10.45;5.8
2021-10-12;69;Rhône;9.3;15.95;12.62
2019-11-06;69;Rhône;8.7;12.95;10.82
2019-11-07;69;Rhône;6.5;10.5;8.5
2021-10-15;69;Rhône;3.5;18.5;11.0
2021-08-10;69;Rhône;14.6;29.8;22.2
2020-12-18;69;Rhône;7.6;13.9;10.75
2021-10-20;69;Rhône;16.3;20.05;18.18
2019-11-14;69;Rhône;0.4;6.65;3.53
2020-12-19;69;Rhône;5.6;14.4;10.0
2020-05-27;69;Rhône;11.3;24.85;18.08
2019-11-19;69;Rhône;1.3;7.55;4.43
2020-05-30;69;Rhône;11.85;24.85;18.35
2020-05-31;69;Rhône;12.1;25.9;19.0
2018-09-03;69;Rhône;12.75;25.1;18.92
2020-12-25;69;Rhône;2.6;4.6;3.6
2019-11-23;69;Rhône;9.0;11.2;10.1
2020-06-07;69;Rhône;11.7;19.9;15.8
2018-09-12;69;Rhône;17.5;32.3;24.9
2018-09-15;69;Rhône;14.0;25.85;19.92
2018-09-05;69;Rhône;14.4;30.6;22.5
2020-06-14;69;Rhône;13.55;23.0;18.27
2020-06-15;69;Rhône;13.4;24.05;18.72
2021-08-12;69;Rhône;19.0;33.35;26.18
2020-06-16;69;Rhône;12.9;23.95;18.42
2018-09-08;69;Rhône;10.95;26.8;18.88
2019-12-08;69;Rhône;5.75;13.9;9.82
2018-09-11;69;Rhône;15.05;32.55;23.8
2018-09-24;69;Rhône;10.95;18.1;14.52
2018-09-13;69;Rhône;17.7;31.0;24.35
2020-06-22;69;Rhône;18.0;25.95;21.98
2021-08-20;69;Rhône;12.8;26.55;19.67
2019-12-15;69;Rhône;9.35;16.4;12.88
2018-09-28;69;Rhône;10.9;26.9;18.9
2019-12-16;69;Rhône;10.75;15.75;13.25
2021-08-23;69;Rhône;16.1;24.4;20.25
2019-12-18;69;Rhône;12.0;18.0;15.0
2020-06-28;69;Rhône;20.55;29.85;25.2
2021-08-25;69;Rhône;13.4;24.55;18.98
2018-10-05;69;Rhône;8.6;26.8;17.7
2021-08-26;69;Rhône;14.05;24.9;19.48
2020-06-30;69;Rhône;14.55;29.05;21.8
2021-08-27;69;Rhône;12.9;22.25;17.58
2018-10-06;69;Rhône;13.25;25.0;19.12
2018-09-25;69;Rhône;7.15;19.55;13.35
2018-09-27;69;Rhône;11.15;28.45;19.8
2020-07-08;69;Rhône;13.1;29.65;21.38
2019-12-29;69;Rhône;2.05;4.3;3.18
2021-09-03;69;Rhône;17.7;26.75;22.22
2019-12-30;69;Rhône;0.7;8.1;4.4
2019-12-31;69;Rhône;-1.75;3.6;0.92
2018-10-02;69;Rhône;6.95;15.95;11.45
2020-01-02;69;Rhône;-0.95;5.65;2.35
2021-09-08;69;Rhône;19.15;30.35;24.75
2020-07-12;69;Rhône;14.05;28.65;21.35
2018-10-20;69;Rhône;9.0;17.95;13.48
2020-01-05;69;Rhône;-0.55;6.95;3.2
2018-10-07;69;Rhône;11.8;14.75;13.27
2020-01-06;69;Rhône;-2.95;10.15;3.6
2020-01-07;69;Rhône;0.0;8.8;4.4
2020-07-16;69;Rhône;16.7;24.4;20.55
2020-01-08;69;Rhône;2.85;9.75;6.3
2018-10-23;69;Rhône;7.05;16.95;12.0
2020-07-18;69;Rhône;15.2;28.65;21.92
2018-10-10;69;Rhône;11.8;18.65;15.22
2021-09-15;69;Rhône;18.75;27.75;23.25
2018-10-13;69;Rhône;15.35;26.05;20.7
2020-01-13;69;Rhône;-0.25;9.0;4.38
2018-10-15;69;Rhône;12.75;24.0;18.38
2020-01-14;69;Rhône;6.95;12.9;9.92
2018-10-18;69;Rhône;9.75;21.65;15.7
2020-01-18;69;Rhône;0.95;8.6;4.78
2018-11-07;69;Rhône;7.25;14.8;11.02
2020-08-01;69;Rhône;19.4;36.2;27.8
2018-11-08;69;Rhône;7.9;12.7;10.3
2020-01-24;69;Rhône;-2.0;7.65;2.82
2018-10-26;69;Rhône;10.3;16.2;13.25
2020-01-25;69;Rhône;1.1;12.25;6.68
2018-11-11;69;Rhône;12.7;18.65;15.68
2018-10-29;69;Rhône;4.65;5.15;4.9
2020-08-08;69;Rhône;19.3;36.8;28.05
2020-01-30;69;Rhône;1.55;9.5;5.52
2018-11-02;69;Rhône;4.75;14.35;9.55
2020-02-02;69;Rhône;9.35;13.1;11.22
2020-08-11;69;Rhône;20.95;36.2;28.58
2020-08-14;69;Rhône;19.35;28.7;24.02
2021-03-28;69;Rhône;1.0;17.5;9.25
2020-08-15;69;Rhône;18.3;31.55;24.92
2018-11-09;69;Rhône;9.05;18.2;13.62
2021-03-29;69;Rhône;3.65;22.1;12.88
2020-08-19;69;Rhône;17.55;33.0;25.28
2021-04-02;69;Rhône;7.25;22.25;14.75
2018-11-18;69;Rhône;3.45;6.55;5.0
2019-07-10;69;Rhône;15.25;27.55;21.4
2019-07-11;69;Rhône;15.25;26.65;20.95
2021-04-09;69;Rhône;8.1;15.35;11.72
2020-08-28;69;Rhône;15.4;21.45;18.42
2021-04-10;69;Rhône;9.1;15.55;12.32
2020-08-29;69;Rhône;14.85;21.9;18.38
2018-11-28;69;Rhône;0.15;11.3;5.72
2021-04-15;69;Rhône;0.5;11.95;6.22
2021-04-16;69;Rhône;1.05;10.95;6.0
2019-10-27;69;Rhône;11.1;21.9;16.5
2019-07-20;69;Rhône;21.5;31.75;26.62
2021-04-19;69;Rhône;3.6;16.75;10.18
2019-10-29;69;Rhône;12.15;15.7;13.92
2019-07-23;69;Rhône;21.1;38.6;29.85
2021-04-21;69;Rhône;9.1;16.25;12.68
2018-12-05;69;Rhône;2.75;13.35;8.05
2019-11-01;69;Rhône;10.25;14.9;12.58
2021-04-23;69;Rhône;6.4;21.25;13.82
2019-07-26;69;Rhône;24.9;36.75;30.82
2018-12-06;69;Rhône;7.15;14.05;10.6
2021-04-24;69;Rhône;6.6;24.5;15.55
2021-04-25;69;Rhône;9.2;23.0;16.1
2019-11-04;69;Rhône;9.95;15.05;12.5
2019-07-29;69;Rhône;13.65;28.0;20.82
2018-12-10;69;Rhône;6.35;9.5;7.92
2018-12-11;69;Rhône;3.3;8.7;6.0
2019-08-01;69;Rhône;13.9;27.4;20.65
2019-08-02;69;Rhône;18.1;29.75;23.92
2019-11-11;69;Rhône;1.5;10.9;6.2
2021-05-02;69;Rhône;7.05;15.45;11.25
2019-11-12;69;Rhône;2.2;11.75;6.98
2019-11-13;69;Rhône;3.1;9.4;6.25
2019-08-06;69;Rhône;21.85;33.3;27.58
2019-11-15;69;Rhône;0.25;5.75;3.0
2019-11-21;69;Rhône;2.1;11.25;6.68
2019-08-14;69;Rhône;12.4;25.1;18.75
2021-05-16;69;Rhône;11.75;20.35;16.05
2019-11-28;69;Rhône;9.95;14.65;12.3
2019-08-22;69;Rhône;13.6;24.75;19.18
2019-05-13;69;Rhône;7.65;18.7;13.18
2019-12-04;69;Rhône;-4.15;4.05;-0.05
2021-05-29;69;Rhône;14.35;24.2;19.28
2019-12-09;69;Rhône;6.9;10.2;8.55
2019-12-10;69;Rhône;2.05;7.45;4.75
2019-09-02;69;Rhône;17.15;24.0;20.58
2019-05-25;69;Rhône;15.0;24.4;19.7
2019-05-26;69;Rhône;13.75;23.45;18.6
2019-09-03;69;Rhône;12.6;25.8;19.2
2019-05-27;69;Rhône;13.8;21.0;17.4
2019-12-13;69;Rhône;3.85;10.7;7.28
2021-06-06;69;Rhône;15.55;21.55;18.55
2019-09-10;69;Rhône;10.75;21.25;16.0
2021-06-09;69;Rhône;16.35;26.95;21.65
2019-06-07;69;Rhône;14.05;26.65;20.35
2019-12-24;69;Rhône;4.6;10.7;7.65
2021-06-15;69;Rhône;18.6;31.1;24.85
2019-12-26;69;Rhône;2.1;7.6;4.85
2019-09-21;69;Rhône;15.35;28.55;21.95
2021-06-19;69;Rhône;21.0;30.7;25.85
2019-09-24;69;Rhône;11.4;20.6;16.0
2019-09-25;69;Rhône;14.9;21.0;17.95
2021-06-23;69;Rhône;15.4;25.3;20.35
2021-06-24;69;Rhône;15.4;21.0;18.2
2019-09-27;69;Rhône;13.25;26.7;19.98
2020-01-04;69;Rhône;5.0;8.8;6.9
2019-10-03;69;Rhône;7.25;16.5;11.88
2021-07-02;69;Rhône;13.85;27.7;20.78
2020-01-11;69;Rhône;5.4;7.55;6.48
2019-10-08;69;Rhône;7.6;23.3;15.45
2019-10-09;69;Rhône;11.9;18.45;15.18
2020-01-16;69;Rhône;4.6;13.65;9.12
2019-10-11;69;Rhône;7.2;23.3;15.25
2019-07-12;69;Rhône;16.1;30.55;23.33
2020-01-21;69;Rhône;-1.55;5.65;2.05
2019-10-15;69;Rhône;11.3;15.2;13.25
2020-01-22;69;Rhône;-2.65;4.4;0.88
2019-07-15;69;Rhône;15.05;26.5;20.78
2020-01-23;69;Rhône;-3.05;0.55;-1.25
2019-04-04;69;Rhône;3.5;9.3;6.4
2019-10-18;69;Rhône;14.8;18.95;16.88
2019-04-06;69;Rhône;6.65;14.15;10.4
2019-10-20;69;Rhône;14.3;23.95;19.12
2019-07-21;69;Rhône;20.3;32.35;26.32
2019-04-07;69;Rhône;7.8;13.65;10.73
2019-10-21;69;Rhône;12.25;14.7;13.48
2020-01-29;69;Rhône;4.9;10.45;7.68
2019-10-22;69;Rhône;11.8;14.55;13.18
2020-02-01;69;Rhône;6.6;15.0;10.8
2018-12-14;69;Rhône;-1.1;1.05;-0.02
2019-04-18;69;Rhône;10.3;22.8;16.55
2019-08-03;69;Rhône;17.2;29.4;23.3
2019-04-21;69;Rhône;11.65;22.0;16.83
2018-12-25;69;Rhône;2.4;4.7;3.55
2020-09-08;69;Rhône;11.45;26.5;18.98
2019-04-22;69;Rhône;11.85;24.9;18.38
2018-12-28;69;Rhône;-0.65;4.75;2.05
2019-04-23;69;Rhône;13.35;21.75;17.55
2018-12-29;69;Rhône;1.9;3.25;2.58
2020-09-15;69;Rhône;20.3;33.0;26.65
2019-04-26;69;Rhône;4.9;17.45;11.18
2019-08-11;69;Rhône;15.8;26.8;21.3
2019-04-27;69;Rhône;9.8;15.3;12.55
2020-09-16;69;Rhône;18.35;32.8;25.58
2019-08-15;69;Rhône;16.0;25.5;20.75
2019-06-13;69;Rhône;9.6;26.85;18.23
2019-01-05;69;Rhône;0.45;4.05;2.25
2019-06-15;69;Rhône;14.2;22.65;18.42
2019-06-16;69;Rhône;11.9;23.65;17.77
2019-06-18;69;Rhône;15.75;30.55;23.15
2019-08-20;69;Rhône;15.7;17.15;16.42
2019-06-20;69;Rhône;17.7;25.3;21.5
2019-01-12;69;Rhône;0.7;5.65;3.18
2019-06-22;69;Rhône;14.85;24.9;19.88
2019-08-24;69;Rhône;15.15;31.6;23.38
2020-09-30;69;Rhône;7.9;21.0;14.45
2019-01-20;69;Rhône;-1.3;8.75;3.72
2019-09-01;69;Rhône;19.45;24.55;22.0
2020-10-06;69;Rhône;11.65;16.1;13.88
2019-07-02;69;Rhône;19.9;29.45;24.67
2020-10-11;69;Rhône;6.1;13.2;9.65
2019-01-29;69;Rhône;-1.55;6.6;2.53
2019-07-08;69;Rhône;18.4;31.2;24.8
2020-10-14;69;Rhône;8.3;13.3;10.8
2019-07-09;69;Rhône;16.45;27.25;21.85
2019-02-01;69;Rhône;5.25;6.6;5.93
2018-12-17;69;Rhône;4.45;10.0;7.22
2019-02-04;69;Rhône;-1.3;5.15;1.93
2020-10-21;69;Rhône;16.65;21.45;19.05
2019-09-14;69;Rhône;14.7;29.65;22.18
2019-09-15;69;Rhône;15.75;32.85;24.3
2019-09-16;69;Rhône;16.9;32.2;24.55
2018-12-19;69;Rhône;6.35;10.3;8.32
2018-12-20;69;Rhône;2.8;9.25;6.02
2019-09-17;69;Rhône;17.1;28.8;22.95
2019-09-18;69;Rhône;14.55;23.1;18.82
2019-09-19;69;Rhône;10.95;22.75;16.85
2019-02-10;69;Rhône;8.3;11.95;10.12
2020-10-26;69;Rhône;7.25;13.4;10.32
2018-12-24;69;Rhône;7.95;13.1;10.52
2019-02-13;69;Rhône;0.5;9.5;5.0
2018-12-26;69;Rhône;0.7;4.95;2.82
2019-02-16;69;Rhône;0.5;19.35;9.93
2020-11-01;69;Rhône;8.2;20.95;14.58
2019-09-28;69;Rhône;16.65;22.4;19.52
2019-09-29;69;Rhône;10.1;27.5;18.8
2019-01-02;69;Rhône;3.55;6.55;5.05
2019-09-30;69;Rhône;15.35;23.25;19.3
2019-01-03;69;Rhône;-0.45;4.5;2.03
2019-02-23;69;Rhône;2.6;13.6;8.1
2020-11-10;69;Rhône;6.75;14.9;10.82
2019-10-06;69;Rhône;12.95;19.15;16.05
2020-11-13;69;Rhône;7.4;16.7;12.05
2019-01-11;69;Rhône;-0.45;3.65;1.6
2020-11-17;69;Rhône;4.1;13.9;9.0
2019-01-13;69;Rhône;3.75;8.45;6.1
2019-01-14;69;Rhône;5.75;8.25;7.0
2020-11-20;69;Rhône;6.35;9.85;8.1
2019-10-16;69;Rhône;7.3;19.35;13.32
2019-03-11;69;Rhône;5.0;10.7;7.85
2019-03-12;69;Rhône;-1.15;15.2;7.02
2019-10-19;69;Rhône;15.2;19.7;17.45
2020-11-29;69;Rhône;-1.25;3.3;1.02
2019-01-24;69;Rhône;-0.2;1.65;0.73
2019-03-20;69;Rhône;1.7;14.2;7.95
2021-07-12;69;Rhône;17.4;27.7;22.55
2019-03-24;69;Rhône;4.25;19.85;12.05
2020-12-09;69;Rhône;1.55;5.0;3.28
2021-07-20;69;Rhône;17.65;29.75;23.7
2019-02-05;69;Rhône;-2.45;7.15;2.35
2021-07-23;69;Rhône;17.3;32.9;25.1
2019-02-08;69;Rhône;-0.1;9.8;4.85
2020-02-14;69;Rhône;6.85;11.6;9.23
2021-07-24;69;Rhône;20.45;29.5;24.98
2018-09-09;69;Rhône;11.95;30.4;21.18
2018-09-14;69;Rhône;17.95;25.6;21.78
2020-02-20;69;Rhône;1.35;15.3;8.32
2018-09-17;69;Rhône;16.0;31.2;23.6
2020-02-23;69;Rhône;1.75;21.1;11.42
2021-10-03;69;Rhône;13.2;21.95;17.58
2021-10-04;69;Rhône;10.6;12.45;11.52
2019-02-22;69;Rhône;2.5;17.15;9.82
2021-10-08;69;Rhône;8.85;15.65;12.25
2018-09-23;69;Rhône;17.7;31.75;24.72
2020-03-02;69;Rhône;6.7;9.85;8.28
2019-02-26;69;Rhône;1.2;17.3;9.25
2019-03-01;69;Rhône;8.3;12.55;10.42
2018-09-29;69;Rhône;11.95;21.6;16.77
2020-03-07;69;Rhône;4.1;9.35;6.72
2020-03-08;69;Rhône;0.35;14.5;7.42
2019-03-09;69;Rhône;8.7;13.85;11.28
2018-10-08;69;Rhône;13.55;18.15;15.85
2018-10-09;69;Rhône;11.6;18.0;14.8
2021-10-25;69;Rhône;6.15;20.05;13.1
2020-03-19;69;Rhône;7.1;22.2;14.65
2018-10-14;69;Rhône;15.4;23.65;19.52
2021-08-01;69;Rhône;14.2;22.55;18.38
2018-10-17;69;Rhône;10.45;23.0;16.73
2019-03-19;69;Rhône;2.0;12.0;7.0
2019-03-21;69;Rhône;0.65;14.95;7.8
2018-10-21;69;Rhône;7.8;14.2;11.0
2021-08-06;69;Rhône;17.95;26.15;22.05
2019-03-23;69;Rhône;3.2;21.05;12.12
2018-10-22;69;Rhône;4.1;17.05;10.58
2021-08-08;69;Rhône;12.9;24.9;18.9
2019-03-26;69;Rhône;3.9;13.1;8.5
2019-03-27;69;Rhône;2.55;14.5;8.52
2018-10-25;69;Rhône;11.0;13.2;12.1
2019-03-28;69;Rhône;3.5;15.25;9.38
2020-04-02;69;Rhône;2.85;16.3;9.57
2022-02-03;69;Rhône;4.1;11.5;7.8
2020-04-04;69;Rhône;2.25;19.45;10.85
2018-10-30;69;Rhône;1.05;10.75;5.9
2021-08-14;69;Rhône;20.65;34.55;27.6
2022-02-06;69;Rhône;-1.25;9.25;4.0
2021-09-25;69;Rhône;14.7;26.9;20.8
2018-11-01;69;Rhône;8.85;12.45;10.65
2021-09-26;69;Rhône;16.15;24.95;20.55
2020-04-08;69;Rhône;7.75;23.7;15.72
2018-11-04;69;Rhône;4.05;11.05;7.55
2022-02-11;69;Rhône;4.65;8.45;6.55
2018-11-05;69;Rhône;4.8;19.0;11.9
2022-02-12;69;Rhône;-3.35;10.5;3.58
2021-08-24;69;Rhône;16.05;23.15;19.6
2020-04-13;69;Rhône;8.3;20.75;14.52
2020-04-15;69;Rhône;3.05;23.7;13.38
2022-02-17;69;Rhône;7.85;17.05;12.45
2020-04-17;69;Rhône;11.3;22.7;17.0
2018-11-14;69;Rhône;9.55;16.45;13.0
2018-11-15;69;Rhône;7.75;18.3;13.02
2018-11-19;69;Rhône;1.35;2.5;1.93
2022-02-23;69;Rhône;6.9;15.4;11.15
2020-04-25;69;Rhône;12.95;24.8;18.88
2021-09-04;69;Rhône;17.7;27.65;22.68
2021-09-05;69;Rhône;15.05;29.05;22.05
2020-04-27;69;Rhône;10.05;23.1;16.58
2020-04-29;69;Rhône;9.4;19.35;14.38
2021-12-16;69;Rhône;1.5;3.7;2.6
2021-12-17;69;Rhône;1.2;7.2;4.2
2022-03-03;69;Rhône;2.35;14.95;8.65
2018-11-26;69;Rhône;3.05;7.25;5.15
2022-03-05;69;Rhône;-1.6;11.2;4.8
2021-12-21;69;Rhône;-0.25;4.0;1.88
2021-09-14;69;Rhône;21.4;26.8;24.1
2018-11-30;69;Rhône;7.55;9.6;8.57
2020-05-06;69;Rhône;11.65;20.85;16.25
2021-09-16;69;Rhône;16.7;24.45;20.58
2018-12-02;69;Rhône;6.45;11.1;8.78
2020-05-07;69;Rhône;10.0;25.1;17.55
2022-03-09;69;Rhône;1.2;14.95;8.07
2018-12-03;69;Rhône;9.65;15.5;12.58
2022-03-11;69;Rhône;9.1;15.9;12.5
2018-12-04;69;Rhône;8.85;14.9;11.88
2021-12-29;69;Rhône;8.7;13.1;10.9
2022-03-13;69;Rhône;8.35;13.95;11.15
2020-05-19;69;Rhône;14.2;25.9;20.05
2022-03-14;69;Rhône;2.3;12.5;7.4
2020-05-21;69;Rhône;14.15;28.15;21.15
2021-11-02;69;Rhône;8.9;14.4;11.65
2022-03-17;69;Rhône;7.5;13.7;10.6
2022-03-19;69;Rhône;3.0;15.2;9.1
2020-05-24;69;Rhône;7.65;21.15;14.4
2018-12-12;69;Rhône;-2.5;0.2;-1.15
2020-05-25;69;Rhône;10.55;23.85;17.2
2020-05-28;69;Rhône;11.85;26.15;19.0
2019-04-30;69;Rhône;5.45;18.4;11.92
2019-07-30;69;Rhône;16.9;26.2;21.55
2021-11-11;69;Rhône;3.3;8.8;6.05
2019-07-31;69;Rhône;17.2;24.95;21.08
2019-05-02;69;Rhône;8.35;18.1;13.22
2020-05-29;69;Rhône;13.0;25.25;19.12
2020-06-01;69;Rhône;14.55;27.45;21.0
2020-06-02;69;Rhône;16.2;28.65;22.42
2019-05-05;69;Rhône;3.5;10.5;7.0
2019-08-04;69;Rhône;16.05;32.15;24.1
2019-05-08;69;Rhône;10.2;15.4;12.8
2022-04-02;69;Rhône;0.1;3.5;1.8
2019-08-08;69;Rhône;17.8;30.45;24.12
2022-04-03;69;Rhône;0.5;6.4;3.45
2020-06-08;69;Rhône;10.95;20.15;15.55
2022-04-04;69;Rhône;-1.2;10.55;4.68
2020-06-11;69;Rhône;11.15;23.85;17.5
2022-04-06;69;Rhône;7.25;15.4;11.32
2020-06-12;69;Rhône;15.25;20.8;18.02
2019-08-12;69;Rhône;14.55;23.7;19.12
2019-08-13;69;Rhône;14.25;22.65;18.45
2019-05-15;69;Rhône;7.5;17.55;12.52
2022-04-10;69;Rhône;-0.65;14.6;6.98
2019-08-16;69;Rhône;12.9;26.15;19.53
2021-11-28;69;Rhône;0.85;4.8;2.82
2020-06-17;69;Rhône;13.75;21.85;17.8
2019-08-18;69;Rhône;21.35;31.25;26.3
2021-11-29;69;Rhône;1.5;3.7;2.6
2022-04-13;69;Rhône;9.7;20.75;15.23
2022-01-01;69;Rhône;1.6;10.0;5.8
2019-05-21;69;Rhône;12.65;20.35;16.5
2020-06-21;69;Rhône;13.55;26.15;19.85
2022-01-05;69;Rhône;2.65;5.35;4.0
2019-08-23;69;Rhône;14.2;26.95;20.58
2019-04-29;69;Rhône;5.8;14.05;9.93
2022-04-19;69;Rhône;5.85;20.85;13.35
2019-08-25;69;Rhône;16.4;31.3;23.85
2019-08-26;69;Rhône;15.95;31.8;23.88
2020-06-26;69;Rhône;18.8;30.4;24.6
2019-08-27;69;Rhône;19.0;29.8;24.4
2019-05-03;69;Rhône;9.0;17.45;13.22
2019-08-29;69;Rhône;18.75;28.95;23.85
2020-06-29;69;Rhône;18.0;27.15;22.58
2019-05-07;69;Rhône;2.65;20.85;11.75
2020-07-03;69;Rhône;15.55;24.7;20.12
2019-05-09;69;Rhône;8.65;17.7;13.18
2019-06-04;69;Rhône;17.0;29.55;23.28
2022-04-27;69;Rhône;5.25;19.85;12.55
2019-05-10;69;Rhône;10.3;21.0;15.65
2022-04-29;69;Rhône;8.15;22.15;15.15
2019-05-16;69;Rhône;5.6;18.6;12.1
2019-09-09;69;Rhône;7.45;19.05;13.25
2019-09-11;69;Rhône;10.55;23.45;17.0
2019-06-11;69;Rhône;12.0;14.65;13.32
2019-05-20;69;Rhône;12.9;17.8;15.35
2019-09-13;69;Rhône;11.7;28.45;20.08
2020-07-14;69;Rhône;15.05;29.0;22.02
2022-05-08;69;Rhône;12.2;22.6;17.4
2019-06-17;69;Rhône;13.2;27.35;20.27
2022-05-11;69;Rhône;16.0;28.95;22.48
2019-06-21;69;Rhône;16.65;24.1;20.38
2019-09-22;69;Rhône;15.8;27.1;21.45
2020-07-23;69;Rhône;17.2;31.1;24.15
2022-05-15;69;Rhône;12.7;29.2;20.95
2019-05-29;69;Rhône;10.5;19.55;15.02
2020-07-24;69;Rhône;19.75;30.85;25.3
2021-03-27;69;Rhône;7.25;13.2;10.22
2019-06-02;69;Rhône;16.75;31.4;24.08
2020-07-30;69;Rhône;19.45;37.25;28.35
2020-07-31;69;Rhône;22.85;39.5;31.18
2019-06-30;69;Rhône;25.35;36.55;30.95
2020-08-02;69;Rhône;19.9;26.45;23.17
2019-10-04;69;Rhône;6.35;17.7;12.02
2019-07-05;69;Rhône;19.25;34.9;27.08
2021-04-06;69;Rhône;0.8;7.6;4.2
2019-06-12;69;Rhône;10.6;22.6;16.6
2019-07-06;69;Rhône;21.75;33.25;27.5
2021-04-07;69;Rhône;-0.5;7.8;3.65
2020-08-07;69;Rhône;17.65;35.75;26.7
2019-10-10;69;Rhône;9.15;18.3;13.72
2021-04-08;69;Rhône;-2.65;16.25;6.8
2020-08-09;69;Rhône;20.1;36.85;28.48
2019-10-13;69;Rhône;18.0;25.1;21.55
2021-04-11;69;Rhône;8.75;16.15;12.45
2021-04-12;69;Rhône;4.0;10.45;7.22
2021-04-14;69;Rhône;0.1;12.55;6.32
2020-08-13;69;Rhône;21.55;30.75;26.15
2020-08-17;69;Rhône;18.05;28.75;23.4
2021-04-18;69;Rhône;4.6;12.6;8.6
2019-06-24;69;Rhône;17.65;32.0;24.83
2019-06-25;69;Rhône;20.85;34.6;27.72
2020-08-20;69;Rhône;22.55;33.55;28.05
2019-05-01;69;Rhône;7.05;20.0;13.52
2021-04-22;69;Rhône;6.95;20.7;13.82
2019-06-28;69;Rhône;23.95;34.95;29.45
2019-05-04;69;Rhône;4.4;14.4;9.4
2019-07-01;69;Rhône;22.15;34.8;28.48
2019-10-25;69;Rhône;9.0;18.15;13.58
2020-08-25;69;Rhône;14.0;33.25;23.62
2021-04-27;69;Rhône;11.4;22.0;16.7
2019-07-04;69;Rhône;19.7;31.4;25.55
2021-04-28;69;Rhône;13.1;17.35;15.22
2019-05-11;69;Rhône;12.85;18.2;15.52
2021-04-30;69;Rhône;8.0;10.95;9.48
2019-11-02;69;Rhône;12.9;18.65;15.78
2019-11-03;69;Rhône;11.35;14.2;12.77
2021-05-05;69;Rhône;8.9;16.45;12.68
2019-05-18;69;Rhône;9.9;19.7;14.8
2019-05-19;69;Rhône;11.3;17.8;14.55
2021-05-08;69;Rhône;7.3;25.2;16.25
2021-05-12;69;Rhône;7.1;18.65;12.88
2020-12-24;69;Rhône;7.65;10.7;9.18
2019-05-24;69;Rhône;12.45;24.9;18.68
2021-05-14;69;Rhône;9.4;17.3;13.35
2020-12-27;69;Rhône;-2.35;7.95;2.8
2019-05-28;69;Rhône;12.75;18.25;15.5
2020-12-30;69;Rhône;0.85;5.1;2.97
2021-05-18;69;Rhône;7.9;16.05;11.98
2019-05-30;69;Rhône;8.45;22.9;15.68
2019-05-31;69;Rhône;12.0;26.1;19.05
2019-06-01;69;Rhône;13.9;29.4;21.65
2021-01-03;69;Rhône;0.5;1.8;1.15
2019-06-03;69;Rhône;17.6;27.95;22.78
2021-01-04;69;Rhône;-1.3;1.35;0.03
2019-11-24;69;Rhône;8.65;10.1;9.38
2019-11-25;69;Rhône;6.1;11.45;8.77
2021-05-24;69;Rhône;10.3;19.95;15.12
2019-06-06;69;Rhône;10.5;20.95;15.73
2019-11-29;69;Rhône;8.1;12.0;10.05
2019-06-09;69;Rhône;13.1;15.75;14.42
2019-06-10;69;Rhône;13.05;16.5;14.77
2021-01-12;69;Rhône;-5.3;3.9;-0.7
2019-12-01;69;Rhône;5.85;9.05;7.45
2019-12-02;69;Rhône;3.65;6.1;4.88
2019-06-14;69;Rhône;14.95;22.45;18.7
2019-03-29;69;Rhône;3.2;19.7;11.45
2019-06-19;69;Rhône;18.55;30.15;24.35
2019-03-31;69;Rhône;4.45;20.95;12.7
2019-04-03;69;Rhône;3.7;11.0;7.35
2021-01-26;69;Rhône;-2.55;5.45;1.45
2021-06-14;69;Rhône;15.85;31.0;23.42
2019-12-17;69;Rhône;11.9;18.3;15.1
2019-04-09;69;Rhône;3.95;17.4;10.68
2019-12-19;69;Rhône;9.2;17.3;13.25
2021-02-05;69;Rhône;5.7;15.35;10.52
2019-12-23;69;Rhône;6.25;10.55;8.4
2019-04-15;69;Rhône;0.4;18.2;9.3
2019-07-07;69;Rhône;18.75;31.4;25.08
2021-06-27;69;Rhône;18.55;30.05;24.3
2021-06-30;69;Rhône;12.3;23.15;17.73
2020-01-01;69;Rhône;-0.9;0.55;-0.18
2021-02-16;69;Rhône;5.9;12.0;8.95
2021-07-03;69;Rhône;19.5;22.9;21.2
2021-07-05;69;Rhône;17.7;29.4;23.55
2019-04-02;69;Rhône;6.15;19.8;12.98
2021-02-19;69;Rhône;9.55;15.7;12.62
2021-02-20;69;Rhône;10.3;16.85;13.58
2021-02-21;69;Rhône;8.0;18.65;13.32
2019-04-08;69;Rhône;7.0;15.55;11.28
2020-01-12;69;Rhône;-0.3;8.35;4.03
2018-11-16;69;Rhône;5.6;10.05;7.82
2021-02-25;69;Rhône;7.35;21.35;14.35
2021-07-14;69;Rhône;12.95;17.1;15.02
2021-07-15;69;Rhône;15.6;18.65;17.12
2018-11-17;69;Rhône;7.25;8.45;7.85
2019-04-14;69;Rhône;0.9;10.75;5.82
2018-11-22;69;Rhône;1.7;11.55;6.62
2021-07-19;69;Rhône;17.25;30.25;23.75
2021-03-08;69;Rhône;4.25;12.55;8.4
2021-07-28;69;Rhône;17.35;27.25;22.3
2019-04-25;69;Rhône;9.0;20.55;14.78
2021-03-15;69;Rhône;4.75;10.3;7.52
2021-07-31;69;Rhône;15.55;24.3;19.92
2021-10-01;69;Rhône;7.05;24.5;15.78
2018-12-08;69;Rhône;4.75;12.25;8.5
2018-12-09;69;Rhône;8.65;12.1;10.38
2020-02-03;69;Rhône;9.15;20.0;14.58
2021-10-06;69;Rhône;9.05;16.2;12.62
2019-03-30;69;Rhône;5.4;19.65;12.52
2021-03-23;69;Rhône;0.7;12.55;6.62
2019-07-18;69;Rhône;17.15;30.0;23.58
2019-07-22;69;Rhône;21.65;34.5;28.08
2020-02-12;69;Rhône;3.0;11.65;7.32
2021-10-17;69;Rhône;2.8;19.2;11.0
2020-02-04;69;Rhône;5.15;8.7;6.92
2021-10-18;69;Rhône;5.2;20.25;12.72
2019-04-11;69;Rhône;9.7;15.35;12.52
2019-04-12;69;Rhône;4.5;14.9;9.7
2020-02-18;69;Rhône;2.15;11.0;6.58
2020-02-07;69;Rhône;-0.1;13.85;6.88
2020-02-19;69;Rhône;4.2;9.0;6.6
2020-02-08;69;Rhône;1.9;13.75;7.82
2020-02-21;69;Rhône;6.45;11.1;8.77
2021-10-24;69;Rhône;2.1;20.6;11.35
2021-10-26;69;Rhône;9.2;17.15;13.18
2021-10-27;69;Rhône;7.45;14.9;11.18
2021-10-30;69;Rhône;11.95;18.2;15.08
2020-02-29;69;Rhône;9.0;13.75;11.38
2022-02-15;69;Rhône;4.55;9.65;7.1
2020-03-03;69;Rhône;3.25;10.35;6.8
2021-08-03;69;Rhône;14.35;23.2;18.77
2022-02-19;69;Rhône;4.45;10.35;7.4
2022-02-21;69;Rhône;6.5;9.55;8.02
2022-02-22;69;Rhône;6.15;11.75;8.95
2020-03-09;69;Rhône;5.75;11.65;8.7
2020-03-10;69;Rhône;2.8;9.65;6.22
2022-02-24;69;Rhône;3.5;14.75;9.12
2021-08-13;69;Rhône;18.25;31.15;24.7
2022-02-28;69;Rhône;-0.65;13.65;6.5
2021-08-15;69;Rhône;21.85;34.75;28.3
2022-03-01;69;Rhône;-0.55;14.55;7.0
2021-08-17;69;Rhône;15.55;23.0;19.27
2022-03-06;69;Rhône;-2.05;8.8;3.38
2021-08-21;69;Rhône;16.2;31.45;23.83
2020-03-21;69;Rhône;6.95;19.0;12.98
2022-03-08;69;Rhône;-1.15;13.25;6.05
2022-03-10;69;Rhône;2.85;15.4;9.12
2022-03-12;69;Rhône;8.85;12.15;10.5
2022-03-15;69;Rhône;9.7;17.1;13.4
2022-03-16;69;Rhône;9.0;18.05;13.52
2020-03-29;69;Rhône;4.15;10.25;7.2
2021-09-01;69;Rhône;12.0;24.7;18.35
2022-03-24;69;Rhône;2.0;20.75;11.38
2020-04-05;69;Rhône;8.25;21.5;14.88
2022-03-26;69;Rhône;4.15;20.3;12.22
2020-04-07;69;Rhône;7.4;23.2;15.3
2021-09-09;69;Rhône;19.45;23.9;21.67
2020-04-10;69;Rhône;8.2;25.4;16.8
2020-04-12;69;Rhône;9.0;21.25;15.12
2022-04-01;69;Rhône;0.7;4.3;2.5
2021-09-13;69;Rhône;13.9;29.65;21.78
2021-09-17;69;Rhône;15.3;24.25;19.77
2021-12-12;69;Rhône;-2.75;5.85;1.55
2022-04-11;69;Rhône;4.25;17.9;11.08
2022-04-12;69;Rhône;12.35;19.3;15.82
2020-04-26;69;Rhône;13.9;20.65;17.27
2020-05-03;69;Rhône;11.5;21.1;16.3
2022-04-22;69;Rhône;6.7;21.25;13.98
2021-12-23;69;Rhône;-2.3;12.2;4.95
2022-04-23;69;Rhône;10.4;17.8;14.1
2022-04-24;69;Rhône;8.05;16.95;12.5
2021-12-27;69;Rhône;3.4;11.05;7.22
2021-12-28;69;Rhône;9.05;12.35;10.7
2020-05-10;69;Rhône;14.8;23.3;19.05
2021-12-31;69;Rhône;5.55;14.25;9.9
2020-05-12;69;Rhône;6.4;11.85;9.12
2020-05-15;69;Rhône;11.1;15.7;13.4
2022-05-05;69;Rhône;11.9;19.1;15.5
2021-11-05;69;Rhône;4.7;10.35;7.52
2022-05-06;69;Rhône;9.6;19.35;14.48
2022-05-09;69;Rhône;9.7;24.85;17.27
2022-05-10;69;Rhône;11.2;27.5;19.35
2021-11-10;69;Rhône;2.75;6.25;4.5
2021-11-13;69;Rhône;2.25;9.6;5.93
2022-05-14;69;Rhône;13.0;26.2;19.6
2021-11-15;69;Rhône;7.6;9.75;8.67
2021-11-16;69;Rhône;7.0;8.45;7.72
2021-11-17;69;Rhône;5.55;7.5;6.52
2021-11-18;69;Rhône;4.05;11.65;7.85
2021-11-19;69;Rhône;4.85;8.45;6.65
2022-05-24;69;Rhône;15.15;21.85;18.5
2022-05-25;69;Rhône;11.95;23.1;17.52
2021-11-26;69;Rhône;1.2;4.55;2.88
2022-06-05;69;Rhône;17.6;27.55;22.58
2022-06-08;69;Rhône;13.65;24.0;18.82
2022-06-13;69;Rhône;18.65;27.2;22.92
2022-01-13;69;Rhône;-2.6;1.4;-0.6
2022-01-18;69;Rhône;1.55;4.1;2.82
2022-06-21;69;Rhône;22.35;34.0;28.17
2022-01-21;69;Rhône;0.35;4.95;2.65
2022-06-23;69;Rhône;17.25;28.85;23.05
2022-01-27;69;Rhône;-3.3;0.15;-1.58
2022-06-29;69;Rhône;17.6;28.45;23.02
2022-01-31;69;Rhône;3.0;8.15;5.58
2022-07-12;69;Rhône;17.1;30.7;23.9
2022-05-26;69;Rhône;11.75;23.3;17.52
2021-08-16;69;Rhône;19.0;23.7;21.35
2022-05-29;69;Rhône;10.45;20.95;15.7
2021-08-19;69;Rhône;15.0;23.75;19.38
2022-05-30;69;Rhône;10.55;23.5;17.02
2022-05-31;69;Rhône;12.9;19.45;16.17
2021-08-22;69;Rhône;20.5;26.7;23.6
2022-06-04;69;Rhône;17.0;33.8;25.4
2021-08-29;69;Rhône;12.45;22.35;17.4
2021-08-31;69;Rhône;13.4;23.95;18.67
2021-09-02;69;Rhône;12.7;27.8;20.25
2022-06-14;69;Rhône;13.35;30.65;22.0
2021-09-07;69;Rhône;16.3;30.3;23.3
2022-06-16;69;Rhône;20.3;33.55;26.92
2021-09-10;69;Rhône;17.5;24.2;20.85
2021-09-12;69;Rhône;12.95;26.8;19.88
2021-09-18;69;Rhône;13.05;25.05;19.05
2022-06-28;69;Rhône;15.85;25.4;20.62
2022-06-30;69;Rhône;14.6;31.05;22.82
2022-07-03;69;Rhône;17.0;31.3;24.15
2022-01-10;69;Rhône;2.05;6.25;4.15
2022-07-06;69;Rhône;16.45;26.55;21.5
2022-01-12;69;Rhône;-1.6;1.2;-0.2
2022-07-09;69;Rhône;15.3;27.8;21.55
2022-01-14;69;Rhône;-5.6;2.55;-1.52
2022-01-15;69;Rhône;-4.7;-1.6;-3.15
2022-07-11;69;Rhône;15.2;28.6;21.9
2022-01-19;69;Rhône;-4.7;2.35;-1.17
2022-01-20;69;Rhône;0.8;5.45;3.12
2022-07-16;69;Rhône;17.3;30.35;23.82
2022-01-26;69;Rhône;-4.2;-0.1;-2.15
2022-07-22;69;Rhône;17.8;36.45;27.12
2022-01-28;69;Rhône;-2.45;3.85;0.7
2021-09-27;69;Rhône;13.4;25.4;19.4
2022-07-15;69;Rhône;20.6;31.5;26.05
2022-07-30;69;Rhône;16.45;31.4;23.92
2022-07-31;69;Rhône;17.15;33.1;25.12
2022-07-19;69;Rhône;22.15;38.1;30.12
2021-12-01;69;Rhône;0.45;7.4;3.92
2022-07-23;69;Rhône;21.7;29.3;25.5
2021-12-14;69;Rhône;0.65;1.85;1.25
2021-12-05;69;Rhône;2.35;7.0;4.68
2022-07-27;69;Rhône;17.3;28.35;22.83
2021-12-07;69;Rhône;1.45;9.6;5.52
2021-12-09;69;Rhône;2.4;7.4;4.9
2021-09-20;69;Rhône;13.4;16.4;14.9
2020-02-10;69;Rhône;11.3;17.9;14.6
2021-09-22;69;Rhône;10.85;19.7;15.27
2020-02-15;69;Rhône;0.35;17.55;8.95
2021-11-01;69;Rhône;9.9;14.4;12.15
2021-11-04;69;Rhône;5.2;11.15;8.18
2021-11-08;69;Rhône;7.05;10.85;8.95
2020-02-25;69;Rhône;4.0;12.95;8.48
2021-09-23;69;Rhône;10.75;24.95;17.85
2022-04-07;69;Rhône;9.5;13.9;11.7
2021-11-22;69;Rhône;4.05;6.65;5.35
2021-11-24;69;Rhône;0.55;8.35;4.45
2021-11-30;69;Rhône;-2.25;6.05;1.9
2022-01-03;69;Rhône;3.85;14.2;9.02
2022-01-08;69;Rhône;1.95;7.45;4.7
2022-01-24;69;Rhône;-2.6;7.65;2.53
2022-01-25;69;Rhône;-4.8;8.05;1.63
2022-05-18;69;Rhône;15.05;31.8;23.42
2022-05-23;69;Rhône;17.95;28.9;23.42
2018-01-03;69;Rhône;7.15;16.75;11.95
2018-01-04;69;Rhône;6.85;15.55;11.2
2018-01-06;69;Rhône;6.8;15.8;11.3
2022-06-03;69;Rhône;16.7;31.35;24.02
2018-04-01;69;Rhône;6.3;13.6;9.95
2018-01-17;69;Rhône;4.05;8.2;6.12
2022-06-09;69;Rhône;14.0;22.0;18.0
2018-05-10;69;Rhône;14.2;16.55;15.38
2018-01-19;69;Rhône;5.75;9.6;7.68
2018-01-20;69;Rhône;3.0;9.95;6.48
2018-05-14;69;Rhône;7.25;12.0;9.62
2018-05-15;69;Rhône;10.8;17.8;14.3
2022-06-17;69;Rhône;18.9;34.1;26.5
2018-01-25;69;Rhône;9.6;13.35;11.48
2018-01-27;69;Rhône;4.75;8.55;6.65
2018-01-30;69;Rhône;7.1;8.75;7.92
2018-02-02;69;Rhône;-0.5;6.55;3.02
2018-02-03;69;Rhône;0.4;5.8;3.1
2022-06-27;69;Rhône;17.35;22.65;20.0
2018-02-04;69;Rhône;-0.5;5.6;2.55
2018-05-26;69;Rhône;18.1;29.5;23.8
2018-05-28;69;Rhône;16.4;23.35;19.88
2018-06-01;69;Rhône;13.85;24.5;19.18
2018-06-02;69;Rhône;14.9;26.55;20.72
2018-06-03;69;Rhône;17.6;26.55;22.08
2022-07-08;69;Rhône;15.15;26.25;20.7
2018-02-16;69;Rhône;7.45;10.15;8.8
2022-07-10;69;Rhône;17.0;27.7;22.35
2018-04-17;69;Rhône;8.55;22.6;15.58
2018-06-08;69;Rhône;16.7;25.95;21.33
2018-06-09;69;Rhône;16.95;28.6;22.78
2018-02-21;69;Rhône;-1.0;4.05;1.52
2018-08-09;69;Rhône;19.1;24.85;21.98
2018-06-13;69;Rhône;15.4;20.65;18.02
2022-07-17;69;Rhône;17.1;32.0;24.55
2018-04-22;69;Rhône;13.5;28.3;20.9
2018-04-23;69;Rhône;14.8;21.4;18.1
2018-06-14;69;Rhône;12.05;22.5;17.28
2022-07-20;69;Rhône;22.6;36.6;29.6
2018-06-15;69;Rhône;15.25;24.75;20.0
2018-04-26;69;Rhône;11.8;18.15;14.98
2018-06-17;69;Rhône;17.25;23.1;20.18
2018-04-27;69;Rhône;6.0;25.6;15.8
2022-07-26;69;Rhône;20.4;28.55;24.48
2018-04-30;69;Rhône;8.8;17.25;13.02
2018-06-20;69;Rhône;17.7;30.8;24.25
2022-07-29;69;Rhône;19.95;28.25;24.1
2018-08-20;69;Rhône;17.2;30.35;23.78
2018-05-06;69;Rhône;12.8;26.9;19.85
2018-05-07;69;Rhône;15.0;27.75;21.38
2018-08-26;69;Rhône;10.2;22.9;16.55
2018-05-09;69;Rhône;14.85;23.7;19.27
2018-08-27;69;Rhône;11.15;28.85;20.0
2018-08-30;69;Rhône;14.6;21.55;18.08
2018-07-23;69;Rhône;18.55;30.05;24.3
2018-05-16;69;Rhône;11.0;19.1;15.05
2018-01-14;69;Rhône;3.4;8.95;6.17
2018-02-25;69;Rhône;-0.95;3.0;1.02
2018-05-18;69;Rhône;12.0;22.5;17.25
2018-07-29;69;Rhône;17.8;32.25;25.02
2018-02-27;69;Rhône;-8.3;-2.05;-5.18
2018-03-02;69;Rhône;3.1;11.0;7.05
2018-05-23;69;Rhône;14.6;21.55;18.08
2018-03-03;69;Rhône;3.2;13.55;8.38
2018-01-21;69;Rhône;6.3;9.05;7.68
2018-08-05;69;Rhône;24.5;35.65;30.08
2018-03-06;69;Rhône;6.95;12.25;9.6
2018-08-06;69;Rhône;22.2;36.05;29.12
2018-04-05;69;Rhône;8.75;15.7;12.22
2018-04-07;69;Rhône;11.0;20.9;15.95
2018-01-26;69;Rhône;4.2;5.9;5.05
2018-03-09;69;Rhône;9.55;15.55;12.55
2018-05-30;69;Rhône;16.1;23.85;19.98
2018-04-08;69;Rhône;9.9;19.95;14.92
2018-03-13;69;Rhône;7.45;11.5;9.48
2018-03-15;69;Rhône;7.05;12.15;9.6
2018-03-16;69;Rhône;5.3;16.5;10.9
2018-04-14;69;Rhône;10.55;16.35;13.45
2018-06-06;69;Rhône;16.6;25.9;21.25
2018-01-08;69;Rhône;6.35;8.3;7.32
2018-03-19;69;Rhône;1.45;8.55;5.0
2018-01-10;69;Rhône;6.85;10.5;8.68
2018-06-10;69;Rhône;19.3;29.35;24.33
2018-01-13;69;Rhône;0.75;9.8;5.28
2018-02-11;69;Rhône;0.3;4.6;2.45
2018-01-07;69;Rhône;6.0;8.5;7.25
2018-01-16;69;Rhône;7.35;11.45;9.4
2018-01-18;69;Rhône;3.45;9.95;6.7
2018-02-15;69;Rhône;2.55;11.35;6.95
2018-06-18;69;Rhône;12.95;24.4;18.68
2018-06-19;69;Rhône;15.95;28.0;21.98
2018-02-17;69;Rhône;7.55;12.05;9.8
2018-04-04;69;Rhône;9.7;16.15;12.92
2018-04-15;69;Rhône;8.55;20.05;14.3
2018-06-22;69;Rhône;12.5;22.55;17.52
2018-01-15;69;Rhône;1.0;10.5;5.75
2018-06-23;69;Rhône;11.5;23.85;17.68
2018-02-20;69;Rhône;2.15;7.25;4.7
2018-06-24;69;Rhône;14.45;24.65;19.55
2018-06-25;69;Rhône;13.85;26.2;20.03
2018-02-23;69;Rhône;-2.65;3.8;0.58
2018-02-24;69;Rhône;-2.6;5.05;1.22
2018-06-27;69;Rhône;16.6;29.1;22.85
2018-04-21;69;Rhône;12.6;28.6;20.6
2018-06-29;69;Rhône;15.7;28.6;22.15
2018-01-23;69;Rhône;6.65;12.05;9.35
2018-03-01;69;Rhône;-1.4;8.0;3.3
2018-02-05;69;Rhône;0.3;1.65;0.98
2018-04-25;69;Rhône;12.1;26.65;19.38
2018-07-04;69;Rhône;17.4;31.9;24.65
2018-02-06;69;Rhône;0.9;7.75;4.32
2018-01-28;69;Rhône;4.6;10.9;7.75
2018-07-08;69;Rhône;18.1;28.75;23.42
2018-01-31;69;Rhône;6.4;11.9;9.15
2018-02-01;69;Rhône;5.1;9.2;7.15
2018-05-02;69;Rhône;9.55;17.45;13.5
2018-03-10;69;Rhône;9.25;17.75;13.5
2018-05-04;69;Rhône;13.2;20.55;16.88
2018-07-11;69;Rhône;14.4;24.35;19.38
2018-07-12;69;Rhône;13.8;27.35;20.58
2018-03-12;69;Rhône;8.9;13.5;11.2
2018-02-14;69;Rhône;0.4;6.8;3.6
2018-02-07;69;Rhône;-0.2;1.15;0.48
2018-07-16;69;Rhône;15.7;30.6;23.15
2018-03-14;69;Rhône;0.9;16.6;8.75
2018-02-08;69;Rhône;-0.15;2.45;1.15
2018-07-15;69;Rhône;17.7;31.45;24.58
2018-07-19;69;Rhône;17.55;32.4;24.98
2018-07-30;69;Rhône;19.65;32.4;26.02
2018-02-12;69;Rhône;0.5;5.4;2.95
2018-02-22;69;Rhône;-0.1;2.15;1.02
2018-02-13;69;Rhône;-4.35;5.45;0.55
2018-03-23;69;Rhône;3.15;9.25;6.2
2018-07-25;69;Rhône;19.45;33.3;26.38
2018-08-04;69;Rhône;23.45;36.35;29.9
2018-03-25;69;Rhône;5.25;14.55;9.9
2018-02-28;69;Rhône;-10.1;1.0;-4.55
2018-07-27;69;Rhône;21.25;35.9;28.58
2018-01-01;69;Rhône;5.95;9.55;7.75
2018-01-02;69;Rhône;5.3;10.25;7.78
2018-04-16;69;Rhône;8.2;19.85;14.02
2018-03-30;69;Rhône;4.8;11.75;8.28
2018-04-06;69;Rhône;3.1;22.0;12.55
2018-01-05;69;Rhône;10.75;15.4;13.08
2018-04-19;69;Rhône;12.35;27.35;19.85
2018-04-09;69;Rhône;11.85;17.6;14.72
2018-01-09;69;Rhône;4.45;9.9;7.18
2018-04-11;69;Rhône;7.25;15.1;11.18
2018-01-11;69;Rhône;2.75;10.65;6.7
2018-04-24;69;Rhône;11.25;25.0;18.12
2018-03-11;69;Rhône;11.85;18.6;15.22
2018-01-12;69;Rhône;4.65;7.1;5.88
2018-08-11;69;Rhône;14.1;26.5;20.3
2018-03-18;69;Rhône;2.35;8.55;5.45
2018-05-01;69;Rhône;7.7;14.3;11.0
2018-08-16;69;Rhône;16.4;32.2;24.3
2018-05-11;69;Rhône;9.85;24.4;17.12
2018-03-20;69;Rhône;0.8;6.35;3.58
2018-05-13;69;Rhône;7.3;9.25;8.28
2018-01-22;69;Rhône;6.95;14.55;10.75
2018-03-21;69;Rhône;0.45;7.8;4.12
2018-05-05;69;Rhône;13.15;24.3;18.73
2018-08-21;69;Rhône;19.2;31.25;25.22
2018-01-24;69;Rhône;5.85;14.85;10.35
2018-05-20;69;Rhône;11.0;23.4;17.2
2018-03-28;69;Rhône;7.75;16.4;12.08
2018-01-29;69;Rhône;5.25;8.5;6.88
2018-03-29;69;Rhône;7.5;14.9;11.2
2018-07-05;69;Rhône;17.85;26.35;22.1
2018-04-02;69;Rhône;2.9;15.1;9.0
2018-07-06;69;Rhône;17.4;26.6;22.0
2018-05-27;69;Rhône;18.85;28.0;23.42
2018-05-29;69;Rhône;16.0;25.6;20.8
2018-04-18;69;Rhône;9.8;26.95;18.38
2018-08-02;69;Rhône;20.65;33.3;26.98
2018-04-20;69;Rhône;11.75;27.75;19.75
2018-02-09;69;Rhône;1.25;5.85;3.55
2018-07-14;69;Rhône;18.4;32.6;25.5
2018-02-10;69;Rhône;0.9;4.9;2.9
2018-06-05;69;Rhône;16.85;26.4;21.62
2018-06-07;69;Rhône;18.0;26.15;22.08
2018-02-26;69;Rhône;-5.7;-0.15;-2.92
2018-04-29;69;Rhône;9.1;22.3;15.7
2018-02-18;69;Rhône;2.75;5.4;4.08
2018-06-11;69;Rhône;17.35;26.15;21.75
2018-02-19;69;Rhône;-2.4;7.1;2.35
2018-03-04;69;Rhône;1.4;15.7;8.55
2018-04-12;69;Rhône;7.45;16.15;11.8
2018-04-13;69;Rhône;7.75;17.4;12.58
2018-03-05;69;Rhône;3.7;13.45;8.57
2018-03-07;69;Rhône;4.65;13.15;8.9
2018-05-08;69;Rhône;14.5;26.4;20.45
2018-05-12;69;Rhône;14.05;24.05;19.05
2018-06-28;69;Rhône;16.0;28.3;22.15
2018-05-17;69;Rhône;9.15;19.9;14.52
2018-03-08;69;Rhône;0.45;14.85;7.65
2018-07-01;69;Rhône;19.45;34.75;27.1
2018-03-22;69;Rhône;-1.35;9.25;3.95
2018-05-21;69;Rhône;12.95;25.25;19.1
2018-04-28;69;Rhône;11.35;17.65;14.5
2018-05-22;69;Rhône;14.85;24.9;19.88
2018-07-03;69;Rhône;18.25;29.05;23.65
2018-05-24;69;Rhône;12.35;25.85;19.1
2018-03-27;69;Rhône;4.65;11.95;8.3
2018-05-03;69;Rhône;10.45;15.4;12.92
2018-03-17;69;Rhône;6.45;9.2;7.82
2018-05-31;69;Rhône;15.5;23.4;19.45
2018-07-13;69;Rhône;15.9;31.3;23.6
2018-03-24;69;Rhône;-1.0;15.75;7.38
2018-07-18;69;Rhône;16.4;30.95;23.68
2018-03-26;69;Rhône;4.8;12.4;8.6
2018-08-12;69;Rhône;14.35;32.15;23.25
2018-08-13;69;Rhône;19.65;27.05;23.35
2018-07-24;69;Rhône;17.8;32.15;24.98
2018-08-15;69;Rhône;16.3;28.1;22.2
2018-03-31;69;Rhône;1.75;13.7;7.72
2018-05-19;69;Rhône;11.2;22.9;17.05
2018-07-26;69;Rhône;20.05;34.45;27.25
2018-04-03;69;Rhône;11.85;18.6;15.23
2018-08-18;69;Rhône;17.8;27.3;22.55
2018-08-08;69;Rhône;23.65;33.55;28.6
2018-08-22;69;Rhône;19.55;34.45;27.0
2018-05-25;69;Rhône;14.9;27.9;21.4
2018-06-26;69;Rhône;14.55;28.5;21.52
2018-08-19;69;Rhône;17.5;29.35;23.42
2018-06-04;69;Rhône;16.25;26.1;21.18
2018-06-30;69;Rhône;18.1;33.25;25.68
2018-08-24;69;Rhône;20.35;25.65;23.0
2018-08-25;69;Rhône;13.0;21.3;17.15
2018-08-28;69;Rhône;16.2;32.0;24.1
2018-06-12;69;Rhône;15.8;23.75;19.77
2018-07-10;69;Rhône;18.3;27.9;23.1
2018-08-31;69;Rhône;16.1;24.1;20.1
2018-06-16;69;Rhône;15.1;26.3;20.7
2018-08-01;69;Rhône;22.95;32.4;27.68
2018-06-21;69;Rhône;19.1;30.65;24.88
2018-07-17;69;Rhône;18.4;29.6;24.0
2018-08-07;69;Rhône;24.1;35.5;29.8
2018-07-21;69;Rhône;17.1;25.6;21.35
2018-07-22;69;Rhône;15.85;27.9;21.88
2018-07-02;69;Rhône;21.9;33.45;27.68
2018-08-10;69;Rhône;14.8;25.95;20.38
2018-07-07;69;Rhône;16.95;29.35;23.15
2018-07-09;69;Rhône;17.85;29.35;23.6
2018-08-14;69;Rhône;18.25;26.05;22.15
2018-08-17;69;Rhône;19.9;25.1;22.5
2018-08-23;69;Rhône;19.05;32.85;25.95
2018-07-20;69;Rhône;18.55;31.3;24.92
2018-08-29;69;Rhône;20.15;30.6;25.38
2018-07-28;69;Rhône;19.7;25.95;22.82
2018-07-31;69;Rhône;21.35;34.2;27.78
2018-08-03;69;Rhône;21.5;34.75;28.12
2018-04-10;69;Rhône;6.25;16.05;11.15
2022-08-11;69;Rhône;19.35;36.75;28.05
2022-08-14;69;Rhône;18.45;24.8;21.62
2022-08-20;69;Rhône;18.7;27.35;23.02
2022-08-21;69;Rhône;14.7;27.25;20.98
2022-08-24;69;Rhône;16.95;32.45;24.7
2022-08-12;69;Rhône;19.3;34.5;26.9
2022-08-19;69;Rhône;17.8;25.4;21.6
2022-08-09;69;Rhône;16.65;33.1;24.88
2022-08-23;69;Rhône;18.05;30.15;24.1
2022-08-25;69;Rhône;17.55;33.9;25.72
2022-08-26;69;Rhône;21.15;27.7;24.42
2022-08-28;69;Rhône;17.5;29.7;23.6
2022-08-29;69;Rhône;17.2;33.25;25.22
2022-08-31;69;Rhône;18.8;27.55;23.17
2022-08-16;69;Rhône;16.35;33.15;24.75
2022-08-07;69;Rhône;17.7;30.45;24.08
2022-08-13;69;Rhône;17.7;34.1;25.9
2022-08-15;69;Rhône;16.85;28.5;22.67
2022-08-04;69;Rhône;24.5;38.9;31.7
2022-08-17;69;Rhône;17.1;28.5;22.8
2022-08-18;69;Rhône;15.6;24.0;19.8
2022-08-22;69;Rhône;15.55;28.4;21.98
2022-08-27;69;Rhône;17.35;26.35;21.85
2022-08-30;69;Rhône;20.55;28.3;24.42
2022-08-01;69;Rhône;18.6;33.95;26.28
2022-08-03;69;Rhône;18.95;37.4;28.18
2022-08-05;69;Rhône;22.3;35.0;28.65
2022-08-10;69;Rhône;17.05;34.25;25.65
2022-08-02;69;Rhône;19.15;32.6;25.88
2022-08-06;69;Rhône;19.9;30.9;25.4
2022-08-08;69;Rhône;16.75;32.05;24.4
2022-09-12;69;Rhône;12.85;31.0;21.92
2022-09-16;69;Rhône;15.65;21.1;18.38
2022-09-21;69;Rhône;7.7;19.9;13.8
2022-09-04;69;Rhône;16.05;30.2;23.12
2022-09-05;69;Rhône;20.6;30.95;25.78
2022-09-11;69;Rhône;11.35;25.6;18.48
2022-09-09;69;Rhône;14.8;25.15;19.98
2022-09-13;69;Rhône;20.7;28.95;24.82
2022-09-08;69;Rhône;15.2;26.45;20.82
2022-09-15;69;Rhône;16.15;26.8;21.48
2022-09-18;69;Rhône;6.75;19.25;13.0
2022-09-19;69;Rhône;6.95;19.15;13.05
2022-09-20;69;Rhône;7.55;20.0;13.77
2022-09-26;69;Rhône;11.55;18.65;15.1
2022-09-28;69;Rhône;11.1;19.4;15.25
2022-09-14;69;Rhône;20.4;27.95;24.18
2022-09-17;69;Rhône;10.2;16.15;13.18
2022-09-10;69;Rhône;13.05;23.85;18.45
2022-09-22;69;Rhône;6.8;21.85;14.32
2022-09-30;69;Rhône;7.3;15.5;11.4
2022-09-27;69;Rhône;10.55;16.95;13.75
2022-09-29;69;Rhône;11.15;16.5;13.82
2022-09-01;69;Rhône;15.95;28.8;22.38
2022-09-23;69;Rhône;9.4;22.9;16.15
2022-09-24;69;Rhône;14.4;22.25;18.33
2022-09-25;69;Rhône;12.05;17.5;14.78
2022-09-02;69;Rhône;17.65;28.65;23.15
2022-09-03;69;Rhône;17.35;27.8;22.58
2022-09-06;69;Rhône;21.95;30.8;26.38
2022-09-07;69;Rhône;17.05;28.35;22.7
2022-10-06;69;Rhône;11.9;21.7;16.8
2022-10-08;69;Rhône;14.15;18.35;16.25
2022-10-02;69;Rhône;14.05;23.95;19.0
2022-10-19;69;Rhône;10.85;23.5;17.18
2022-10-21;69;Rhône;16.75;21.0;18.88
2022-10-22;69;Rhône;13.05;23.45;18.25
2022-10-23;69;Rhône;16.7;23.75;20.23
2022-10-24;69;Rhône;16.55;22.95;19.75
2022-10-14;69;Rhône;14.15;18.8;16.48
2022-10-27;69;Rhône;13.85;24.85;19.35
2022-10-28;69;Rhône;17.7;25.4;21.55
2022-10-25;69;Rhône;10.4;20.65;15.52
2022-10-11;69;Rhône;11.45;20.45;15.95
2022-10-29;69;Rhône;12.5;25.35;18.92
2022-10-15;69;Rhône;12.75;24.65;18.7
2022-10-30;69;Rhône;12.25;24.4;18.32
2022-10-01;69;Rhône;7.65;16.3;11.98
2022-10-20;69;Rhône;17.7;21.1;19.4
2022-10-10;69;Rhône;11.5;23.2;17.35
2022-10-17;69;Rhône;17.85;24.7;21.28
2022-10-18;69;Rhône;13.85;25.05;19.45
2022-10-31;69;Rhône;12.6;22.6;17.6
2022-10-26;69;Rhône;15.2;25.5;20.35
2022-10-09;69;Rhône;7.65;19.6;13.62
2022-10-16;69;Rhône;17.0;23.95;20.48
2022-10-12;69;Rhône;13.75;19.2;16.48
2022-10-13;69;Rhône;9.7;18.85;14.28
2022-10-04;69;Rhône;9.6;20.2;14.9
2022-10-07;69;Rhône;12.3;22.85;17.58
2022-10-03;69;Rhône;13.8;18.15;15.98
2022-10-05;69;Rhône;9.0;23.9;16.45
2022-11-04;69;Rhône;7.65;12.15;9.9
2022-11-08;69;Rhône;9.7;18.6;14.15
2022-11-14;69;Rhône;8.55;15.7;12.12
2022-11-10;69;Rhône;8.95;13.65;11.3
2022-11-15;69;Rhône;10.95;15.45;13.2
2022-11-13;69;Rhône;7.25;14.45;10.85
2022-11-17;69;Rhône;11.55;17.2;14.38
2022-11-19;69;Rhône;5.55;10.85;8.2
2022-11-21;69;Rhône;3.7;9.6;6.65
2022-11-02;69;Rhône;8.3;17.4;12.85
2022-11-22;69;Rhône;5.75;9.95;7.85
2022-11-07;69;Rhône;5.45;19.95;12.7
2022-11-24;69;Rhône;2.35;13.8;8.07
2022-11-25;69;Rhône;5.45;10.8;8.12
2022-11-09;69;Rhône;12.75;14.85;13.8
2022-11-27;69;Rhône;3.65;12.8;8.23
2022-11-28;69;Rhône;8.05;10.8;9.43
2022-11-12;69;Rhône;5.5;14.65;10.07
2022-11-16;69;Rhône;8.0;17.15;12.58
2022-11-01;69;Rhône;14.1;19.25;16.68
2022-11-18;69;Rhône;8.8;13.45;11.12
2022-11-20;69;Rhône;3.55;12.0;7.78
2022-11-06;69;Rhône;2.0;17.2;9.6
2022-11-30;69;Rhône;6.45;9.4;7.93
2022-11-05;69;Rhône;7.6;12.05;9.82
2022-11-23;69;Rhône;1.8;10.3;6.05
2022-11-11;69;Rhône;9.25;18.8;14.02
2022-11-29;69;Rhône;5.6;8.9;7.25
2022-11-26;69;Rhône;3.7;8.8;6.25
2022-11-03;69;Rhône;6.9;15.1;11.0
2022-12-16;69;Rhône;0.7;1.6;1.15
2022-12-18;69;Rhône;-3.85;11.8;3.97
2022-12-21;69;Rhône;11.25;16.5;13.88
2022-12-24;69;Rhône;10.1;14.4;12.25
2022-12-25;69;Rhône;5.55;16.25;10.9
2022-12-31;69;Rhône;11.15;17.45;14.3
2022-12-12;69;Rhône;-3.65;0.25;-1.7
2022-12-13;69;Rhône;-2.3;5.0;1.35
2022-12-14;69;Rhône;0.7;10.8;5.75
2022-12-15;69;Rhône;3.8;7.85;5.82
2022-12-19;69;Rhône;8.3;15.0;11.65
2022-12-26;69;Rhône;7.7;14.75;11.22
2022-12-08;69;Rhône;-0.4;3.05;1.33
2022-12-10;69;Rhône;0.6;1.7;1.15
2022-12-01;69;Rhône;5.15;7.2;6.18
2022-12-05;69;Rhône;-1.3;9.15;3.92
2022-12-09;69;Rhône;1.1;2.4;1.75
2022-12-27;69;Rhône;3.2;12.55;7.88
2022-12-28;69;Rhône;-0.3;12.25;5.98
2022-12-29;69;Rhône;9.15;14.4;11.78
2022-12-30;69;Rhône;5.6;13.2;9.4
2022-12-03;69;Rhône;2.95;4.55;3.75
2022-12-17;69;Rhône;-3.7;-1.15;-2.42
2022-12-23;69;Rhône;10.4;15.3;12.85
2022-12-11;69;Rhône;-4.0;-2.3;-3.15
2022-12-20;69;Rhône;13.3;15.0;14.15
2022-12-22;69;Rhône;10.3;15.45;12.88
2022-12-02;69;Rhône;3.85;4.85;4.35
2022-12-06;69;Rhône;-2.15;2.55;0.2
2022-12-07;69;Rhône;1.35;4.0;2.68
2022-12-04;69;Rhône;3.3;5.6;4.45
2023-01-12;69;Rhône;1.45;11.75;6.6
2023-01-15;69;Rhône;4.75;10.5;7.62
2023-01-18;69;Rhône;0.6;2.95;1.78
2023-01-20;69;Rhône;-3.25;2.8;-0.22
2023-01-23;69;Rhône;0.6;2.3;1.45
2023-01-27;69;Rhône;-0.5;1.45;0.48
2023-01-29;69;Rhône;0.5;3.35;1.92
2023-01-30;69;Rhône;-1.35;4.75;1.7
2023-01-19;69;Rhône;-3.15;2.8;-0.18
2023-01-05;69;Rhône;7.9;11.5;9.7
2023-01-22;69;Rhône;-1.05;1.3;0.13
2023-01-10;69;Rhône;3.5;10.15;6.82
2023-01-16;69;Rhône;1.65;9.0;5.32
2023-01-26;69;Rhône;1.05;2.1;1.58
2023-01-28;69;Rhône;-1.55;2.9;0.68
2023-01-31;69;Rhône;2.8;8.95;5.88
2023-01-01;69;Rhône;13.95;17.2;15.58
2023-01-06;69;Rhône;9.15;11.0;10.07
2023-01-07;69;Rhône;7.45;13.9;10.68
2023-01-08;69;Rhône;10.9;13.15;12.02
2023-01-11;69;Rhône;4.75;8.05;6.4
2023-01-13;69;Rhône;6.25;11.8;9.02
2023-01-14;69;Rhône;2.9;11.25;7.07
2023-01-17;69;Rhône;1.9;10.6;6.25
2023-01-21;69;Rhône;-0.65;3.3;1.32
2023-01-24;69;Rhône;0.9;4.2;2.55
2023-01-25;69;Rhône;2.3;3.25;2.78
2023-01-04;69;Rhône;-0.1;9.6;4.75
2023-01-02;69;Rhône;10.35;15.3;12.82
2023-01-03;69;Rhône;6.6;11.85;9.23
2023-01-09;69;Rhône;5.35;10.05;7.7
2023-02-12;69;Rhône;-3.75;10.0;3.12
2023-02-16;69;Rhône;-0.3;17.0;8.35
2023-02-18;69;Rhône;8.6;16.25;12.42
2023-02-13;69;Rhône;-3.8;14.65;5.42
2023-02-22;69;Rhône;4.45;12.75;8.6
2023-02-23;69;Rhône;5.7;14.6;10.15
2023-02-28;69;Rhône;-1.65;5.1;1.72
2023-02-27;69;Rhône;-1.3;7.5;3.1
2023-02-01;69;Rhône;2.25;9.25;5.75
2023-02-05;69;Rhône;3.45;8.65;6.05
2023-02-17;69;Rhône;1.05;16.15;8.6
2023-02-20;69;Rhône;1.7;14.55;8.12
2023-02-26;69;Rhône;-0.1;5.2;2.55
2023-02-04;69;Rhône;3.6;10.6;7.1
2023-02-02;69;Rhône;2.3;10.25;6.28
2023-02-03;69;Rhône;2.55;10.35;6.45
2023-02-09;69;Rhône;-3.55;8.75;2.6
2023-02-06;69;Rhône;2.2;6.9;4.55
2023-02-07;69;Rhône;-0.25;8.4;4.08
2023-02-08;69;Rhône;-4.15;8.7;2.27
2023-02-10;69;Rhône;-4.3;6.6;1.15
2023-02-14;69;Rhône;-1.7;17.15;7.72
2023-02-11;69;Rhône;-4.3;8.2;1.95
2023-02-15;69;Rhône;0.3;15.55;7.92
2023-02-24;69;Rhône;6.45;15.95;11.2
2023-02-25;69;Rhône;4.25;10.45;7.35
2023-02-19;69;Rhône;5.3;12.3;8.8
2023-02-21;69;Rhône;1.5;14.75;8.12
2023-03-08;69;Rhône;0.7;11.95;6.32
2023-03-12;69;Rhône;8.3;16.45;12.38
2023-03-15;69;Rhône;1.4;12.2;6.8
2023-03-21;69;Rhône;3.4;17.65;10.52
2023-03-24;69;Rhône;11.45;16.9;14.18
2023-03-11;69;Rhône;6.4;9.75;8.07
2023-03-13;69;Rhône;7.9;21.6;14.75
2023-03-19;69;Rhône;9.6;16.65;13.12
2023-03-22;69;Rhône;4.8;21.95;13.38
2023-03-25;69;Rhône;6.4;16.4;11.4
2023-03-26;69;Rhône;9.75;15.0;12.38
2023-03-28;69;Rhône;-0.65;13.7;6.52
2023-03-04;69;Rhône;4.35;11.65;8.0
2023-03-06;69;Rhône;-3.3;11.1;3.9
2023-03-07;69;Rhône;-1.5;9.1;3.8
2023-03-14;69;Rhône;8.25;12.6;10.42
2023-03-16;69;Rhône;0.1;17.4;8.75
2023-03-23;69;Rhône;13.55;17.15;15.35
2023-04-14;69;Rhône;6.0;12.45;9.23
2023-03-01;69;Rhône;-2.6;4.55;0.97
2023-03-02;69;Rhône;1.35;9.6;5.48
2023-04-01;69;Rhône;7.65;15.5;11.58
2023-03-03;69;Rhône;-2.25;8.35;3.05
2023-03-05;69;Rhône;-1.35;8.95;3.8
2023-04-06;69;Rhône;0.7;14.95;7.82
2023-04-12;69;Rhône;9.05;14.6;11.82
2023-04-07;69;Rhône;5.75;14.3;10.02
2023-04-08;69;Rhône;3.05;16.15;9.6
2023-03-09;69;Rhône;5.9;16.3;11.1
2023-04-13;69;Rhône;2.6;13.35;7.98
2023-03-10;69;Rhône;9.65;15.95;12.8
2023-04-15;69;Rhône;8.25;11.05;9.65
2023-03-18;69;Rhône;8.5;18.2;13.35
2023-03-17;69;Rhône;10.75;17.0;13.88
2023-04-02;69;Rhône;6.9;10.95;8.93
2023-03-20;69;Rhône;5.85;14.35;10.1
2023-04-17;69;Rhône;6.9;14.6;10.75
2023-03-27;69;Rhône;5.6;8.05;6.82
2023-03-31;69;Rhône;10.6;19.9;15.25
2023-03-29;69;Rhône;9.6;20.95;15.28
2023-04-23;69;Rhône;9.05;18.45;13.75
2023-04-30;69;Rhône;9.8;17.85;13.82
2023-03-30;69;Rhône;13.45;19.75;16.6
2023-04-19;69;Rhône;5.05;20.6;12.82
2023-04-09;69;Rhône;2.65;17.75;10.2
2023-04-18;69;Rhône;4.85;16.85;10.85
2023-04-26;69;Rhône;3.95;18.85;11.4
2023-04-29;69;Rhône;14.1;19.75;16.92
2023-04-11;69;Rhône;9.75;14.85;12.3
2023-04-20;69;Rhône;7.55;14.2;10.88
2023-04-21;69;Rhône;5.5;18.7;12.1
2023-04-03;69;Rhône;7.25;10.5;8.88
2023-04-04;69;Rhône;0.1;11.75;5.92
2023-04-10;69;Rhône;4.65;20.7;12.68
2023-04-22;69;Rhône;12.6;18.25;15.42
2023-04-16;69;Rhône;4.75;10.3;7.52
2023-04-25;69;Rhône;9.35;16.35;12.85
2023-04-28;69;Rhône;15.05;23.5;19.27
2023-04-05;69;Rhône;0.55;12.45;6.5
2023-04-24;69;Rhône;9.85;16.8;13.32
2023-04-27;69;Rhône;8.75;22.8;15.77
2023-05-30;69;Rhône;12.95;26.35;19.65
2023-05-02;69;Rhône;9.3;19.9;14.6
2023-05-04;69;Rhône;11.75;25.1;18.42
2023-05-13;69;Rhône;12.0;17.8;14.9
2023-05-17;69;Rhône;8.45;16.45;12.45
2023-05-18;69;Rhône;8.85;16.05;12.45
2023-05-01;69;Rhône;12.65;18.5;15.58
2023-05-05;69;Rhône;12.4;25.9;19.15
2023-05-27;69;Rhône;13.55;27.95;20.75
2023-05-14;69;Rhône;10.3;20.2;15.25
2023-05-28;69;Rhône;13.6;28.3;20.95
2023-05-29;69;Rhône;12.65;27.2;19.92
2023-05-26;69;Rhône;11.45;25.7;18.58
2023-05-06;69;Rhône;11.25;25.95;18.6
2023-05-10;69;Rhône;10.75;17.15;13.95
2023-05-11;69;Rhône;10.2;17.3;13.75
2023-05-03;69;Rhône;6.25;22.3;14.27
2023-05-07;69;Rhône;14.55;17.4;15.98
2023-05-08;69;Rhône;12.8;21.15;16.98
2023-05-09;69;Rhône;13.2;20.55;16.88
2023-05-15;69;Rhône;11.55;19.65;15.6
2023-05-16;69;Rhône;10.95;13.4;12.18
2023-05-22;69;Rhône;14.5;25.4;19.95
2023-05-23;69;Rhône;15.9;20.85;18.38
2023-05-12;69;Rhône;10.65;18.05;14.35
2023-05-24;69;Rhône;13.55;21.5;17.52
2023-05-25;69;Rhône;9.35;22.05;15.7
2023-05-19;69;Rhône;9.0;19.4;14.2
2023-05-20;69;Rhône;11.1;19.45;15.27
2023-05-21;69;Rhône;12.65;22.15;17.4
2023-05-31;69;Rhône;12.55;27.3;19.92
2023-06-01;69;Rhône;12.2;27.6;19.9
2023-06-12;69;Rhône;16.1;28.85;22.48
2023-06-19;69;Rhône;20.85;31.45;26.15
2023-06-23;69;Rhône;15.05;27.05;21.05
2023-06-29;69;Rhône;16.4;31.45;23.92
2023-06-30;69;Rhône;16.0;23.7;19.85
2023-06-06;69;Rhône;13.55;28.35;20.95
2023-06-07;69;Rhône;15.3;29.15;22.22
2023-06-26;69;Rhône;19.05;30.15;24.6
2023-06-27;69;Rhône;16.5;26.25;21.38
2023-06-02;69;Rhône;14.95;28.3;21.62
2023-06-04;69;Rhône;15.85;27.05;21.45
2023-06-05;69;Rhône;13.6;26.95;20.27
2023-06-08;69;Rhône;16.6;28.6;22.6
2023-06-09;69;Rhône;17.65;23.3;20.48
2023-06-10;69;Rhône;17.05;26.35;21.7
2023-06-15;69;Rhône;13.6;28.6;21.1
2023-06-16;69;Rhône;15.55;29.1;22.32
2023-06-03;69;Rhône;14.05;27.5;20.78
2023-06-11;69;Rhône;17.35;28.25;22.8
2023-06-21;69;Rhône;19.15;28.65;23.9
2023-06-22;69;Rhône;16.6;26.6;21.6
2023-06-24;69;Rhône;15.45;30.1;22.78
2023-06-25;69;Rhône;16.45;33.85;25.15
2023-06-28;69;Rhône;15.55;28.0;21.78
2023-06-13;69;Rhône;17.3;26.65;21.98
2023-06-14;69;Rhône;17.45;27.9;22.67
2023-06-17;69;Rhône;14.05;30.5;22.28
2023-06-18;69;Rhône;16.75;29.7;23.22
2023-06-20;69;Rhône;19.1;31.6;25.35
2023-07-11;69;Rhône;22.35;37.3;29.83
2023-07-13;69;Rhône;17.05;26.45;21.75
2023-07-18;69;Rhône;17.85;35.85;26.85
2023-07-20;69;Rhône;17.95;28.75;23.35
2023-07-24;69;Rhône;20.5;27.0;23.75
2023-07-28;69;Rhône;20.7;31.65;26.17
2023-07-26;69;Rhône;12.75;24.55;18.65
2023-07-29;69;Rhône;20.4;27.05;23.72
2023-07-01;69;Rhône;12.85;23.8;18.33
2023-07-08;69;Rhône;22.7;34.45;28.58
2023-07-10;69;Rhône;22.75;33.7;28.22
2023-07-12;69;Rhône;20.35;25.35;22.85
2023-07-03;69;Rhône;17.75;25.65;21.7
2023-07-05;69;Rhône;18.3;25.85;22.08
2023-07-06;69;Rhône;15.45;28.25;21.85
2023-07-07;69;Rhône;17.55;32.75;25.15
2023-07-15;69;Rhône;22.95;33.05;28.0
2023-07-09;69;Rhône;22.5;35.7;29.1
2023-07-02;69;Rhône;16.95;25.4;21.18
2023-07-14;69;Rhône;14.35;31.95;23.15
2023-07-04;69;Rhône;15.9;29.2;22.55
2023-07-19;69;Rhône;22.5;31.35;26.92
2023-07-21;69;Rhône;18.05;27.9;22.98
2023-07-22;69;Rhône;15.4;30.15;22.78
2023-07-16;69;Rhône;17.45;26.35;21.9
2023-07-23;69;Rhône;17.0;34.6;25.8
2023-07-17;69;Rhône;19.75;29.4;24.58
2023-07-27;69;Rhône;13.45;31.8;22.62
2023-07-30;69;Rhône;17.8;25.85;21.83
2023-07-31;69;Rhône;13.9;29.35;21.62
2023-07-25;69;Rhône;18.05;25.45;21.75
2023-08-02;69;Rhône;19.85;32.75;26.3
2023-08-23;69;Rhône;22.9;37.55;30.22
2023-08-24;69;Rhône;22.45;40.65;31.55
2023-08-25;69;Rhône;23.0;34.05;28.52
2023-08-28;69;Rhône;14.15;18.9;16.52
2023-08-03;69;Rhône;18.05;27.85;22.95
2023-08-04;69;Rhône;15.55;22.25;18.9
2023-08-18;69;Rhône;19.25;37.15;28.2
2023-08-05;69;Rhône;12.5;24.95;18.72
2023-08-01;69;Rhône;19.4;29.1;24.25
2023-08-07;69;Rhône;12.8;23.6;18.2
2023-08-09;69;Rhône;14.15;30.45;22.3
2023-08-10;69;Rhône;16.1;31.95;24.02
2023-08-06;69;Rhône;15.3;21.95;18.62
2023-08-08;69;Rhône;11.05;26.8;18.92
2023-08-15;69;Rhône;20.5;34.35;27.42
2023-08-12;69;Rhône;23.75;34.8;29.28
2023-08-16;69;Rhône;18.7;34.0;26.35
2023-08-13;69;Rhône;20.45;34.8;27.62
2023-08-14;69;Rhône;18.95;33.45;26.2
2023-08-20;69;Rhône;21.85;36.65;29.25
2023-08-21;69;Rhône;22.05;37.3;29.68
2023-08-17;69;Rhône;20.65;36.35;28.5
2023-08-22;69;Rhône;22.4;39.1;30.75
2023-08-27;69;Rhône;15.6;21.65;18.62
2023-08-31;69;Rhône;13.55;26.3;19.92
2023-08-29;69;Rhône;12.8;21.5;17.15
2023-08-11;69;Rhône;18.0;33.45;25.72
2023-08-19;69;Rhône;21.6;37.05;29.33
2023-08-26;69;Rhône;17.3;22.1;19.7
2023-08-30;69;Rhône;14.3;23.45;18.88
2023-09-02;69;Rhône;19.15;30.05;24.6
2023-09-21;69;Rhône;16.15;24.45;20.3
2023-09-29;69;Rhône;14.6;28.1;21.35
2023-09-24;69;Rhône;8.35;21.4;14.88
2023-09-06;69;Rhône;20.8;31.45;26.12
2023-09-07;69;Rhône;19.35;32.95;26.15
2023-09-11;69;Rhône;17.2;33.3;25.25
2023-10-12;69;Rhône;15.55;27.3;21.42
2023-10-14;69;Rhône;14.85;25.1;19.98
2023-10-17;69;Rhône;8.6;22.5;15.55
2023-09-17;69;Rhône;20.0;32.0;26.0
2023-09-18;69;Rhône;17.6;23.45;20.52
2023-09-20;69;Rhône;13.1;27.4;20.25
2023-10-27;69;Rhône;10.85;18.5;14.68
2023-09-25;69;Rhône;8.65;23.95;16.3
2023-10-31;69;Rhône;10.2;16.9;13.55
2023-10-06;69;Rhône;7.2;22.85;15.02
2023-09-23;69;Rhône;9.0;19.5;14.25
2023-10-08;69;Rhône;9.75;27.7;18.73
2023-09-28;69;Rhône;14.15;28.4;21.28
2023-10-13;69;Rhône;15.55;25.1;20.32
2023-09-04;69;Rhône;16.7;34.2;25.45
2023-09-05;69;Rhône;20.6;33.05;26.83
2023-10-25;69;Rhône;10.15;18.55;14.35
2023-09-09;69;Rhône;18.25;33.5;25.88
2023-09-12;69;Rhône;19.05;31.15;25.1
2023-09-15;69;Rhône;15.6;29.25;22.42
2023-09-14;69;Rhône;16.4;26.05;21.22
2023-09-16;69;Rhône;18.85;28.05;23.45
2023-09-19;69;Rhône;16.7;25.55;21.12
2023-09-22;69;Rhône;14.05;22.1;18.08
2023-09-26;69;Rhône;9.7;27.35;18.52
2023-09-27;69;Rhône;10.45;26.9;18.68
2023-09-30;69;Rhône;14.95;23.65;19.3
2023-10-01;69;Rhône;10.7;26.4;18.55
2023-09-01;69;Rhône;14.75;29.5;22.12
2023-10-02;69;Rhône;12.65;29.45;21.05
2023-09-03;69;Rhône;16.4;31.55;23.98
2023-10-04;69;Rhône;12.3;20.25;16.27
2023-10-05;69;Rhône;8.3;21.8;15.05
2023-10-07;69;Rhône;5.55;23.6;14.58
2023-10-10;69;Rhône;12.15;27.9;20.02
2023-10-11;69;Rhône;12.4;28.6;20.5
2023-09-08;69;Rhône;18.65;33.2;25.92
2023-09-10;69;Rhône;17.0;34.4;25.7
2023-10-15;69;Rhône;8.35;16.5;12.42
2023-10-18;69;Rhône;15.05;24.2;19.62
2023-10-20;69;Rhône;14.55;19.6;17.08
2023-09-13;69;Rhône;18.25;20.4;19.32
2023-10-22;69;Rhône;8.25;17.45;12.85
2023-10-23;69;Rhône;9.5;21.6;15.55
2023-10-19;69;Rhône;15.85;21.75;18.8
2023-10-21;69;Rhône;13.65;19.75;16.7
2023-10-26;69;Rhône;13.9;15.75;14.82
2023-10-24;69;Rhône;11.15;14.9;13.02
2023-10-29;69;Rhône;15.15;20.85;18.0
2023-10-03;69;Rhône;18.75;28.0;23.38
2023-10-09;69;Rhône;11.05;30.45;20.75
2023-10-16;69;Rhône;5.65;15.75;10.7
2023-10-28;69;Rhône;11.0;18.3;14.65
2023-10-30;69;Rhône;12.5;19.55;16.02
2023-11-01;69;Rhône;6.4;16.1;11.25
2023-11-05;69;Rhône;10.65;15.95;13.3
2023-11-10;69;Rhône;8.1;13.9;11.0
2023-11-12;69;Rhône;6.05;15.05;10.55
2023-11-18;69;Rhône;2.8;12.0;7.4
2023-11-20;69;Rhône;4.7;11.15;7.93
2023-11-21;69;Rhône;6.85;11.1;8.98
2023-11-02;69;Rhône;10.2;14.5;12.35
2023-11-06;69;Rhône;10.05;15.6;12.82
2023-11-09;69;Rhône;9.25;12.0;10.62
2023-11-11;69;Rhône;5.05;13.65;9.35
2023-11-13;69;Rhône;10.65;17.25;13.95
2023-11-16;69;Rhône;5.25;15.45;10.35
2023-11-27;69;Rhône;0.05;6.85;3.45
2023-11-03;69;Rhône;6.5;12.75;9.62
2023-11-07;69;Rhône;7.55;14.05;10.8
2023-11-08;69;Rhône;2.25;14.6;8.43
2023-11-24;69;Rhône;6.2;11.0;8.6
2023-11-26;69;Rhône;0.15;6.6;3.38
2023-11-29;69;Rhône;-2.35;7.0;2.32
2023-11-14;69;Rhône;13.5;17.7;15.6
2023-11-15;69;Rhône;7.5;15.05;11.28
2023-11-17;69;Rhône;7.25;12.0;9.62
2023-11-22;69;Rhône;5.55;10.2;7.88
2023-11-23;69;Rhône;0.25;8.1;4.18
2023-11-19;69;Rhône;7.1;16.4;11.75
2023-11-04;69;Rhône;8.15;13.1;10.62
2023-11-25;69;Rhône;2.7;5.75;4.22
2023-11-28;69;Rhône;4.05;8.8;6.42
2023-11-30;69;Rhône;3.6;12.25;7.92
2023-12-05;69;Rhône;4.7;9.4;7.05
2023-12-06;69;Rhône;0.45;7.45;3.95
2023-12-12;69;Rhône;10.35;13.05;11.7
2023-12-23;69;Rhône;6.85;9.7;8.27
2023-12-20;69;Rhône;0.6;7.85;4.22
2023-12-24;69;Rhône;2.5;13.8;8.15
2023-12-10;69;Rhône;5.35;13.7;9.52
2023-12-30;69;Rhône;3.0;14.1;8.55
2023-12-19;69;Rhône;-2.15;2.8;0.32
2023-12-21;69;Rhône;4.1;10.1;7.1
2023-12-31;69;Rhône;6.75;12.5;9.62
2023-12-01;69;Rhône;4.75;7.25;6.0
2023-12-04;69;Rhône;-1.95;8.95;3.5
2023-12-08;69;Rhône;6.2;8.5;7.35
2023-12-09;69;Rhône;3.05;10.9;6.98
2023-12-11;69;Rhône;8.8;15.4;12.1
2023-12-13;69;Rhône;8.45;13.45;10.95
2023-12-16;69;Rhône;3.4;5.6;4.5
2023-12-22;69;Rhône;7.5;12.0;9.75
2023-12-07;69;Rhône;0.2;9.8;5.0
2023-12-25;69;Rhône;-0.5;12.0;5.75
2023-12-28;69;Rhône;5.55;13.0;9.28
2023-12-26;69;Rhône;-1.8;9.9;4.05
2023-12-29;69;Rhône;9.3;13.15;11.22
2023-12-02;69;Rhône;0.1;2.8;1.45
2023-12-03;69;Rhône;-3.9;5.25;0.68
2023-12-14;69;Rhône;6.85;9.15;8.0
2023-12-15;69;Rhône;3.75;9.35;6.55
2023-12-17;69;Rhône;-0.7;7.6;3.45
2023-12-18;69;Rhône;-2.6;6.55;1.98
2023-12-27;69;Rhône;-2.95;13.65;5.35
2024-01-09;69;Rhône;-1.25;0.45;-0.4
2024-01-11;69;Rhône;-0.1;0.6;0.25
2024-01-15;69;Rhône;2.2;4.4;3.3
2024-01-18;69;Rhône;2.75;12.9;7.82
2024-01-20;69;Rhône;-3.15;1.25;-0.95
2024-01-31;69;Rhône;2.45;13.25;7.85
2024-01-14;69;Rhône;-1.45;2.7;0.62
2024-01-02;69;Rhône;5.45;11.15;8.3
2024-01-05;69;Rhône;6.85;8.55;7.7
2024-01-16;69;Rhône;-2.45;10.75;4.15
2024-01-26;69;Rhône;4.4;13.95;9.18
2024-01-27;69;Rhône;3.7;7.1;5.4
2024-01-29;69;Rhône;9.1;15.65;12.38
2024-01-30;69;Rhône;6.05;15.1;10.58
2024-01-07;69;Rhône;3.1;3.95;3.53
2024-01-06;69;Rhône;4.25;6.95;5.6
2024-01-08;69;Rhône;-0.65;0.65;-0.0
2024-01-10;69;Rhône;-0.05;1.75;0.85
2024-01-19;69;Rhône;-1.05;0.9;-0.07
2024-01-01;69;Rhône;2.55;10.85;6.7
2024-01-04;69;Rhône;7.05;13.9;10.48
2024-01-03;69;Rhône;8.25;15.5;11.88
2024-01-25;69;Rhône;5.05;15.35;10.2
2024-01-13;69;Rhône;-3.2;0.3;-1.45
2024-01-21;69;Rhône;-4.1;9.8;2.85
2024-01-12;69;Rhône;-1.25;0.75;-0.25
2024-01-28;69;Rhône;0.95;16.45;8.7
2024-01-17;69;Rhône;1.35;13.2;7.28
2024-01-22;69;Rhône;1.0;9.45;5.22
2024-01-23;69;Rhône;3.2;13.15;8.18
2024-01-24;69;Rhône;4.55;16.85;10.7
2024-02-01;69;Rhône;3.8;9.35;6.57
2024-02-03;69;Rhône;1.7;8.7;5.2
2024-02-04;69;Rhône;4.55;5.9;5.22
2024-02-07;69;Rhône;6.85;14.1;10.48
2024-02-12;69;Rhône;3.3;10.95;7.12
2024-02-16;69;Rhône;11.15;17.65;14.4
2024-02-19;69;Rhône;8.75;12.95;10.85
2024-02-20;69;Rhône;7.95;12.05;10.0
2024-02-21;69;Rhône;3.7;15.85;9.77
2024-02-24;69;Rhône;4.7;10.95;7.82
2024-02-28;69;Rhône;6.45;9.05;7.75
2024-02-23;69;Rhône;2.85;10.6;6.72
2024-02-10;69;Rhône;6.4;9.85;8.12
2024-02-11;69;Rhône;5.1;11.5;8.3
2024-02-17;69;Rhône;9.05;10.7;9.88
2024-02-26;69;Rhône;7.95;14.7;11.32
2024-02-02;69;Rhône;6.7;11.8;9.25
2024-02-05;69;Rhône;3.6;6.25;4.93
2024-02-06;69;Rhône;1.2;8.8;5.0
2024-02-13;69;Rhône;2.7;12.75;7.72
2024-02-29;69;Rhône;1.6;12.55;7.08
2024-02-14;69;Rhône;5.6;16.0;10.8
2024-02-18;69;Rhône;8.95;13.55;11.25
2024-02-25;69;Rhône;4.95;11.1;8.02
2024-02-27;69;Rhône;4.3;10.65;7.48
2024-02-08;69;Rhône;9.1;15.4;12.25
2024-02-09;69;Rhône;10.45;13.6;12.02
2024-02-15;69;Rhône;5.3;17.05;11.18
2024-02-22;69;Rhône;9.35;13.3;11.32
2024-03-01;69;Rhône;5.2;12.9;9.05
2024-03-11;69;Rhône;5.1;10.35;7.72
2024-03-05;69;Rhône;2.75;10.15;6.45
2024-03-12;69;Rhône;5.3;12.95;9.12
2024-03-15;69;Rhône;8.05;19.05;13.55
2024-03-16;69;Rhône;9.45;17.0;13.22
2024-03-29;69;Rhône;12.7;20.3;16.5
2024-03-30;69;Rhône;9.3;17.15;13.22
2024-03-31;69;Rhône;9.4;17.4;13.4
2024-03-09;69;Rhône;5.7;15.3;10.5
2024-03-10;69;Rhône;5.8;14.05;9.93
2024-03-13;69;Rhône;8.0;15.75;11.88
2024-03-03;69;Rhône;1.95;10.1;6.02
2024-03-04;69;Rhône;3.75;8.55;6.15
2024-03-24;69;Rhône;5.7;11.85;8.78
2024-03-26;69;Rhône;9.8;13.7;11.75
2024-03-27;69;Rhône;1.95;11.75;6.85
2024-03-14;69;Rhône;5.05;19.0;12.02
2024-03-19;69;Rhône;5.85;18.75;12.3
2024-03-21;69;Rhône;9.6;21.9;15.75
2024-03-25;69;Rhône;0.25;15.0;7.62
2024-03-18;69;Rhône;11.9;18.4;15.15
2024-03-20;69;Rhône;6.7;22.05;14.38
2024-03-02;69;Rhône;7.35;14.9;11.12
2024-03-08;69;Rhône;5.0;12.95;8.98
2024-03-06;69;Rhône;3.4;10.35;6.88
2024-03-07;69;Rhône;-0.3;14.55;7.12
2024-03-17;69;Rhône;7.8;17.3;12.55
2024-03-22;69;Rhône;9.75;23.45;16.6
2024-03-23;69;Rhône;9.7;13.5;11.6
2024-03-28;69;Rhône;8.35;16.75;12.55
2024-04-26;69;Rhône;9.1;15.45;12.27
2024-04-27;69;Rhône;9.85;20.85;15.35
2024-04-09;69;Rhône;7.0;12.75;9.88
2024-04-14;69;Rhône;10.75;29.3;20.02
2024-04-18;69;Rhône;4.2;10.2;7.2
2024-04-30;69;Rhône;11.15;18.2;14.68
2024-04-29;69;Rhône;9.35;14.4;11.88
2024-04-01;69;Rhône;8.6;15.75;12.18
2024-04-05;69;Rhône;13.6;21.75;17.67
2024-04-03;69;Rhône;9.7;17.35;13.52
2024-04-04;69;Rhône;7.95;21.45;14.7
2024-04-06;69;Rhône;14.85;23.4;19.12
2024-04-07;69;Rhône;16.7;22.45;19.58
2024-04-12;69;Rhône;6.2;21.25;13.72
2024-04-13;69;Rhône;8.95;26.75;17.85
2024-04-17;69;Rhône;5.25;11.6;8.43
2024-04-20;69;Rhône;5.55;11.55;8.55
2024-04-21;69;Rhône;3.1;9.35;6.22
2024-04-22;69;Rhône;2.45;9.8;6.12
2024-04-25;69;Rhône;4.15;15.55;9.85
2024-04-23;69;Rhône;2.5;11.35;6.93
2024-04-28;69;Rhône;10.25;11.2;10.73
2024-04-02;69;Rhône;7.3;16.9;12.1
2024-04-08;69;Rhône;15.75;24.6;20.18
2024-04-10;69;Rhône;5.6;13.8;9.7
2024-04-11;69;Rhône;5.5;17.55;11.52
2024-04-15;69;Rhône;16.15;22.8;19.48
2024-04-16;69;Rhône;7.4;13.0;10.2
2024-04-19;69;Rhône;1.6;14.9;8.25
2024-04-24;69;Rhône;2.5;10.7;6.6
2024-05-05;69;Rhône;12.6;21.75;17.17
2024-05-04;69;Rhône;6.9;18.85;12.88
2024-05-08;69;Rhône;11.55;19.8;15.68
2024-05-10;69;Rhône;10.0;25.2;17.6
2024-05-14;69;Rhône;14.2;17.8;16.0
2024-05-17;69;Rhône;8.65;21.35;15.0
2024-05-20;69;Rhône;11.5;24.3;17.9
2024-05-16;69;Rhône;11.0;16.8;13.9
2024-05-22;69;Rhône;13.8;21.55;17.68
2024-05-21;69;Rhône;11.5;21.3;16.4
2024-05-24;69;Rhône;11.5;20.65;16.08
2024-05-31;69;Rhône;11.1;18.65;14.88
2024-05-28;69;Rhône;10.75;22.0;16.38
2024-05-29;69;Rhône;12.55;21.8;17.18
2024-05-01;69;Rhône;9.85;19.5;14.68
2024-05-03;69;Rhône;8.7;17.05;12.88
2024-05-06;69;Rhône;11.2;14.1;12.65
2024-05-11;69;Rhône;12.5;27.1;19.8
2024-05-13;69;Rhône;14.45;24.9;19.68
2024-05-18;69;Rhône;11.15;19.65;15.4
2024-05-19;69;Rhône;9.35;23.55;16.45
2024-05-15;69;Rhône;12.2;18.25;15.22
2024-05-25;69;Rhône;10.0;23.05;16.52
2024-05-26;69;Rhône;14.0;25.05;19.52
2024-05-02;69;Rhône;9.65;11.15;10.4
2024-05-07;69;Rhône;10.0;16.6;13.3
2024-05-09;69;Rhône;9.6;20.8;15.2
2024-05-12;69;Rhône;13.1;25.25;19.17
2024-05-23;69;Rhône;11.85;19.9;15.88
2024-05-27;69;Rhône;15.3;20.2;17.75
2024-05-30;69;Rhône;14.75;20.85;17.8
2024-06-26;69;Rhône;17.95;30.2;24.08
2024-06-07;69;Rhône;16.55;26.95;21.75
2024-06-08;69;Rhône;16.65;28.95;22.8
2024-06-10;69;Rhône;13.4;23.45;18.42
2024-06-12;69;Rhône;9.15;21.25;15.2
2024-06-09;69;Rhône;17.5;23.95;20.72
2024-06-13;69;Rhône;9.55;23.55;16.55
2024-06-19;69;Rhône;18.6;29.65;24.12
2024-06-01;69;Rhône;12.2;20.1;16.15
2024-06-23;69;Rhône;14.35;22.15;18.25
2024-06-28;69;Rhône;19.75;32.7;26.22
2024-06-30;69;Rhône;18.8;22.55;20.68
2024-06-16;69;Rhône;12.45;25.5;18.98
2024-06-18;69;Rhône;17.55;30.85;24.2
2024-06-22;69;Rhône;14.6;22.35;18.48
2024-06-24;69;Rhône;15.0;26.8;20.9
2024-06-29;69;Rhône;20.7;30.0;25.35
2024-06-02;69;Rhône;12.8;16.55;14.68
2024-06-05;69;Rhône;14.8;27.15;20.98
2024-06-06;69;Rhône;15.85;25.8;20.83
2024-06-11;69;Rhône;12.3;19.45;15.88
2024-06-14;69;Rhône;14.15;23.95;19.05
2024-06-21;69;Rhône;17.65;24.75;21.2
2024-06-25;69;Rhône;17.05;29.7;23.38
2024-06-15;69;Rhône;13.3;22.7;18.0
2024-06-17;69;Rhône;17.65;28.35;23.0
2024-06-20;69;Rhône;18.65;23.9;21.28
2024-06-27;69;Rhône;20.0;31.75;25.88
2024-06-03;69;Rhône;14.3;18.65;16.48
2024-06-04;69;Rhône;12.95;23.9;18.42
2024-07-31;69;Rhône;22.8;36.5;29.65
2024-07-07;69;Rhône;14.9;23.85;19.38
2024-07-03;69;Rhône;13.0;21.5;17.25
2024-07-12;69;Rhône;19.55;28.35;23.95
2024-07-05;69;Rhône;14.85;29.95;22.4
2024-07-09;69;Rhône;18.75;32.1;25.42
2024-07-19;69;Rhône;16.9;30.75;23.82
2024-07-10;69;Rhône;20.25;28.65;24.45
2024-07-13;69;Rhône;12.55;23.8;18.18
2024-07-20;69;Rhône;18.15;34.3;26.22
2024-07-21;69;Rhône;18.6;26.55;22.58
2024-07-28;69;Rhône;20.0;29.95;24.98
2024-07-29;69;Rhône;18.75;33.95;26.35
2024-07-30;69;Rhône;21.45;37.75;29.6
2024-08-05;69;Rhône;17.35;29.95;23.65
2024-08-07;69;Rhône;22.2;32.0;27.1
2024-08-10;69;Rhône;18.15;32.35;25.25
2024-08-12;69;Rhône;22.95;37.15;30.05
2024-08-17;69;Rhône;20.95;29.45;25.2
2024-08-04;69;Rhône;18.05;28.15;23.1
2024-08-06;69;Rhône;17.35;33.4;25.38
2024-08-16;69;Rhône;20.35;29.9;25.12
2024-08-31;69;Rhône;20.25;34.3;27.28
2024-08-18;69;Rhône;16.5;21.25;18.88
2024-08-21;69;Rhône;18.4;23.95;21.17
2024-07-04;69;Rhône;15.85;26.65;21.25
2024-07-14;69;Rhône;12.6;29.7;21.15
2024-07-23;69;Rhône;16.4;28.05;22.22
2024-07-24;69;Rhône;18.05;26.95;22.5
2024-07-26;69;Rhône;16.05;31.2;23.62
2024-07-08;69;Rhône;12.55;30.6;21.58
2024-07-11;69;Rhône;20.05;30.05;25.05
2024-07-15;69;Rhône;19.1;30.6;24.85
2024-07-16;69;Rhône;18.9;27.65;23.28
2024-07-01;69;Rhône;17.1;26.6;21.85
2024-07-02;69;Rhône;15.3;21.9;18.6
2024-07-06;69;Rhône;16.8;25.8;21.3
2024-08-01;69;Rhône;22.9;32.1;27.5
2024-07-17;69;Rhône;15.6;27.5;21.55
2024-08-02;69;Rhône;20.85;31.9;26.38
2024-07-18;69;Rhône;15.9;31.3;23.6
2024-08-09;69;Rhône;16.85;31.7;24.28
2024-07-22;69;Rhône;18.85;26.55;22.7
2024-08-11;69;Rhône;19.7;37.15;28.42
2024-08-14;69;Rhône;18.85;28.45;23.65
2024-08-15;69;Rhône;19.15;29.5;24.33
2024-07-25;69;Rhône;15.75;28.55;22.15
2024-07-27;69;Rhône;18.75;34.45;26.6
2024-08-22;69;Rhône;11.3;27.55;19.42
2024-08-26;69;Rhône;12.6;24.4;18.5
2024-08-03;69;Rhône;19.4;29.5;24.45
2024-09-12;69;Rhône;10.15;15.65;12.9
2024-09-13;69;Rhône;6.95;16.15;11.55
2024-09-01;69;Rhône;19.45;30.0;24.72
2024-09-02;69;Rhône;18.2;29.6;23.9
2024-08-28;69;Rhône;17.3;33.8;25.55
2024-09-15;69;Rhône;6.3;18.55;12.42
2024-09-03;69;Rhône;18.3;32.0;25.15
2024-09-04;69;Rhône;19.35;23.45;21.4
2024-09-07;69;Rhône;15.95;31.55;23.75
2024-09-20;69;Rhône;14.2;24.9;19.55
2024-09-09;69;Rhône;14.35;19.55;16.95
2024-09-24;69;Rhône;13.85;19.8;16.82
2024-09-25;69;Rhône;13.85;20.5;17.18
2024-08-20;69;Rhône;14.95;27.25;21.1
2024-09-29;69;Rhône;4.65;18.4;11.52
2024-09-17;69;Rhône;12.45;18.9;15.68
2024-08-25;69;Rhône;15.75;23.75;19.75
2024-09-19;69;Rhône;9.7;23.45;16.58
2024-08-08;69;Rhône;20.85;29.35;25.1
2024-08-13;69;Rhône;22.05;35.8;28.92
2024-08-19;69;Rhône;15.25;25.55;20.4
2024-08-23;69;Rhône;13.8;32.6;23.2
2024-08-24;69;Rhône;17.95;32.45;25.2
2024-08-27;69;Rhône;12.4;27.35;19.88
2024-08-29;69;Rhône;19.6;34.8;27.2
2024-08-30;69;Rhône;19.45;33.8;26.62
2024-09-06;69;Rhône;12.35;25.3;18.82
2024-09-18;69;Rhône;9.0;21.6;15.3
2024-09-23;69;Rhône;14.5;21.95;18.23
2024-09-28;69;Rhône;11.55;15.6;13.58
2024-09-08;69;Rhône;15.15;20.25;17.7
2024-09-14;69;Rhône;7.65;17.55;12.6
2024-09-21;69;Rhône;13.85;25.55;19.7
2024-09-22;69;Rhône;15.7;19.6;17.65
2024-09-26;69;Rhône;16.1;17.7;16.9
2024-09-05;69;Rhône;15.85;19.3;17.58
2024-09-10;69;Rhône;13.25;20.3;16.77
2024-09-11;69;Rhône;10.35;19.25;14.8
2024-09-16;69;Rhône;9.25;19.85;14.55
2024-09-27;69;Rhône;14.65;20.45;17.55
2024-09-30;69;Rhône;14.85;21.85;18.35
2024-10-02;69;Rhône;10.55;17.05;13.8
2024-10-06;69;Rhône;7.15;18.65;12.9
2024-10-07;69;Rhône;15.0;22.4;18.7
2024-10-10;69;Rhône;12.0;18.25;15.12
2024-10-09;69;Rhône;12.45;23.5;17.98
2024-10-11;69;Rhône;8.45;18.3;13.38
2024-10-14;69;Rhône;12.3;23.45;17.88
2024-10-25;69;Rhône;14.35;23.4;18.88
2024-10-22;69;Rhône;15.6;19.25;17.42
2024-10-27;69;Rhône;11.6;20.55;16.08
2024-10-28;69;Rhône;11.7;22.15;16.92
2024-10-16;69;Rhône;17.45;24.35;20.9
2024-10-17;69;Rhône;15.7;20.4;18.05
2024-10-19;69;Rhône;13.65;20.0;16.82
2024-10-05;69;Rhône;8.45;15.35;11.9
2024-10-08;69;Rhône;13.95;18.85;16.4
2024-10-13;69;Rhône;14.95;23.1;19.02
2024-10-15;69;Rhône;14.65;25.4;20.02
2024-10-20;69;Rhône;8.85;21.1;14.98
2024-10-29;69;Rhône;9.25;20.85;15.05
2024-10-04;69;Rhône;9.35;15.6;12.48
2024-10-12;69;Rhône;6.8;17.8;12.3
2024-10-18;69;Rhône;13.1;19.7;16.4
2024-10-21;69;Rhône;9.65;24.0;16.82
2024-10-24;69;Rhône;9.15;20.3;14.72
2024-10-26;69;Rhône;11.85;18.25;15.05
2024-10-31;69;Rhône;11.55;13.75;12.65
2024-10-01;69;Rhône;15.15;20.25;17.7
2024-10-03;69;Rhône;11.25;16.65;13.95
2024-10-30;69;Rhône;11.15;14.65;12.9
2024-10-23;69;Rhône;12.05;18.15;15.1
2024-11-24;69;Rhône;9.25;16.65;12.95
2024-11-29;69;Rhône;3.45;4.8;4.12
2024-11-30;69;Rhône;-0.8;6.8;3.0
2024-11-10;69;Rhône;8.3;11.6;9.95
2024-11-11;69;Rhône;7.15;8.8;7.98
2024-11-13;69;Rhône;3.2;6.5;4.85
2024-11-16;69;Rhône;-0.3;8.9;4.3
2024-11-12;69;Rhône;5.9;9.05;7.48
2024-11-15;69;Rhône;1.1;9.85;5.48
2024-11-02;69;Rhône;8.7;10.1;9.4
2024-11-25;69;Rhône;14.15;18.6;16.38
2024-11-17;69;Rhône;1.25;9.2;5.22
2024-11-09;69;Rhône;8.2;17.35;12.78
2024-11-22;69;Rhône;-0.05;4.35;2.15
2024-11-05;69;Rhône;7.1;19.9;13.5
2024-11-06;69;Rhône;8.95;14.5;11.72
2024-11-28;69;Rhône;5.45;11.2;8.32
2024-11-07;69;Rhône;11.0;16.05;13.52
2024-11-03;69;Rhône;9.0;14.9;11.95
2024-11-19;69;Rhône;4.75;13.1;8.93
2024-11-14;69;Rhône;3.45;7.45;5.45
2024-11-08;69;Rhône;7.8;15.7;11.75
2024-11-18;69;Rhône;4.2;10.05;7.12
2024-11-20;69;Rhône;4.9;7.9;6.4
2024-11-21;69;Rhône;0.4;11.8;6.1
2024-11-23;69;Rhône;-2.65;13.35;5.35
2024-11-26;69;Rhône;5.7;15.15;10.42
2024-11-01;69;Rhône;9.85;19.15;14.5
2024-11-04;69;Rhône;6.45;15.45;10.95
2024-11-27;69;Rhône;3.5;14.75;9.12
